{"type":"FeatureCollection","features":[{"type":"Feature","properties":{"id":"way/16010760","highway":"residential","maxspeed":"25 mph","maxweightrating:hgv":"7 st","name":"East Garfield Street","tiger:cfcc":"A41","tiger:county":"Scott, IA","tiger:name_base":"Garfield","tiger:name_direction_prefix":"E","tiger:name_type":"St","tiger:reviewed":"no","tiger:zip_left":"52803","tiger:zip_right":"52803"},"geometry":{"type":"LineString","coordinates":[[-90.573229,41.548617],[-90.572532,41.548612],[-90.571833,41.548607],[-90.571314,41.548603],[-90.571137,41.548613]]}},{"type":"Feature","properties":{"id":"way/16010763","highway":"residential","maxspeed":"25 mph","name":"East Garfield Street","surface":"concrete","tiger:cfcc":"A41","tiger:county":"Scott, IA","tiger:name_base":"Garfield","tiger:name_direction_prefix":"E","tiger:name_type":"St","tiger:reviewed":"no","tiger:separated":"no","tiger:source":"tiger_import_dch_v0.6_20070810","tiger:tlid":"122709341:122709352:122709522","tiger:upload_uuid":"bulk_upload.pl-651ea7f4-3bc6-4759-8e6f-67fe900f82a8","tiger:zip_left":"52803","tiger:zip_right":"52803"},"geometry":{"type":"LineString","coordinates":[[-90.5417867,41.5470159],[-90.5400105,41.547018],[-90.536932,41.547051],[-90.534823,41.547063],[-90.534024,41.547054]]}},{"type":"Feature","properties":{"id":"way/16010766","highway":"residential","lanes":"2","maxspeed":"25 mph","name":"East Garfield Street","oneway":"no","tiger:cfcc":"A41","tiger:county":"Scott, IA","tiger:name_base":"Garfield","tiger:name_direction_prefix":"E","tiger:name_type":"St","tiger:reviewed":"no","tiger:zip_left":"52803","tiger:zip_right":"52803"},"geometry":{"type":"LineString","coordinates":[[-90.571292,41.548185],[-90.570796,41.548186],[-90.570664,41.548186],[-90.570016,41.548187],[-90.569375,41.548187],[-90.568878,41.548188],[-90.5684005,41.5481884],[-90.567711,41.548189],[-90.5670479,41.548183],[-90.5664,41.548183],[-90.565809,41.548183],[-90.565211,41.548185],[-90.564604,41.54819],[-90.564005,41.548195],[-90.563402,41.548194],[-90.562791,41.548188],[-90.56219,41.548199],[-90.5616329,41.5481959],[-90.5610357,41.548195],[-90.5604237,41.5482014],[-90.5598187,41.5482054],[-90.557946,41.548219],[-90.557396,41.548222],[-90.556902,41.54823],[-90.556363,41.548239],[-90.5558428,41.5482351]]}},{"type":"Feature","properties":{"id":"way/16010784","highway":"secondary","lanes":"4","maxspeed":"30 mph","maxweightrating:hgv":"7 st","name":"West Central Park Avenue","surface":"asphalt"},"geometry":{"type":"LineString","coordinates":[[-90.576951,41.545529],[-90.5772487,41.5455259],[-90.5778144,41.54552],[-90.5785246,41.5455187],[-90.5792144,41.5455169],[-90.5798478,41.5455158],[-90.580442,41.5455192],[-90.5810393,41.5455178],[-90.5815988,41.5455165],[-90.582308,41.545526],[-90.5827853,41.54552],[-90.583006,41.545523],[-90.5835958,41.545521],[-90.583627,41.545521],[-90.584177,41.545519],[-90.584751,41.545519],[-90.5853814,41.545519],[-90.585964,41.545519],[-90.586483,41.545519],[-90.5865547,41.5455188],[-90.5876661,41.5455155],[-90.588213,41.54552],[-90.588793,41.545518],[-90.589044,41.545517],[-90.589383,41.545515],[-90.59,41.545513],[-90.59059,41.54551],[-90.591233,41.545512]]}},{"type":"Feature","properties":{"id":"way/16010885","highway":"service","service":"alley"},"geometry":{"type":"LineString","coordinates":[[-90.589139,41.529396],[-90.587372,41.529385]]}},{"type":"Feature","properties":{"id":"way/16010893","highway":"service","service":"alley"},"geometry":{"type":"LineString","coordinates":[[-90.589818,41.529915],[-90.589823,41.529389],[-90.589828,41.528868]]}},{"type":"Feature","properties":{"id":"way/16010897","highway":"service","service":"parking_aisle","surface":"asphalt"},"geometry":{"type":"LineString","coordinates":[[-90.5720566,41.5293253],[-90.5720653,41.5288813],[-90.5723454,41.5288865],[-90.5723474,41.5291728],[-90.5726268,41.5291755]]}},{"type":"Feature","properties":{"id":"way/16010904","highway":"service","service":"alley","tiger:cfcc":"A41","tiger:county":"Scott, IA","tiger:reviewed":"no"},"geometry":{"type":"LineString","coordinates":[[-90.5778394,41.5340588],[-90.5778348,41.5332432],[-90.5778335,41.5330127],[-90.577838,41.5319702],[-90.577831,41.530932],[-90.577834,41.529893],[-90.57783,41.528878],[-90.5778437,41.5281919],[-90.5778505,41.5278531]]}},{"type":"Feature","properties":{"id":"way/16010921","highway":"service","surface":"asphalt"},"geometry":{"type":"LineString","coordinates":[[-90.58904,41.528861],[-90.5891552,41.5286992],[-90.5892258,41.5286494],[-90.5893782,41.5285318],[-90.5894368,41.5284046],[-90.5894285,41.5283159],[-90.5893776,41.5282877],[-90.5891506,41.5282707]]}},{"type":"Feature","properties":{"id":"way/16010924","highway":"service","service":"alley"},"geometry":{"type":"LineString","coordinates":[[-90.587396,41.528348],[-90.5858803,41.5283493],[-90.584971,41.528353],[-90.584741,41.528337],[-90.584381,41.528338],[-90.582925,41.5283391]]}},{"type":"Feature","properties":{"id":"way/16010926","highway":"service","service":"alley","surface":"asphalt"},"geometry":{"type":"LineString","coordinates":[[-90.572614,41.52815],[-90.5727593,41.5281491],[-90.5728975,41.5281483],[-90.5732341,41.5281463],[-90.5735051,41.5281499],[-90.5739554,41.5281559],[-90.574036,41.528157]]}},{"type":"Feature","properties":{"id":"way/16010972","highway":"service","tiger:cfcc":"A41","tiger:county":"Scott, IA","tiger:reviewed":"no","tiger:separated":"no","tiger:source":"tiger_import_dch_v0.6_20070810","tiger:tlid":"122744644:122744578:122744533:122744611:122744646:122744667","tiger:upload_uuid":"bulk_upload.pl-651ea7f4-3bc6-4759-8e6f-67fe900f82a8"},"geometry":{"type":"LineString","coordinates":[[-90.548581,41.548276],[-90.548376,41.548581],[-90.548308,41.548668],[-90.548234,41.548731],[-90.54814,41.548772],[-90.548007,41.548784],[-90.547405,41.548785],[-90.547097,41.548807],[-90.546924,41.548804],[-90.546598,41.548797],[-90.546445,41.548786],[-90.546395,41.548775],[-90.546344,41.548763],[-90.546033,41.548619],[-90.545829,41.548601],[-90.545627,41.548546],[-90.545526,41.548508],[-90.545458,41.54842],[-90.545421,41.548319],[-90.545416,41.548002],[-90.545411,41.547771],[-90.545375,41.547641],[-90.545326,41.547596],[-90.545206,41.547529],[-90.544905,41.547393],[-90.544388,41.547195]]}},{"type":"Feature","properties":{"id":"way/16010975","highway":"service","tiger:cfcc":"A41","tiger:county":"Scott, IA","tiger:reviewed":"no","tiger:separated":"no","tiger:source":"tiger_import_dch_v0.6_20070810","tiger:tlid":"122744645:122744628:122744595","tiger:upload_uuid":"bulk_upload.pl-651ea7f4-3bc6-4759-8e6f-67fe900f82a8"},"geometry":{"type":"LineString","coordinates":[[-90.546222,41.544744],[-90.546099,41.544777],[-90.545608,41.544788],[-90.544949,41.54468],[-90.544877,41.544679],[-90.544671,41.545012],[-90.544569,41.545207],[-90.544513,41.54535],[-90.544465,41.545521],[-90.544451,41.545643],[-90.544454,41.545736],[-90.544431,41.545902],[-90.544388,41.547195],[-90.54437,41.547777],[-90.544386,41.547893],[-90.544383,41.547937],[-90.544473,41.547968],[-90.544595,41.547992],[-90.545416,41.548002]]}},{"type":"Feature","properties":{"id":"way/16011000","highway":"service","tiger:cfcc":"A41","tiger:county":"Scott, IA","tiger:reviewed":"no","tiger:separated":"no","tiger:source":"tiger_import_dch_v0.6_20070810","tiger:tlid":"122744648:122744614:122744580:122744653:122744669","tiger:upload_uuid":"bulk_upload.pl-651ea7f4-3bc6-4759-8e6f-67fe900f82a8"},"geometry":{"type":"LineString","coordinates":[[-90.547018,41.546324],[-90.547026,41.546388],[-90.547074,41.546461],[-90.547121,41.546556],[-90.547108,41.546649],[-90.547116,41.546692],[-90.547181,41.546881],[-90.547084,41.546994],[-90.546997,41.547143],[-90.546908,41.547335],[-90.546904,41.547372],[-90.546868,41.547593],[-90.546879,41.547845],[-90.546935,41.547962],[-90.546966,41.548005],[-90.54695,41.548121],[-90.546924,41.548804]]}},{"type":"Feature","properties":{"id":"way/16011011","highway":"service","tiger:cfcc":"A41","tiger:county":"Scott, IA","tiger:reviewed":"no","tiger:separated":"no","tiger:source":"tiger_import_dch_v0.6_20070810","tiger:tlid":"122744649:122744579:122744612:122744617:122744618","tiger:upload_uuid":"bulk_upload.pl-651ea7f4-3bc6-4759-8e6f-67fe900f82a8"},"geometry":{"type":"LineString","coordinates":[[-90.548317,41.54835],[-90.548295,41.548179],[-90.548267,41.54812],[-90.548217,41.548083],[-90.548101,41.548077],[-90.548011,41.548129],[-90.547726,41.548123],[-90.547584,41.548092],[-90.547464,41.548039],[-90.547395,41.547964],[-90.547288,41.547811],[-90.547272,41.547703],[-90.547277,41.547573],[-90.547292,41.547509],[-90.547301,41.547466],[-90.547403,41.547202],[-90.54726,41.546954],[-90.547253,41.546923],[-90.547181,41.546881]]}},{"type":"Feature","properties":{"id":"way/16011084","highway":"service","service":"alley","tiger:cfcc":"A41","tiger:county":"Scott, IA","tiger:reviewed":"no"},"geometry":{"type":"LineString","coordinates":[[-90.5625364,41.5324612],[-90.563589,41.53247],[-90.563963,41.532477],[-90.564839,41.532473],[-90.566046,41.532487]]}},{"type":"Feature","properties":{"id":"way/16011085","highway":"service","service":"alley","tiger:cfcc":"A41","tiger:county":"Scott, IA","tiger:reviewed":"no"},"geometry":{"type":"LineString","coordinates":[[-90.5660608,41.5319601],[-90.566046,41.532487],[-90.566046,41.532638]]}},{"type":"Feature","properties":{"id":"way/16011094","highway":"service","oneway":"yes","service":"drive-through","tiger:cfcc":"A41","tiger:county":"Scott, IA","tiger:reviewed":"no"},"geometry":{"type":"LineString","coordinates":[[-90.5417809,41.5476634],[-90.5414025,41.547656],[-90.5413079,41.5476604],[-90.5412491,41.5476708],[-90.5411992,41.5477027],[-90.5411641,41.5477424],[-90.5411474,41.5478033],[-90.5411455,41.5478717],[-90.5411345,41.5486154],[-90.5411476,41.5486575],[-90.5411664,41.5486938],[-90.5412016,41.5487245],[-90.5412684,41.5487551],[-90.541396,41.5487564],[-90.541777,41.5487578]]}},{"type":"Feature","properties":{"id":"way/16011095","highway":"service","service":"parking_aisle","tiger:cfcc":"A41","tiger:county":"Scott, IA","tiger:reviewed":"no"},"geometry":{"type":"LineString","coordinates":[[-90.5414025,41.547656],[-90.541396,41.5487564]]}},{"type":"Feature","properties":{"id":"way/16011096","highway":"service","tiger:cfcc":"A41","tiger:county":"Scott, IA","tiger:reviewed":"no","tiger:separated":"no","tiger:source":"tiger_import_dch_v0.6_20070810","tiger:tlid":"122742389:122738083","tiger:upload_uuid":"bulk_upload.pl-651ea7f4-3bc6-4759-8e6f-67fe900f82a8"},"geometry":{"type":"LineString","coordinates":[[-90.541622,41.540332],[-90.541651,41.540237],[-90.541724,41.540015],[-90.541473,41.539643]]}},{"type":"Feature","properties":{"id":"way/16011111","highway":"service","service":"alley"},"geometry":{"type":"LineString","coordinates":[[-90.593105,41.540675],[-90.593114,41.54007],[-90.593122,41.539469]]}},{"type":"Feature","properties":{"id":"way/16011324","highway":"service","tiger:cfcc":"A41","tiger:county":"Scott, IA","tiger:reviewed":"no"},"geometry":{"type":"LineString","coordinates":[[-90.5733203,41.5455185],[-90.5733198,41.5454318],[-90.573307,41.545238]]}},{"type":"Feature","properties":{"id":"way/16011329","highway":"service","surface":"asphalt"},"geometry":{"type":"LineString","coordinates":[[-90.5876661,41.5455155],[-90.5876808,41.5456078],[-90.5880632,41.5458931],[-90.5881938,41.5459557]]}},{"type":"Feature","properties":{"id":"way/16011337","highway":"service","surface":"asphalt"},"geometry":{"type":"LineString","coordinates":[[-90.589044,41.545517],[-90.5890587,41.5456283],[-90.5889882,41.5459854]]}},{"type":"Feature","properties":{"id":"way/16011343","highway":"service","service":"alley"},"geometry":{"type":"LineString","coordinates":[[-90.588213,41.54552],[-90.5882133,41.5454368],[-90.588215,41.544909],[-90.5882159,41.5443112],[-90.588216,41.544271],[-90.588223,41.544232]]}},{"type":"Feature","properties":{"id":"way/16011354","highway":"service","service":"alley","tiger:cfcc":"A41","tiger:county":"Scott, IA","tiger:reviewed":"no"},"geometry":{"type":"LineString","coordinates":[[-90.57009,41.543138],[-90.5701153,41.54428],[-90.570081,41.546051],[-90.570029,41.54721],[-90.570016,41.548187],[-90.5700289,41.5491648]]}},{"type":"Feature","properties":{"id":"way/16011362","highway":"service","tiger:cfcc":"A41","tiger:county":"Scott, IA","tiger:reviewed":"no"},"geometry":{"type":"LineString","coordinates":[[-90.575776,41.54552],[-90.5757863,41.5454365],[-90.575796,41.545358],[-90.575862,41.545333],[-90.576103,41.545327],[-90.576331,41.545271],[-90.576517,41.545177],[-90.576644,41.545077],[-90.5767399,41.5449369],[-90.576777,41.544808],[-90.576783,41.544668],[-90.57673,41.544509],[-90.576638,41.544357]]}},{"type":"Feature","properties":{"id":"way/16011364","highway":"service","service":"alley","tiger:cfcc":"A41","tiger:county":"Scott, IA","tiger:reviewed":"no"},"geometry":{"type":"LineString","coordinates":[[-90.5778144,41.54552],[-90.5778112,41.5442935]]}},{"type":"Feature","properties":{"id":"way/16011371","highway":"service","service":"alley"},"geometry":{"type":"LineString","coordinates":[[-90.5803945,41.5478504],[-90.5804205,41.546685],[-90.580442,41.5455192],[-90.580433,41.544295],[-90.580452,41.543074],[-90.5804875,41.5418642]]}},{"type":"Feature","properties":{"id":"way/16011511","highway":"service"},"geometry":{"type":"LineString","coordinates":[[-90.5909056,41.5189431],[-90.591016,41.5189423],[-90.591737,41.518941],[-90.591905,41.518911],[-90.591994,41.518825],[-90.592029,41.518724],[-90.59203,41.518407],[-90.592046,41.518286],[-90.592134,41.518224],[-90.592253,41.5182],[-90.592559,41.518182],[-90.592925,41.518161],[-90.593101,41.518164],[-90.593219,41.518167],[-90.593533,41.518098],[-90.593801,41.517986],[-90.593956,41.517845],[-90.594058,41.517711],[-90.594183,41.517517],[-90.594304,41.517293],[-90.594376,41.517234],[-90.594595,41.517114],[-90.59484,41.517021],[-90.595091,41.516898],[-90.595267,41.516788],[-90.59543,41.516576],[-90.596103,41.515482],[-90.596476,41.514972],[-90.59666,41.51479],[-90.596816,41.5146746],[-90.5969504,41.5145936],[-90.5970447,41.5145501],[-90.5971407,41.5145137],[-90.59754,41.514355],[-90.598522,41.514043],[-90.598761,41.513954],[-90.599862,41.513663],[-90.60055,41.513466],[-90.601026,41.513355],[-90.601405,41.513249],[-90.601804,41.513204],[-90.602491,41.513192],[-90.6027,41.513197],[-90.6029679,41.5132236]]}},{"type":"Feature","properties":{"id":"way/16011514","highway":"service","service":"alley"},"geometry":{"type":"LineString","coordinates":[[-90.564024,41.5459383],[-90.5640141,41.5470848],[-90.564005,41.548195],[-90.5639927,41.5491829],[-90.563972,41.550996],[-90.563932,41.552798]]}},{"type":"Feature","properties":{"id":"way/16011745","highway":"service","tiger:cfcc":"A41","tiger:county":"Scott, IA","tiger:reviewed":"no"},"geometry":{"type":"LineString","coordinates":[[-90.558334,41.526802],[-90.558258,41.526697],[-90.5582444,41.5265177],[-90.5582395,41.5264545],[-90.5582313,41.5263465],[-90.5582282,41.5263054],[-90.5581988,41.5262039]]}},{"type":"Feature","properties":{"id":"way/16011748","highway":"service","service":"driveway"},"geometry":{"type":"LineString","coordinates":[[-90.5915264,41.5299073],[-90.591727,41.529913],[-90.591886,41.529973],[-90.592017,41.530047],[-90.592116,41.530132],[-90.592183,41.530209],[-90.592249,41.530309],[-90.592367,41.53044],[-90.592488,41.530518],[-90.592605,41.530543],[-90.592718,41.530538],[-90.592837,41.530499],[-90.592898,41.530459],[-90.592943,41.530388],[-90.592973,41.530313],[-90.592977,41.530207]]}},{"type":"Feature","properties":{"id":"way/16011753","highway":"service","service":"alley","tiger:cfcc":"A41","tiger:county":"Scott, IA","tiger:reviewed":"no"},"geometry":{"type":"LineString","coordinates":[[-90.5755616,41.5262704],[-90.5743703,41.5262769],[-90.5740627,41.5262786]]}},{"type":"Feature","properties":{"id":"way/16011766","highway":"service","service":"alley","tiger:cfcc":"A41","tiger:county":"Scott, IA","tiger:reviewed":"no"},"geometry":{"type":"LineString","coordinates":[[-90.5660413,41.5276377],[-90.5660327,41.5267582],[-90.5660032,41.5257756]]}},{"type":"Feature","properties":{"id":"way/16011777","highway":"service","service":"alley","tiger:cfcc":"A41","tiger:county":"Scott, IA","tiger:reviewed":"no"},"geometry":{"type":"LineString","coordinates":[[-90.566145,41.525202],[-90.56425,41.526003],[-90.563656,41.526245],[-90.5615371,41.5271184],[-90.5614651,41.5271279],[-90.5602314,41.527137]]}},{"type":"Feature","properties":{"id":"way/16011785","highway":"service","service":"parking_aisle","tiger:cfcc":"A41","tiger:county":"Scott, IA","tiger:reviewed":"no"},"geometry":{"type":"LineString","coordinates":[[-90.5648743,41.522436],[-90.5653975,41.5221554],[-90.5654379,41.5221338]]}},{"type":"Feature","properties":{"id":"way/16011936","highway":"service","service":"alley","tiger:cfcc":"A41","tiger:county":"Scott, IA","tiger:reviewed":"no"},"geometry":{"type":"LineString","coordinates":[[-90.5815473,41.548253],[-90.5797938,41.5482489],[-90.5784309,41.5482399],[-90.5774356,41.5482429]]}},{"type":"Feature","properties":{"id":"way/16011941","highway":"service","service":"alley","tiger:cfcc":"A41","tiger:county":"Scott, IA","tiger:reviewed":"no"},"geometry":{"type":"LineString","coordinates":[[-90.5774056,41.5486345],[-90.5774356,41.5482429],[-90.5774672,41.5478424],[-90.5774979,41.5474512],[-90.5775381,41.5469392]]}},{"type":"Feature","properties":{"id":"way/16011947","highway":"service","service":"alley","tiger:cfcc":"A41","tiger:county":"Scott, IA","tiger:reviewed":"no"},"geometry":{"type":"LineString","coordinates":[[-90.572457,41.552754],[-90.572499,41.550666],[-90.5725137,41.5496641],[-90.572532,41.548612],[-90.572555,41.547628],[-90.572578,41.546668]]}},{"type":"Feature","properties":{"id":"way/16011951","highway":"service","service":"alley","tiger:cfcc":"A41","tiger:county":"Scott, IA","tiger:reviewed":"no"},"geometry":{"type":"LineString","coordinates":[[-90.573763,41.552735],[-90.573807,41.550668],[-90.5738197,41.5496621],[-90.573836,41.548621],[-90.573856,41.547638],[-90.573876,41.546674]]}},{"type":"Feature","properties":{"id":"way/16011953","highway":"service","service":"alley","tiger:cfcc":"A41","tiger:county":"Scott, IA","tiger:reviewed":"no"},"geometry":{"type":"LineString","coordinates":[[-90.576042,41.548636],[-90.576084,41.547655],[-90.576125,41.546683]]}},{"type":"Feature","properties":{"id":"way/16012122","highway":"service","tiger:cfcc":"A41","tiger:county":"Scott, IA","tiger:reviewed":"no","tiger:separated":"no","tiger:source":"tiger_import_dch_v0.6_20070810","tiger:tlid":"122737430","tiger:upload_uuid":"bulk_upload.pl-651ea7f4-3bc6-4759-8e6f-67fe900f82a8"},"geometry":{"type":"LineString","coordinates":[[-90.577254,41.535412],[-90.5762568,41.5354052]]}},{"type":"Feature","properties":{"id":"way/16012125","highway":"service","service":"alley","tiger:cfcc":"A41","tiger:county":"Scott, IA","tiger:reviewed":"no"},"geometry":{"type":"LineString","coordinates":[[-90.571915,41.5361156],[-90.5719116,41.5351099],[-90.5719114,41.5349288],[-90.5719112,41.5347579],[-90.5719112,41.5347209],[-90.5719111,41.5346096],[-90.5719105,41.5340691]]}},{"type":"Feature","properties":{"id":"way/16012129","covered":"yes","highway":"service","service":"alley","tiger:cfcc":"A41","tiger:county":"Scott, IA","tiger:reviewed":"no"},"geometry":{"type":"LineString","coordinates":[[-90.5733564,41.5345688],[-90.5733559,41.5351198],[-90.573352,41.535684],[-90.573355,41.5361025]]}},{"type":"Feature","properties":{"id":"way/16012138","highway":"service","service":"alley","tiger:cfcc":"A41","tiger:county":"Scott, IA","tiger:reviewed":"no"},"geometry":{"type":"LineString","coordinates":[[-90.57918,41.5361643],[-90.57917,41.5350936]]}},{"type":"Feature","properties":{"id":"way/16012140","highway":"service","tiger:cfcc":"A41","tiger:county":"Scott, IA","tiger:reviewed":"no","tiger:separated":"no","tiger:source":"tiger_import_dch_v0.6_20070810","tiger:tlid":"122744457:122744537:122744588:122744647:122744659:122744672:122744630:122744291","tiger:upload_uuid":"bulk_upload.pl-651ea7f4-3bc6-4759-8e6f-67fe900f82a8"},"geometry":{"type":"LineString","coordinates":[[-90.546033,41.548619],[-90.545938,41.54843],[-90.545901,41.548315],[-90.545905,41.548214],[-90.545884,41.547953],[-90.545902,41.547494],[-90.545891,41.547249],[-90.545855,41.546961],[-90.545852,41.546917],[-90.545816,41.546801],[-90.545792,41.54677],[-90.546045,41.546145],[-90.546259,41.545617],[-90.546647,41.54561],[-90.547107,41.545602],[-90.548663,41.545573],[-90.5490621,41.5456341],[-90.549109,41.545669],[-90.549169,41.545692],[-90.549432,41.545748],[-90.549625,41.545774],[-90.5498544,41.545845],[-90.550068,41.545956],[-90.550207,41.546059],[-90.5505528,41.546288],[-90.550632,41.546284]]}},{"type":"Feature","properties":{"id":"way/16012145","highway":"service","service":"alley"},"geometry":{"type":"LineString","coordinates":[[-90.5747254,41.5358957],[-90.574713,41.5354099],[-90.574707,41.5351424],[-90.5747,41.534902],[-90.574705,41.5344051],[-90.5747,41.533912],[-90.5747,41.5329201],[-90.5747,41.532424],[-90.5747,41.531936]]}},{"type":"Feature","properties":{"id":"way/16012152","highway":"service","tiger:cfcc":"A41","tiger:county":"Scott, IA","tiger:reviewed":"no"},"geometry":{"type":"LineString","coordinates":[[-90.546966,41.548005],[-90.547062,41.548138],[-90.547201,41.548242],[-90.54734,41.548324],[-90.547512,41.548385],[-90.547663,41.548424],[-90.548041,41.548425],[-90.548175,41.548406],[-90.548317,41.54835],[-90.548474,41.548312],[-90.548581,41.548276],[-90.548863,41.548124],[-90.548949,41.548098],[-90.548984,41.548067],[-90.549252,41.54783],[-90.549399,41.54772],[-90.54942,41.547704],[-90.5495086,41.5476283],[-90.549808,41.5475065],[-90.5501075,41.5473672],[-90.5502599,41.5472672],[-90.5503938,41.5471337],[-90.5504791,41.5469965],[-90.550503,41.546857],[-90.550488,41.546727],[-90.550438,41.546683],[-90.5503519,41.5466995]]}},{"type":"Feature","properties":{"id":"way/16012158","highway":"service","service":"alley"},"geometry":{"type":"LineString","coordinates":[[-90.5762603,41.5367236],[-90.5762572,41.5363793],[-90.5762581,41.535895],[-90.5762568,41.5354052],[-90.5762536,41.534903],[-90.5762516,41.5348543],[-90.5762132,41.53391],[-90.5762126,41.5329181],[-90.576212,41.531949]]}},{"type":"Feature","properties":{"id":"way/16012163","highway":"service","service":"alley","tiger:cfcc":"A41","tiger:county":"Scott, IA","tiger:reviewed":"no"},"geometry":{"type":"LineString","coordinates":[[-90.5682337,41.5345828],[-90.5697122,41.5345856],[-90.571191,41.534588]]}},{"type":"Feature","properties":{"id":"way/16012170","highway":"service","service":"alley"},"geometry":{"type":"LineString","coordinates":[[-90.5907854,41.5345473],[-90.5889115,41.534553],[-90.5873289,41.5345574],[-90.5871206,41.5345575],[-90.5860787,41.534561],[-90.5857897,41.5345618],[-90.5828656,41.5345704],[-90.5799065,41.5345806]]}},{"type":"Feature","properties":{"id":"way/16012475","highway":"service","surface":"asphalt"},"geometry":{"type":"LineString","coordinates":[[-90.5908833,41.5470712],[-90.5908853,41.546931]]}},{"type":"Feature","properties":{"id":"way/16012479","highway":"service","surface":"asphalt"},"geometry":{"type":"LineString","coordinates":[[-90.5905802,41.547068],[-90.5905865,41.5469257]]}},{"type":"Feature","properties":{"id":"way/16012485","highway":"service","surface":"asphalt"},"geometry":{"type":"LineString","coordinates":[[-90.5934074,41.5442685],[-90.5933971,41.5448799]]}},{"type":"Feature","properties":{"id":"way/16012491","highway":"service","surface":"asphalt"},"geometry":{"type":"LineString","coordinates":[[-90.5961299,41.5442226],[-90.596036,41.5442219],[-90.5956692,41.5442194],[-90.5950923,41.5442121],[-90.5949821,41.5442107],[-90.5947878,41.544217],[-90.594757,41.5442202],[-90.5946395,41.5442325],[-90.5944322,41.5442683],[-90.5943497,41.5442784],[-90.5941994,41.5442769],[-90.5940386,41.5442754],[-90.59382,41.544273],[-90.5936004,41.5442706],[-90.5934873,41.5442694],[-90.5934074,41.5442685],[-90.5933413,41.5442677],[-90.5932222,41.5442662],[-90.5930062,41.5442635],[-90.5927821,41.5442607],[-90.5925648,41.5442581],[-90.5923419,41.5442553],[-90.5922246,41.5442539],[-90.5920827,41.5442521]]}},{"type":"Feature","properties":{"id":"way/16012499","highway":"service","surface":"asphalt"},"geometry":{"type":"LineString","coordinates":[[-90.591248,41.544883],[-90.5913649,41.5448823],[-90.5920792,41.544878],[-90.5922152,41.5448782],[-90.5923384,41.5448784],[-90.5925509,41.5448787],[-90.5927762,41.544879],[-90.5930003,41.5448793],[-90.5932128,41.5448797],[-90.5933296,41.5448798],[-90.5933971,41.5448799],[-90.5934737,41.5448798],[-90.5935876,41.5448797],[-90.5938079,41.5448794],[-90.5939084,41.5448795],[-90.5939668,41.5448639],[-90.5940315,41.5448035]]}},{"type":"Feature","properties":{"id":"way/16012502","highway":"service","service":"parking_aisle","surface":"asphalt"},"geometry":{"type":"LineString","coordinates":[[-90.5915173,41.5438015],[-90.5921251,41.5438039],[-90.5925464,41.54381]]}},{"type":"Feature","properties":{"id":"way/16012513","highway":"service","service":"alley"},"geometry":{"type":"LineString","coordinates":[[-90.596157,41.542362],[-90.598591,41.542374]]}},{"type":"Feature","properties":{"id":"way/16012522","highway":"service","service":"alley"},"geometry":{"type":"LineString","coordinates":[[-90.598593,41.54231],[-90.5992331,41.5423111],[-90.599797,41.542312],[-90.6003796,41.5423123],[-90.6009973,41.5423127]]}},{"type":"Feature","properties":{"id":"way/16012537","highway":"service","surface":"asphalt"},"geometry":{"type":"LineString","coordinates":[[-90.5956692,41.5442194],[-90.5956696,41.5441776],[-90.5956708,41.5440742],[-90.595666,41.5440088],[-90.595652,41.5439285],[-90.5956248,41.5438337],[-90.595581,41.5437248],[-90.5955231,41.5436254],[-90.5954824,41.5435555],[-90.5953809,41.5433812],[-90.5953471,41.5433022],[-90.5953386,41.5432335],[-90.595337,41.54322],[-90.5953349,41.5431041],[-90.5953353,41.5430144],[-90.5953369,41.5426526],[-90.5953406,41.54241],[-90.5953425,41.542285],[-90.5953449,41.5421125],[-90.5953474,41.5419422],[-90.5953482,41.5418862]]}},{"type":"Feature","properties":{"id":"way/16012574","highway":"service","service":"alley","tiger:cfcc":"A41","tiger:county":"Scott, IA","tiger:reviewed":"no"},"geometry":{"type":"LineString","coordinates":[[-90.5695706,41.5407225],[-90.5695631,41.5411897],[-90.5695578,41.5416548],[-90.569546,41.542126],[-90.569551,41.542624]]}},{"type":"Feature","properties":{"id":"way/16012585","highway":"service","service":"alley","tiger:cfcc":"A41","tiger:county":"Scott, IA","tiger:reviewed":"no"},"geometry":{"type":"LineString","coordinates":[[-90.5598257,41.547654],[-90.557944,41.547664]]}},{"type":"Feature","properties":{"id":"way/16012588","highway":"service","service":"alley"},"geometry":{"type":"LineString","coordinates":[[-90.5563308,41.549233],[-90.556363,41.548239],[-90.556366,41.5471271],[-90.556368,41.5459768]]}},{"type":"Feature","properties":{"id":"way/16012591","highway":"service","service":"alley"},"geometry":{"type":"LineString","coordinates":[[-90.5574291,41.5459715],[-90.557412,41.5471213],[-90.557396,41.548222],[-90.5573857,41.5492261]]}},{"type":"Feature","properties":{"id":"way/16012597","highway":"service","service":"driveway","tiger:cfcc":"A41","tiger:county":"Scott, IA","tiger:reviewed":"no"},"geometry":{"type":"LineString","coordinates":[[-90.5517994,41.5469469],[-90.551955,41.5468296],[-90.5519858,41.5468169],[-90.5520419,41.5467936],[-90.5521262,41.5467801],[-90.5522939,41.5467846],[-90.5523575,41.5467935],[-90.5524051,41.5468188],[-90.5524421,41.5468582],[-90.5524467,41.5470436],[-90.5524189,41.5470897],[-90.5523675,41.54711],[-90.5523042,41.5471143],[-90.552094,41.5471119],[-90.5520281,41.5470964],[-90.5519892,41.5470796],[-90.5519735,41.5470729],[-90.5518695,41.5469999],[-90.5517994,41.5469469],[-90.5515728,41.5469416],[-90.55146,41.546939]]}},{"type":"Feature","properties":{"id":"way/16012601","highway":"service","service":"alley"},"geometry":{"type":"LineString","coordinates":[[-90.5604042,41.5459565],[-90.5603931,41.5471048],[-90.5604237,41.5482014],[-90.5604127,41.5492106]]}},{"type":"Feature","properties":{"id":"way/16012605","highway":"service","service":"alley"},"geometry":{"type":"LineString","coordinates":[[-90.5616163,41.5492011],[-90.5616329,41.5481959],[-90.5615919,41.5470982],[-90.5616488,41.5459435]]}},{"type":"Feature","properties":{"id":"way/16012689","highway":"service","service":"alley","tiger:cfcc":"A41","tiger:county":"Scott, IA","tiger:reviewed":"no"},"geometry":{"type":"LineString","coordinates":[[-90.5418857,41.5383964],[-90.54188,41.537214],[-90.541965,41.536947],[-90.542097,41.536581],[-90.542189,41.536424],[-90.542306,41.53632],[-90.5424397,41.5362238]]}},{"type":"Feature","properties":{"id":"way/16012690","highway":"service","tiger:cfcc":"A41","tiger:county":"Scott, IA","tiger:reviewed":"no","tiger:separated":"no","tiger:source":"tiger_import_dch_v0.6_20070810","tiger:tlid":"122738111","tiger:upload_uuid":"bulk_upload.pl-651ea7f4-3bc6-4759-8e6f-67fe900f82a8"},"geometry":{"type":"LineString","coordinates":[[-90.5491628,41.5361247],[-90.548957,41.536127],[-90.548761,41.536173],[-90.548658,41.536221],[-90.548523,41.536268],[-90.548339,41.536264]]}},{"type":"Feature","properties":{"id":"way/16012693","highway":"service","service":"alley","tiger:cfcc":"A41","tiger:county":"Scott, IA","tiger:reviewed":"no"},"geometry":{"type":"LineString","coordinates":[[-90.543009,41.535964],[-90.543023,41.534732]]}},{"type":"Feature","properties":{"id":"way/16012694","highway":"service","service":"alley","tiger:cfcc":"A41","tiger:county":"Scott, IA","tiger:reviewed":"no"},"geometry":{"type":"LineString","coordinates":[[-90.541415,41.536086],[-90.541419,41.535692],[-90.541374,41.535512],[-90.541039,41.534677]]}},{"type":"Feature","properties":{"id":"way/16012696","highway":"service","tiger:cfcc":"A41","tiger:county":"Scott, IA","tiger:reviewed":"no","tiger:separated":"no","tiger:source":"tiger_import_dch_v0.6_20070810","tiger:tlid":"122738118","tiger:upload_uuid":"bulk_upload.pl-651ea7f4-3bc6-4759-8e6f-67fe900f82a8"},"geometry":{"type":"LineString","coordinates":[[-90.547506,41.534155],[-90.547495,41.533755],[-90.547457,41.533574],[-90.547416,41.533462]]}},{"type":"Feature","properties":{"id":"way/16012758","highway":"service","service":"alley"},"geometry":{"type":"LineString","coordinates":[[-90.5919947,41.5214916],[-90.5939142,41.5215169]]}},{"type":"Feature","properties":{"id":"way/16012760","highway":"service","service":"alley"},"geometry":{"type":"LineString","coordinates":[[-90.5973248,41.5208047],[-90.5973538,41.5212927],[-90.597372,41.521781],[-90.5974203,41.5223409]]}},{"type":"Feature","properties":{"id":"way/16012764","highway":"service","service":"parking_aisle","tiger:cfcc":"A41","tiger:county":"Scott, IA","tiger:reviewed":"no"},"geometry":{"type":"LineString","coordinates":[[-90.5957284,41.521796],[-90.5957311,41.521073]]}},{"type":"Feature","properties":{"id":"way/16012770","highway":"service","tiger:cfcc":"A41","tiger:county":"Scott, IA","tiger:reviewed":"no"},"geometry":{"type":"LineString","coordinates":[[-90.596112,41.520999],[-90.596112,41.521793]]}},{"type":"Feature","properties":{"id":"way/16012823","highway":"service","tiger:cfcc":"A41","tiger:county":"Scott, IA","tiger:reviewed":"no"},"geometry":{"type":"LineString","coordinates":[[-90.5505528,41.546288],[-90.5503437,41.5463639],[-90.5502696,41.546384],[-90.5500554,41.5464331],[-90.5498671,41.5464646],[-90.5497045,41.54649],[-90.5494829,41.5465318],[-90.5493607,41.5465376],[-90.5492341,41.5465305],[-90.5487656,41.5464629],[-90.548493,41.546569]]}},{"type":"Feature","properties":{"id":"way/16012901","highway":"service","service":"parking_aisle","surface":"asphalt"},"geometry":{"type":"LineString","coordinates":[[-90.59556,41.545512],[-90.5955591,41.5454464],[-90.595557,41.545294],[-90.595531,41.545259],[-90.5955,41.54524],[-90.5951152,41.5452387],[-90.594641,41.545237],[-90.5946138,41.545237],[-90.5925163,41.5452353]]}},{"type":"Feature","properties":{"id":"way/16012906","highway":"service","surface":"asphalt"},"geometry":{"type":"LineString","coordinates":[[-90.5946387,41.545512],[-90.5946393,41.5454464],[-90.594641,41.545237]]}},{"type":"Feature","properties":{"id":"way/16012915","highway":"service","service":"alley"},"geometry":{"type":"LineString","coordinates":[[-90.59059,41.54551],[-90.5905908,41.5454361],[-90.5906034,41.5443141],[-90.5906042,41.5442442]]}},{"type":"Feature","properties":{"id":"way/16012916","highway":"service","tiger:cfcc":"A41","tiger:county":"Scott, IA","tiger:reviewed":"no"},"geometry":{"type":"LineString","coordinates":[[-90.591583,41.5442376],[-90.591386,41.5442387],[-90.5913788,41.5442394],[-90.591263,41.544252]]}},{"type":"Feature","properties":{"id":"way/16012951","highway":"service"},"geometry":{"type":"LineString","coordinates":[[-90.5998254,41.5200414],[-90.599382,41.519382],[-90.599241,41.519181],[-90.5992283,41.519151]]}},{"type":"Feature","properties":{"id":"way/16012952","highway":"service"},"geometry":{"type":"LineString","coordinates":[[-90.6004872,41.5189769],[-90.599382,41.519382]]}},{"type":"Feature","properties":{"id":"way/16012953","highway":"service"},"geometry":{"type":"LineString","coordinates":[[-90.599241,41.519181],[-90.6000975,41.5188706],[-90.6001513,41.5188676],[-90.6001806,41.518866],[-90.6002878,41.5188756],[-90.6004584,41.5189257],[-90.6004872,41.5189769],[-90.6009237,41.5195964]]}},{"type":"Feature","properties":{"id":"way/16012959","highway":"service","surface":"paved"},"geometry":{"type":"LineString","coordinates":[[-90.593101,41.518164],[-90.593118,41.517423],[-90.593069,41.517309],[-90.592992,41.517205],[-90.592876,41.517157],[-90.592592,41.517151],[-90.591862,41.517155],[-90.591808,41.517177],[-90.591794,41.518117],[-90.591809,41.518159],[-90.592046,41.518286]]}},{"type":"Feature","properties":{"id":"way/16013002","highway":"residential","maxspeed":"25 mph","maxweight":"7 st","name":"Middle Road","source:maxweight":"https://ecode360.com/39603137#39603137","surface":"asphalt","tiger:cfcc":"A41","tiger:county":"Scott, IA","tiger:reviewed":"no"},"geometry":{"type":"LineString","coordinates":[[-90.5427891,41.5338087],[-90.5426615,41.5337885],[-90.542487,41.533818],[-90.54201,41.533926],[-90.5401296,41.5343005],[-90.5400361,41.5343336],[-90.5400047,41.5343504],[-90.5399472,41.5343811],[-90.5398894,41.5344327],[-90.539871,41.5344514],[-90.5398346,41.5345014],[-90.5397313,41.5347108],[-90.5396486,41.5348758],[-90.5392517,41.5356266],[-90.5391738,41.5357375],[-90.5391003,41.5358128],[-90.5389588,41.5359156],[-90.538447,41.536204],[-90.538162,41.536357],[-90.5380748,41.5363913],[-90.5380338,41.5364074],[-90.5378778,41.5364481],[-90.5377216,41.5364688],[-90.537178,41.536474],[-90.535896,41.536476],[-90.535554,41.536477],[-90.534073,41.536476],[-90.533444,41.536476],[-90.5323315,41.536475],[-90.532216,41.536475],[-90.530759,41.536475],[-90.530195,41.536466],[-90.530113,41.536465],[-90.529549,41.536456],[-90.528446,41.536439],[-90.528387,41.536439],[-90.527248,41.536421],[-90.5254767,41.5363862],[-90.5249048,41.5363769],[-90.5247502,41.5363911],[-90.524581,41.5364263],[-90.5244445,41.5364716],[-90.5243027,41.5365314],[-90.5241111,41.5366242],[-90.5226614,41.537365],[-90.5226164,41.5373768],[-90.5225618,41.5373802]]}},{"type":"Feature","properties":{"id":"way/16013070","highway":"service","service":"alley"},"geometry":{"type":"LineString","coordinates":[[-90.5889411,41.532467],[-90.589775,41.5324691],[-90.590803,41.532463]]}},{"type":"Feature","properties":{"id":"way/16013078","highway":"service","service":"alley"},"geometry":{"type":"LineString","coordinates":[[-90.59081,41.531636],[-90.5908155,41.5320848],[-90.590803,41.532463],[-90.5907986,41.53298],[-90.5907942,41.5335071],[-90.5907898,41.5340271],[-90.5907854,41.5345473],[-90.590781,41.5350668],[-90.5907762,41.5356311],[-90.590772,41.5361358],[-90.5907675,41.5366591],[-90.5907631,41.5371857],[-90.5907587,41.537703],[-90.590754,41.5382609],[-90.5907534,41.5383372],[-90.5907522,41.5384769],[-90.5907495,41.5387899],[-90.5907444,41.5393966],[-90.5907438,41.5394693]]}},{"type":"Feature","properties":{"id":"way/16013083","highway":"service","service":"alley"},"geometry":{"type":"LineString","coordinates":[[-90.592092,41.532668],[-90.592088,41.532143],[-90.592085,41.531633]]}},{"type":"Feature","properties":{"id":"way/16013092","highway":"service","service":"alley"},"geometry":{"type":"LineString","coordinates":[[-90.592993,41.531638],[-90.59298,41.532156],[-90.592965,41.53268]]}},{"type":"Feature","properties":{"id":"way/16013096","highway":"service","service":"alley"},"geometry":{"type":"LineString","coordinates":[[-90.592088,41.532143],[-90.59298,41.532156],[-90.593876,41.532167],[-90.5963,41.53218],[-90.597512,41.532193]]}},{"type":"Feature","properties":{"id":"way/16013114","highway":"service","service":"alley"},"geometry":{"type":"LineString","coordinates":[[-90.598796,41.532182],[-90.600432,41.532186],[-90.6012424,41.5321967]]}},{"type":"Feature","properties":{"id":"way/16013120","highway":"service","service":"alley","tiger:cfcc":"A41","tiger:county":"Scott, IA","tiger:reviewed":"no"},"geometry":{"type":"LineString","coordinates":[[-90.546593,41.542045],[-90.5442296,41.542052],[-90.5418404,41.5420595]]}},{"type":"Feature","properties":{"id":"way/16013130","highway":"service","service":"alley","tiger:cfcc":"A41","tiger:county":"Scott, IA","tiger:reviewed":"no"},"geometry":{"type":"LineString","coordinates":[[-90.544838,41.541506],[-90.544857,41.539427]]}},{"type":"Feature","properties":{"id":"way/16013150","highway":"service","oneway":"yes","tiger:cfcc":"A41","tiger:county":"Scott, IA","tiger:reviewed":"no"},"geometry":{"type":"LineString","coordinates":[[-90.549278,41.538349],[-90.549295,41.538556],[-90.5493335,41.5387646],[-90.5493458,41.5388383],[-90.5493794,41.5388817],[-90.5494629,41.5389101],[-90.5497906,41.5389108]]}},{"type":"Feature","properties":{"id":"way/16013157","highway":"service","service":"alley","tiger:cfcc":"A41","tiger:county":"Scott, IA","tiger:reviewed":"no"},"geometry":{"type":"LineString","coordinates":[[-90.5727396,41.5387249],[-90.5722952,41.5387212],[-90.5718414,41.538724],[-90.57136,41.5387221],[-90.5708356,41.5387201],[-90.57025,41.538726],[-90.5697121,41.538727],[-90.569151,41.5387253],[-90.5687439,41.5387231],[-90.568549,41.538722]]}},{"type":"Feature","properties":{"id":"way/16013164","highway":"service","service":"alley","tiger:cfcc":"A41","tiger:county":"Scott, IA","tiger:reviewed":"no"},"geometry":{"type":"LineString","coordinates":[[-90.5690796,41.540723],[-90.5691287,41.5395164],[-90.569151,41.5387253]]}},{"type":"Feature","properties":{"id":"way/16013174","highway":"service","surface":"asphalt"},"geometry":{"type":"LineString","coordinates":[[-90.5515219,41.5390739],[-90.55231,41.539075],[-90.552608,41.539067],[-90.552611,41.53898],[-90.552693,41.538989],[-90.552697,41.538341]]}},{"type":"Feature","properties":{"id":"way/16013179","highway":"service","service":"alley"},"geometry":{"type":"LineString","coordinates":[[-90.5563288,41.5407684],[-90.556332,41.539574],[-90.556354,41.538317]]}},{"type":"Feature","properties":{"id":"way/16013185","highway":"service","service":"alley"},"geometry":{"type":"LineString","coordinates":[[-90.564795,41.5395473],[-90.565004,41.53955],[-90.565133,41.53953],[-90.565227,41.539468],[-90.565294,41.53939],[-90.565313,41.539319],[-90.5653286,41.538974],[-90.5653403,41.5387626],[-90.5653476,41.5382793]]}},{"type":"Feature","properties":{"id":"way/16013191","highway":"service","service":"alley"},"geometry":{"type":"LineString","coordinates":[[-90.5663273,41.540129],[-90.5663309,41.538277]]}},{"type":"Feature","properties":{"id":"way/16013198","highway":"service","tiger:cfcc":"A41","tiger:county":"Scott, IA","tiger:reviewed":"no","tiger:separated":"no","tiger:source":"tiger_import_dch_v0.6_20070810","tiger:tlid":"122737989","tiger:upload_uuid":"bulk_upload.pl-651ea7f4-3bc6-4759-8e6f-67fe900f82a8"},"geometry":{"type":"LineString","coordinates":[[-90.552637,41.538341],[-90.552656,41.537513]]}},{"type":"Feature","properties":{"id":"way/16013422","highway":"service","service":"alley","tiger:cfcc":"A41","tiger:county":"Scott, IA","tiger:reviewed":"no"},"geometry":{"type":"LineString","coordinates":[[-90.5697042,41.5218697],[-90.5698342,41.521868],[-90.5705052,41.5218587],[-90.5707099,41.5218609],[-90.570919,41.5218632],[-90.571176,41.521866]]}},{"type":"Feature","properties":{"id":"way/16013431","highway":"service","service":"alley"},"geometry":{"type":"LineString","coordinates":[[-90.579996,41.521879],[-90.5788916,41.5218783],[-90.5785277,41.5218781]]}},{"type":"Feature","properties":{"id":"way/16013446","highway":"service","name":"Emerson Place","service":"alley","tiger:cfcc":"A41","tiger:county":"Scott, IA","tiger:reviewed":"no"},"geometry":{"type":"LineString","coordinates":[[-90.571173,41.520799],[-90.5710496,41.5207977],[-90.5707314,41.5207945],[-90.5701638,41.5207887],[-90.5698395,41.5207854],[-90.569708,41.520784]]}},{"type":"Feature","properties":{"id":"way/16013491","highway":"service","surface":"asphalt"},"geometry":{"type":"LineString","coordinates":[[-90.5882782,41.5458363],[-90.5882298,41.5458723],[-90.5882007,41.5459185],[-90.5881938,41.5459557],[-90.588205,41.5460061],[-90.5882385,41.5460506],[-90.5882816,41.5460797],[-90.5883441,41.5461002],[-90.5884103,41.5461036],[-90.5884674,41.5460926],[-90.5885408,41.5460519],[-90.588575,41.5460077],[-90.5885852,41.5459374],[-90.588546,41.5458673],[-90.588472,41.5458233],[-90.58838,41.5458103],[-90.5883134,41.5458218],[-90.5882782,41.5458363]]}},{"type":"Feature","properties":{"id":"way/16013666","highway":"service","surface":"asphalt"},"geometry":{"type":"LineString","coordinates":[[-90.5937298,41.5422329],[-90.5940103,41.5422359],[-90.594115,41.542238]]}},{"type":"Feature","properties":{"id":"way/16013670","highway":"service","service":"alley"},"geometry":{"type":"LineString","coordinates":[[-90.59216,41.540066],[-90.593114,41.54007]]}},{"type":"Feature","properties":{"id":"way/16013679","highway":"service","tiger:cfcc":"A41","tiger:county":"Scott, IA","tiger:reviewed":"no","tiger:separated":"no","tiger:source":"tiger_import_dch_v0.6_20070810","tiger:tlid":"122737822","tiger:upload_uuid":"bulk_upload.pl-651ea7f4-3bc6-4759-8e6f-67fe900f82a8"},"geometry":{"type":"LineString","coordinates":[[-90.5907522,41.5384769],[-90.590198,41.538487]]}},{"type":"Feature","properties":{"id":"way/16013686","highway":"service","service":"alley"},"geometry":{"type":"LineString","coordinates":[[-90.591445,41.536327],[-90.593819,41.536345],[-90.593998,41.536346],[-90.5943435,41.5363468],[-90.5962692,41.5363581],[-90.5987578,41.536362],[-90.601186,41.536359],[-90.603607,41.53635],[-90.604729,41.536349],[-90.605826,41.536351]]}},{"type":"Feature","properties":{"id":"way/16013697","highway":"service","surface":"asphalt"},"geometry":{"type":"LineString","coordinates":[[-90.5943435,41.5363468],[-90.5943455,41.5362628],[-90.5943515,41.5360038],[-90.5941247,41.5360018],[-90.5941187,41.5362594],[-90.5943455,41.5362628]]}},{"type":"Feature","properties":{"id":"way/16013712","highway":"service","surface":"asphalt"},"geometry":{"type":"LineString","coordinates":[[-90.58997,41.531231],[-90.5897823,41.5312313],[-90.5893171,41.5312323],[-90.5892935,41.5312777],[-90.5893146,41.5314455],[-90.5893192,41.5314819],[-90.5893604,41.5315108],[-90.5897438,41.5315069],[-90.5897773,41.531478],[-90.5897823,41.5312313]]}},{"type":"Feature","properties":{"id":"way/16013817","highway":"service","service":"alley"},"geometry":{"type":"LineString","coordinates":[[-90.5856861,41.5425854],[-90.5856068,41.5425818],[-90.5854178,41.5425733],[-90.58515,41.5425403],[-90.583562,41.54212],[-90.58352,41.542093],[-90.583484,41.54205],[-90.5834967,41.5419433],[-90.5835002,41.5418981]]}},{"type":"Feature","properties":{"id":"way/16013820","highway":"service","service":"alley"},"geometry":{"type":"LineString","coordinates":[[-90.5849803,41.5418916],[-90.5849694,41.5418331],[-90.584949,41.541038],[-90.5849621,41.5404065],[-90.584963,41.540363],[-90.5849642,41.5403047],[-90.584995,41.538796]]}},{"type":"Feature","properties":{"id":"way/16013824","highway":"service","service":"parking_aisle","tiger:cfcc":"A41","tiger:county":"Scott, IA","tiger:reviewed":"no"},"geometry":{"type":"LineString","coordinates":[[-90.5828132,41.5402512],[-90.5826737,41.540238],[-90.5821936,41.540235],[-90.5816842,41.5402324]]}},{"type":"Feature","properties":{"id":"way/16013826","access":"private","highway":"residential","maxspeed":"30 mph","name":"Temple Lane","tiger:cfcc":"A45;A41","tiger:county":"Scott, IA","tiger:name_base":"Temple","tiger:name_type":"Ln","tiger:reviewed":"no","tiger:zip_left":"52803","tiger:zip_right":"52803"},"geometry":{"type":"LineString","coordinates":[[-90.573711,41.541911],[-90.5736373,41.5418983],[-90.572021,41.5418867]]}},{"type":"Feature","properties":{"id":"way/16013831","highway":"service","tiger:cfcc":"A45","tiger:county":"Scott, IA","tiger:reviewed":"no"},"geometry":{"type":"LineString","coordinates":[[-90.572151,41.539767],[-90.572126,41.540453],[-90.572069,41.540633]]}},{"type":"Feature","properties":{"id":"way/16013834","highway":"service","service":"alley","tiger:cfcc":"A41","tiger:county":"Scott, IA","tiger:reviewed":"no"},"geometry":{"type":"LineString","coordinates":[[-90.5763029,41.538779],[-90.5763079,41.5394714],[-90.5763226,41.5399179],[-90.5763853,41.539967],[-90.5764597,41.5399821],[-90.5765313,41.539978],[-90.5765923,41.539946],[-90.57661,41.5398909],[-90.576603,41.5394712],[-90.5766023,41.5393264],[-90.5766003,41.5388972],[-90.5765997,41.5387809]]}},{"type":"Feature","properties":{"id":"way/16013873","highway":"service","service":"alley"},"geometry":{"type":"LineString","coordinates":[[-90.6036897,41.5255348],[-90.6029,41.52522],[-90.602692,41.525196],[-90.601203,41.525192],[-90.5998369,41.5251917],[-90.5984522,41.525185],[-90.597068,41.525188],[-90.596758,41.52519]]}},{"type":"Feature","properties":{"id":"way/16013926","highway":"secondary","maxspeed":"25 mph","name":"Gaines Street","oneway":"yes","tiger:cfcc":"A41","tiger:county":"Scott, IA","tiger:reviewed":"no"},"geometry":{"type":"LineString","coordinates":[[-90.583009,41.522111],[-90.5831126,41.5219312],[-90.5831525,41.5218596],[-90.583347,41.5215101],[-90.5834129,41.5213925],[-90.5834559,41.5213066]]}},{"type":"Feature","properties":{"id":"way/16013934","highway":"service","tiger:cfcc":"A41","tiger:county":"Scott, IA","tiger:reviewed":"no","tiger:separated":"no","tiger:source":"tiger_import_dch_v0.6_20070810","tiger:tlid":"122744535:122744583","tiger:upload_uuid":"bulk_upload.pl-651ea7f4-3bc6-4759-8e6f-67fe900f82a8"},"geometry":{"type":"LineString","coordinates":[[-90.547403,41.547202],[-90.547533,41.547277],[-90.547725,41.547331],[-90.547796,41.547374],[-90.547945,41.547465],[-90.548252,41.547716],[-90.548984,41.548067]]}},{"type":"Feature","properties":{"id":"way/16013939","highway":"service","tiger:cfcc":"A41","tiger:county":"Scott, IA","tiger:reviewed":"no"},"geometry":{"type":"LineString","coordinates":[[-90.5487656,41.5464629],[-90.548793,41.546446],[-90.548847,41.546368],[-90.548906,41.54627],[-90.5489277,41.5461832],[-90.5489247,41.5460959],[-90.5488961,41.545989],[-90.5488915,41.545901],[-90.5489056,41.5458479],[-90.5489739,41.5457403],[-90.5490621,41.5456341],[-90.549246,41.545536],[-90.549537,41.545412],[-90.549795,41.545331],[-90.54984,41.545324],[-90.549942,41.5453139],[-90.550256,41.545291],[-90.550544,41.54524],[-90.55074,41.545179],[-90.551053,41.545035]]}},{"type":"Feature","properties":{"id":"way/16013953","highway":"service","tiger:cfcc":"A41","tiger:county":"Scott, IA","tiger:reviewed":"no","tiger:separated":"no","tiger:source":"tiger_import_dch_v0.6_20070810","tiger:tlid":"122744538:122744590:122744592","tiger:upload_uuid":"bulk_upload.pl-651ea7f4-3bc6-4759-8e6f-67fe900f82a8"},"geometry":{"type":"LineString","coordinates":[[-90.545985,41.545266],[-90.546648,41.545263],[-90.547092,41.545261],[-90.548491,41.545253],[-90.548681,41.545372],[-90.548939,41.545572],[-90.5490621,41.5456341]]}},{"type":"Feature","properties":{"id":"way/16014252","highway":"service","service":"alley","tiger:cfcc":"A41","tiger:county":"Scott, IA","tiger:reviewed":"no"},"geometry":{"type":"LineString","coordinates":[[-90.566752,41.533542],[-90.5649604,41.5335262],[-90.563144,41.5335],[-90.5625407,41.533512]]}},{"type":"Feature","properties":{"id":"way/16014255","highway":"service","service":"alley","tiger:cfcc":"A41","tiger:county":"Scott, IA","tiger:reviewed":"no"},"geometry":{"type":"LineString","coordinates":[[-90.5625322,41.5334417],[-90.562298,41.533436],[-90.560827,41.533451],[-90.5601976,41.5334307],[-90.559108,41.533392],[-90.558752,41.533399],[-90.558644,41.533427],[-90.558574,41.533501],[-90.558534,41.534053]]}},{"type":"Feature","properties":{"id":"way/16014256","highway":"service","service":"alley","tiger:cfcc":"A41","tiger:county":"Scott, IA","tiger:reviewed":"no"},"geometry":{"type":"LineString","coordinates":[[-90.56823,41.533528],[-90.5697045,41.5335393],[-90.571159,41.533548]]}},{"type":"Feature","properties":{"id":"way/16014259","highway":"service","service":"alley","tiger:cfcc":"A41","tiger:county":"Scott, IA","tiger:reviewed":"no"},"geometry":{"type":"LineString","coordinates":[[-90.5468279,41.532669],[-90.5478186,41.5326727],[-90.549196,41.53268],[-90.550577,41.532697],[-90.551578,41.532709]]}},{"type":"Feature","properties":{"id":"way/16014262","highway":"service","service":"alley","tiger:cfcc":"A41","tiger:county":"Scott, IA","tiger:reviewed":"no"},"geometry":{"type":"LineString","coordinates":[[-90.5675326,41.535089],[-90.5675106,41.5340491],[-90.567499,41.5330062],[-90.5675144,41.531975],[-90.5675128,41.5315485]]}},{"type":"Feature","properties":{"id":"way/16014265","highway":"service","service":"alley","tiger:cfcc":"A41","tiger:county":"Scott, IA","tiger:reviewed":"no"},"geometry":{"type":"LineString","coordinates":[[-90.55718,41.535982],[-90.557191,41.534546],[-90.55718,41.532497],[-90.557179,41.532293]]}},{"type":"Feature","properties":{"id":"way/16014266","highway":"service","oneway":"yes","tiger:cfcc":"A41","tiger:county":"Scott, IA","tiger:reviewed":"no"},"geometry":{"type":"LineString","coordinates":[[-90.5578945,41.5325001],[-90.55718,41.532497]]}},{"type":"Feature","properties":{"id":"way/16014298","highway":"service","service":"alley","tiger:cfcc":"A41","tiger:county":"Scott, IA","tiger:reviewed":"no"},"geometry":{"type":"LineString","coordinates":[[-90.5684955,41.5421311],[-90.569546,41.542126]]}},{"type":"Feature","properties":{"id":"way/16014306","highway":"service","service":"alley"},"geometry":{"type":"LineString","coordinates":[[-90.5663983,41.542032],[-90.566371,41.540712]]}},{"type":"Feature","properties":{"id":"way/16014310","highway":"residential","maxspeed":"25 mph","name":"Grand Court","oneway":"yes","surface":"asphalt"},"geometry":{"type":"LineString","coordinates":[[-90.562103,41.5419363],[-90.5622691,41.5419506],[-90.5623688,41.5419516],[-90.5625209,41.5419372],[-90.563678,41.5419353],[-90.5647271,41.5419191]]}},{"type":"Feature","properties":{"id":"way/16014314","highway":"residential","maxspeed":"25 mph","name":"Arlington Avenue","oneway":"yes","surface":"asphalt"},"geometry":{"type":"LineString","coordinates":[[-90.5623192,41.5423778],[-90.5623765,41.5423351],[-90.5624171,41.5422895],[-90.5624838,41.54214],[-90.5625209,41.5419372],[-90.5625173,41.5418529],[-90.5625039,41.5416545],[-90.5624723,41.5415843],[-90.5624064,41.541484],[-90.5623158,41.5414163]]}},{"type":"Feature","properties":{"id":"way/16014326","highway":"service","oneway":"yes","service":"parking_aisle","surface":"asphalt"},"geometry":{"type":"LineString","coordinates":[[-90.558063,41.5415855],[-90.5573997,41.5415766],[-90.5573605,41.5415986],[-90.5573664,41.5417187],[-90.5574048,41.541736],[-90.558058,41.54175]]}},{"type":"Feature","properties":{"id":"way/16014361","highway":"service","service":"alley","tiger:cfcc":"A41","tiger:county":"Scott, IA","tiger:reviewed":"no"},"geometry":{"type":"LineString","coordinates":[[-90.577212,41.552758],[-90.577227,41.55266],[-90.577234,41.552274],[-90.577242,41.551812],[-90.577245,41.551613],[-90.577234,41.551484],[-90.577238,41.551371],[-90.577254,41.550944],[-90.577271,41.550487],[-90.577287,41.550059],[-90.577298,41.549602]]}},{"type":"Feature","properties":{"id":"way/16014367","highway":"service","service":"alley"},"geometry":{"type":"LineString","coordinates":[[-90.590199,41.528869],[-90.590196,41.527737],[-90.59019,41.526783]]}},{"type":"Feature","properties":{"id":"way/16014379","highway":"service","service":"alley"},"geometry":{"type":"LineString","coordinates":[[-90.590873,41.527282],[-90.5925028,41.527284],[-90.593359,41.527285],[-90.593905,41.527297],[-90.5943127,41.5272885],[-90.597036,41.527277],[-90.59841,41.527275],[-90.5997852,41.5272756],[-90.601153,41.527271],[-90.6013284,41.5272728],[-90.602501,41.527283],[-90.60365,41.527281]]}},{"type":"Feature","properties":{"id":"way/16014430","highway":"service","service":"alley","tiger:cfcc":"A41","tiger:county":"Scott, IA","tiger:reviewed":"no"},"geometry":{"type":"LineString","coordinates":[[-90.569391,41.550063],[-90.569386,41.549628],[-90.5670232,41.549613]]}},{"type":"Feature","properties":{"id":"way/16014440","highway":"service","tiger:cfcc":"A41","tiger:county":"Scott, IA","tiger:reviewed":"no"},"geometry":{"type":"LineString","coordinates":[[-90.5560288,41.549235],[-90.556041,41.549538],[-90.555977,41.549588],[-90.555864,41.5496],[-90.555773,41.549547],[-90.5557967,41.5492368]]}},{"type":"Feature","properties":{"id":"way/16014633","highway":"service","service":"alley"},"geometry":{"type":"LineString","coordinates":[[-90.5785124,41.5273159],[-90.580705,41.527326],[-90.581248,41.527303],[-90.5815147,41.5273118],[-90.5829349,41.527303],[-90.584406,41.527313],[-90.5858955,41.5273033],[-90.587416,41.527293]]}},{"type":"Feature","properties":{"id":"way/16014641","highway":"service","tiger:cfcc":"A41","tiger:county":"Scott, IA","tiger:reviewed":"no"},"geometry":{"type":"LineString","coordinates":[[-90.5777793,41.5278541],[-90.5777644,41.5273257],[-90.5777619,41.5272612],[-90.5777465,41.527125],[-90.5777015,41.5269989],[-90.5776586,41.5269121],[-90.5775968,41.5268472],[-90.5775229,41.5268181],[-90.5770324,41.5268162]]}},{"type":"Feature","properties":{"id":"way/16014666","highway":"service","tiger:cfcc":"A41","tiger:county":"Scott, IA","tiger:reviewed":"no","tiger:separated":"no","tiger:source":"tiger_import_dch_v0.6_20070810","tiger:tlid":"122744650:122744652:122744623","tiger:upload_uuid":"bulk_upload.pl-651ea7f4-3bc6-4759-8e6f-67fe900f82a8"},"geometry":{"type":"LineString","coordinates":[[-90.54816,41.546552],[-90.547847,41.546536],[-90.547755,41.546512],[-90.547518,41.5466],[-90.547413,41.546663],[-90.547286,41.546797],[-90.547242,41.546875],[-90.547253,41.546923]]}},{"type":"Feature","properties":{"id":"way/16014673","highway":"service","tiger:cfcc":"A41","tiger:county":"Scott, IA","tiger:reviewed":"no"},"geometry":{"type":"LineString","coordinates":[[-90.5503437,41.5463639],[-90.5503199,41.5464691],[-90.5503359,41.5465842],[-90.5503519,41.5466995],[-90.5503245,41.5468187],[-90.550274,41.546967],[-90.5501477,41.5471248],[-90.5500415,41.5472101],[-90.5498436,41.5472974],[-90.5496365,41.5473722],[-90.5495371,41.5473958],[-90.549464,41.547331],[-90.549316,41.547198],[-90.549116,41.547101],[-90.548916,41.546988],[-90.548808,41.546878],[-90.548619,41.546738],[-90.548493,41.546569],[-90.548356,41.546561],[-90.54816,41.546552],[-90.547973,41.54643],[-90.547876,41.546299],[-90.547841,41.546154],[-90.547855,41.546047],[-90.547952,41.545919],[-90.548047,41.545835],[-90.548203,41.545752],[-90.548316,41.54574],[-90.548479,41.545751],[-90.54862,41.545804],[-90.5488915,41.545901],[-90.54911,41.545899],[-90.549335,41.545904],[-90.549629,41.545954],[-90.54982,41.546022],[-90.550019,41.546149],[-90.5502696,41.546384]]}},{"type":"Feature","properties":{"id":"way/16014692","highway":"service","tiger:cfcc":"A41","tiger:county":"Scott, IA","tiger:reviewed":"no","tiger:separated":"no","tiger:source":"tiger_import_dch_v0.6_20070810","tiger:tlid":"122744655:122744629:122744671:122744673","tiger:upload_uuid":"bulk_upload.pl-651ea7f4-3bc6-4759-8e6f-67fe900f82a8"},"geometry":{"type":"LineString","coordinates":[[-90.544454,41.545736],[-90.544466,41.545791],[-90.544494,41.545838],[-90.544543,41.54589],[-90.544834,41.546032],[-90.545117,41.546118],[-90.545145,41.546114],[-90.545356,41.546259],[-90.545442,41.54631],[-90.545465,41.546336],[-90.545661,41.546575],[-90.545728,41.546684],[-90.545792,41.54677],[-90.546288,41.546725],[-90.547116,41.546692]]}},{"type":"Feature","properties":{"id":"way/16014702","highway":"service","tiger:cfcc":"A41","tiger:county":"Scott, IA","tiger:reviewed":"no","tiger:separated":"no","tiger:source":"tiger_import_dch_v0.6_20070810","tiger:tlid":"122744656:122744657:122744461:122744462:122744463:122744464:122744540:122744594:122744631","tiger:upload_uuid":"bulk_upload.pl-651ea7f4-3bc6-4759-8e6f-67fe900f82a8"},"geometry":{"type":"LineString","coordinates":[[-90.54984,41.545324],[-90.549593,41.54527],[-90.54934,41.545228],[-90.548832,41.545153],[-90.548395,41.545054],[-90.547736,41.544872],[-90.547284,41.544697],[-90.547142,41.544658],[-90.547113,41.54464],[-90.547005,41.544573],[-90.546891,41.5446],[-90.546769,41.544597],[-90.546652,41.544622],[-90.546419,41.544683],[-90.546222,41.544744],[-90.546137,41.54485],[-90.546027,41.545041],[-90.546021,41.545137],[-90.545985,41.545266],[-90.545941,41.545366],[-90.545822,41.54555],[-90.545523,41.545951],[-90.545478,41.54601],[-90.545364,41.546065],[-90.545219,41.546105],[-90.545145,41.546114]]}},{"type":"Feature","properties":{"id":"way/16014823","highway":"service","tiger:cfcc":"A41","tiger:county":"Scott, IA","tiger:reviewed":"no","tiger:separated":"no","tiger:source":"tiger_import_dch_v0.6_20070810","tiger:tlid":"122742390:122742391","tiger:upload_uuid":"bulk_upload.pl-651ea7f4-3bc6-4759-8e6f-67fe900f82a8"},"geometry":{"type":"LineString","coordinates":[[-90.542864,41.538795],[-90.543191,41.538788],[-90.543518,41.53878]]}},{"type":"Feature","properties":{"id":"way/16014828","highway":"service","tiger:cfcc":"A41","tiger:county":"Scott, IA","tiger:reviewed":"no","tiger:separated":"no","tiger:source":"tiger_import_dch_v0.6_20070810","tiger:tlid":"122742392","tiger:upload_uuid":"bulk_upload.pl-651ea7f4-3bc6-4759-8e6f-67fe900f82a8"},"geometry":{"type":"LineString","coordinates":[[-90.548722,41.538561],[-90.549295,41.538556]]}},{"type":"Feature","properties":{"id":"way/16014902","highway":"service","tiger:cfcc":"A41","tiger:county":"Scott, IA","tiger:reviewed":"no","tiger:separated":"no","tiger:source":"tiger_import_dch_v0.6_20070810","tiger:tlid":"122737178","tiger:upload_uuid":"bulk_upload.pl-651ea7f4-3bc6-4759-8e6f-67fe900f82a8"},"geometry":{"type":"LineString","coordinates":[[-90.597906,41.538862],[-90.5979431,41.5382614]]}},{"type":"Feature","properties":{"id":"way/16015110","highway":"service","service":"alley"},"geometry":{"type":"LineString","coordinates":[[-90.5815477,41.548657],[-90.5815473,41.548253],[-90.5815552,41.5478562],[-90.5815988,41.5455165],[-90.581603,41.544297],[-90.581624,41.543079],[-90.5816705,41.5418637]]}},{"type":"Feature","properties":{"id":"way/16015118","highway":"service","service":"alley","tiger:cfcc":"A41","tiger:county":"Scott, IA","tiger:reviewed":"no"},"geometry":{"type":"LineString","coordinates":[[-90.5711984,41.5459218],[-90.5712286,41.5454997],[-90.5715493,41.5454948],[-90.571541,41.545001],[-90.571702,41.545],[-90.571739,41.54499],[-90.5717958,41.544962],[-90.5719668,41.5445461],[-90.5720582,41.5442992],[-90.5721224,41.5440599],[-90.5707657,41.5440514]]}},{"type":"Feature","properties":{"id":"way/16015143","highway":"service","service":"alley"},"geometry":{"type":"LineString","coordinates":[[-90.588215,41.544909],[-90.586609,41.544906],[-90.5865559,41.5449068],[-90.5865541,41.5448614],[-90.586562,41.544304],[-90.586563,41.544231]]}},{"type":"Feature","properties":{"id":"way/16015166","highway":"service","service":"alley"},"geometry":{"type":"LineString","coordinates":[[-90.589383,41.545515],[-90.5893832,41.5454366],[-90.5893858,41.5443113],[-90.589386,41.544239]]}},{"type":"Feature","properties":{"id":"way/16015176","highway":"service","service":"alley","tiger:cfcc":"A41","tiger:county":"Scott, IA","tiger:reviewed":"no"},"geometry":{"type":"LineString","coordinates":[[-90.5721224,41.5440599],[-90.572293,41.543566],[-90.5726956,41.542659]]}},{"type":"Feature","properties":{"id":"way/16015188","highway":"service","service":"alley"},"geometry":{"type":"LineString","coordinates":[[-90.588789,41.543807],[-90.5887332,41.5438066],[-90.5879703,41.5438007],[-90.58788,41.5438],[-90.5877817,41.5437994],[-90.586918,41.543794],[-90.586366,41.543778],[-90.586164,41.543744],[-90.585982,41.5437212],[-90.585885,41.543709],[-90.5857732,41.5436792],[-90.584939,41.543457],[-90.584684,41.54338],[-90.5826319,41.5427999],[-90.5825571,41.5427759]]}},{"type":"Feature","properties":{"id":"way/16015197","highway":"service","service":"alley"},"geometry":{"type":"LineString","coordinates":[[-90.584177,41.545519],[-90.5841781,41.5454317],[-90.584199,41.5437826],[-90.5842,41.543702]]}},{"type":"Feature","properties":{"id":"way/16015507","highway":"service","surface":"concrete","tiger:cfcc":"A41","tiger:county":"Scott, IA","tiger:reviewed":"no"},"geometry":{"type":"LineString","coordinates":[[-90.5661581,41.5234951],[-90.5661609,41.523402],[-90.566165,41.5232637],[-90.5661678,41.5231693],[-90.566174,41.5229616],[-90.5661803,41.5227492],[-90.5661839,41.522627]]}},{"type":"Feature","properties":{"id":"way/16015543","highway":"service","service":"alley"},"geometry":{"type":"LineString","coordinates":[[-90.5602601,41.526532],[-90.5599684,41.5266404],[-90.5597756,41.5267121],[-90.559652,41.526758],[-90.5587106,41.5271186],[-90.558508,41.527158]]}},{"type":"Feature","properties":{"id":"way/16015561","highway":"service","service":"alley","tiger:cfcc":"A41","tiger:county":"Scott, IA","tiger:reviewed":"no"},"geometry":{"type":"LineString","coordinates":[[-90.563656,41.526245],[-90.5633987,41.5259151]]}},{"type":"Feature","properties":{"id":"way/16015599","highway":"service","tiger:cfcc":"A41","tiger:county":"Scott, IA","tiger:reviewed":"no","tiger:separated":"no","tiger:source":"tiger_import_dch_v0.6_20070810","tiger:tlid":"122745131","tiger:upload_uuid":"bulk_upload.pl-651ea7f4-3bc6-4759-8e6f-67fe900f82a8"},"geometry":{"type":"LineString","coordinates":[[-90.541327,41.549143],[-90.541332,41.549031],[-90.540515,41.549018],[-90.540412,41.549059],[-90.540389,41.549123],[-90.540448,41.549189],[-90.54056,41.549199],[-90.541254,41.549206],[-90.541305,41.549186],[-90.541327,41.549143]]}},{"type":"Feature","properties":{"id":"way/16015718","highway":"service","service":"alley","tiger:cfcc":"A41","tiger:county":"Scott, IA","tiger:reviewed":"no"},"geometry":{"type":"LineString","coordinates":[[-90.571137,41.548613],[-90.570631,41.548611],[-90.570796,41.548186],[-90.571176,41.547205]]}},{"type":"Feature","properties":{"id":"way/16015747","highway":"service","service":"alley","tiger:cfcc":"A41","tiger:county":"Scott, IA","tiger:reviewed":"no"},"geometry":{"type":"LineString","coordinates":[[-90.575129,41.546037],[-90.575113,41.546679],[-90.575091,41.547647]]}},{"type":"Feature","properties":{"id":"way/16015758","highway":"service","service":"alley","tiger:cfcc":"A41","tiger:county":"Scott, IA","tiger:reviewed":"no"},"geometry":{"type":"LineString","coordinates":[[-90.5785011,41.5465179],[-90.576868,41.546505]]}},{"type":"Feature","properties":{"id":"way/16015759","highway":"service","service":"alley","tiger:cfcc":"A41","tiger:county":"Scott, IA","tiger:reviewed":"no"},"geometry":{"type":"LineString","coordinates":[[-90.5721367,41.5460254],[-90.573279,41.546039],[-90.574464,41.546038],[-90.575129,41.546037],[-90.575773,41.54604],[-90.576909,41.546036]]}},{"type":"Feature","properties":{"id":"way/16015762","highway":"service","service":"alley"},"geometry":{"type":"LineString","coordinates":[[-90.557216,41.53831],[-90.5572158,41.5381352],[-90.5572133,41.5361617]]}},{"type":"Feature","properties":{"id":"way/16015765","highway":"service","service":"alley"},"geometry":{"type":"LineString","coordinates":[[-90.5643602,41.5382766],[-90.5643587,41.5364927],[-90.5643607,41.5362419]]}},{"type":"Feature","properties":{"id":"way/16015782","highway":"service","tiger:cfcc":"A41","tiger:county":"Scott, IA","tiger:reviewed":"no"},"geometry":{"type":"LineString","coordinates":[[-90.5514822,41.5446336],[-90.5515915,41.5446333],[-90.5518201,41.5446423],[-90.552441,41.5447013],[-90.5525658,41.5447147],[-90.5526381,41.5447366],[-90.553092,41.5450359],[-90.5534076,41.5452406],[-90.5534861,41.5452985],[-90.5535178,41.5453714],[-90.5535405,41.5454681],[-90.5535395,41.545575],[-90.553536,41.5459388],[-90.5535338,41.5461646],[-90.5535332,41.5462268],[-90.5535098,41.546718],[-90.5535088,41.5467256],[-90.5534956,41.5468282],[-90.5534849,41.5469109],[-90.553488,41.547128],[-90.5534886,41.547187],[-90.5534911,41.5474289],[-90.5534963,41.5479383],[-90.5534938,41.548573],[-90.5534895,41.549186],[-90.553489,41.5492508]]}},{"type":"Feature","properties":{"id":"way/16015784","highway":"service","service":"alley"},"geometry":{"type":"LineString","coordinates":[[-90.5579877,41.5442286],[-90.5579406,41.5442359],[-90.556687,41.544236],[-90.556281,41.544276]]}},{"type":"Feature","properties":{"id":"way/16015790","highway":"service","service":"alley"},"geometry":{"type":"LineString","coordinates":[[-90.559224,41.544225],[-90.5580384,41.5442189],[-90.5579877,41.5442286]]}},{"type":"Feature","properties":{"id":"way/16015794","highway":"service","service":"alley"},"geometry":{"type":"LineString","coordinates":[[-90.559222,41.5446709],[-90.559224,41.544225],[-90.5592672,41.543758],[-90.5592666,41.543316]]}},{"type":"Feature","properties":{"id":"way/16015797","highway":"service","service":"alley"},"geometry":{"type":"LineString","coordinates":[[-90.5664725,41.544315],[-90.5664446,41.544737],[-90.5652916,41.5447278],[-90.5652916,41.5443189]]}},{"type":"Feature","properties":{"id":"way/16015802","highway":"service","service":"alley","tiger:cfcc":"A41","tiger:county":"Scott, IA","tiger:reviewed":"no"},"geometry":{"type":"LineString","coordinates":[[-90.5677066,41.5491586],[-90.567711,41.548189],[-90.567721,41.547221],[-90.5677921,41.5460545],[-90.567776,41.544286],[-90.567793,41.543606],[-90.567789,41.543292],[-90.567806,41.542978],[-90.567833,41.542967],[-90.5684822,41.5429811]]}},{"type":"Feature","properties":{"id":"way/16015809","highway":"service","surface":"asphalt"},"geometry":{"type":"LineString","coordinates":[[-90.55543,41.542855],[-90.555426,41.5432215],[-90.5554222,41.5435671],[-90.5554258,41.5437694]]}},{"type":"Feature","properties":{"id":"way/16015812","highway":"service","service":"alley","tiger:cfcc":"A41","tiger:county":"Scott, IA","tiger:reviewed":"no"},"geometry":{"type":"LineString","coordinates":[[-90.5688565,41.5491511],[-90.568878,41.548188],[-90.568886,41.547215],[-90.5689483,41.546052],[-90.568954,41.544278],[-90.568982,41.543132]]}},{"type":"Feature","properties":{"id":"way/16015816","highway":"service","surface":"asphalt"},"geometry":{"type":"LineString","coordinates":[[-90.5536688,41.5446709],[-90.5536734,41.5445075],[-90.5536787,41.5443185],[-90.5536834,41.5441482],[-90.5540118,41.5441508],[-90.5540108,41.5439817],[-90.5540095,41.5437438],[-90.5540124,41.5435759],[-90.5540132,41.5434819],[-90.5540139,41.543398],[-90.5540181,41.5432298],[-90.5540175,41.5430579],[-90.5543002,41.5430587],[-90.55429,41.542861]]}},{"type":"Feature","properties":{"id":"way/16015986","highway":"service","service":"alley"},"geometry":{"type":"LineString","coordinates":[[-90.579885,41.533531],[-90.580271,41.533544],[-90.582208,41.53352]]}},{"type":"Feature","properties":{"id":"way/16015988","highway":"service","service":"alley"},"geometry":{"type":"LineString","coordinates":[[-90.58221,41.533009],[-90.582208,41.53352],[-90.582199,41.534049]]}},{"type":"Feature","properties":{"id":"way/16015991","highway":"service","service":"alley"},"geometry":{"type":"LineString","coordinates":[[-90.586649,41.532996],[-90.586633,41.533424],[-90.586615,41.533488],[-90.586582,41.533517],[-90.5858051,41.5335161],[-90.585035,41.533521],[-90.584768,41.533525],[-90.58435,41.533516]]}},{"type":"Feature","properties":{"id":"way/16016108","highway":"service","tiger:cfcc":"A41","tiger:county":"Scott, IA","tiger:reviewed":"no","tiger:separated":"no","tiger:source":"tiger_import_dch_v0.6_20070810","tiger:tlid":"122744613","tiger:upload_uuid":"bulk_upload.pl-651ea7f4-3bc6-4759-8e6f-67fe900f82a8"},"geometry":{"type":"LineString","coordinates":[[-90.548101,41.548077],[-90.548065,41.548073],[-90.547986,41.547984],[-90.547818,41.547844],[-90.54774,41.547749],[-90.54759,41.547652],[-90.547429,41.547591],[-90.547292,41.547509]]}},{"type":"Feature","properties":{"id":"way/16016109","highway":"service","tiger:cfcc":"A41","tiger:county":"Scott, IA","tiger:reviewed":"no","tiger:separated":"no","tiger:source":"tiger_import_dch_v0.6_20070810","tiger:tlid":"122744615","tiger:upload_uuid":"bulk_upload.pl-651ea7f4-3bc6-4759-8e6f-67fe900f82a8"},"geometry":{"type":"LineString","coordinates":[[-90.5495371,41.5473958],[-90.5495086,41.5476283]]}},{"type":"Feature","properties":{"id":"way/16016113","highway":"service","tiger:cfcc":"A41","tiger:county":"Scott, IA","tiger:reviewed":"no","tiger:separated":"no","tiger:source":"tiger_import_dch_v0.6_20070810","tiger:tlid":"122744616","tiger:upload_uuid":"bulk_upload.pl-651ea7f4-3bc6-4759-8e6f-67fe900f82a8"},"geometry":{"type":"LineString","coordinates":[[-90.546904,41.547372],[-90.546591,41.54735],[-90.546538,41.547392],[-90.546483,41.547499],[-90.546435,41.547692],[-90.546409,41.547842],[-90.546416,41.547936],[-90.546373,41.548267],[-90.546395,41.548775]]}},{"type":"Feature","properties":{"id":"way/16016205","highway":"service","surface":"asphalt"},"geometry":{"type":"LineString","coordinates":[[-90.5937374,41.5418908],[-90.5937327,41.5419451],[-90.5937337,41.5421112],[-90.5937298,41.5422329],[-90.593717,41.5428756],[-90.5937166,41.5430864],[-90.593962,41.5430868],[-90.5941521,41.543087],[-90.5942285,41.5430871],[-90.5944759,41.5430875],[-90.595282,41.5431031],[-90.5953349,41.5431041]]}},{"type":"Feature","properties":{"id":"way/16016212","highway":"service","service":"parking_aisle","surface":"asphalt"},"geometry":{"type":"LineString","coordinates":[[-90.5932491,41.5423354],[-90.5923658,41.54234],[-90.5919485,41.5423421],[-90.5919539,41.5425007],[-90.5919553,41.5426606],[-90.5916666,41.5426623],[-90.5916628,41.5428269],[-90.5920442,41.5428263],[-90.5924836,41.5428256]]}},{"type":"Feature","properties":{"id":"way/16016223","highway":"service","surface":"asphalt"},"geometry":{"type":"LineString","coordinates":[[-90.5953369,41.5426526],[-90.5952742,41.5426514],[-90.595131,41.5426486]]}},{"type":"Feature","properties":{"id":"way/16016233","highway":"service","service":"parking_aisle","surface":"asphalt"},"geometry":{"type":"LineString","coordinates":[[-90.594115,41.542238],[-90.5941136,41.5422824],[-90.5941083,41.542455],[-90.5951774,41.542455],[-90.5951776,41.5424474],[-90.5951818,41.542283],[-90.595181,41.542108],[-90.5941214,41.542109],[-90.594121,41.542117],[-90.594115,41.542238]]}},{"type":"Feature","properties":{"id":"way/16016253","highway":"service","service":"alley"},"geometry":{"type":"LineString","coordinates":[[-90.5921423,41.5418895],[-90.592138,41.541268],[-90.592149,41.540675],[-90.59216,41.540066],[-90.592171,41.539474]]}},{"type":"Feature","properties":{"id":"way/16016259","highway":"service","service":"alley"},"geometry":{"type":"LineString","coordinates":[[-90.592138,41.541268],[-90.593505,41.54127],[-90.593727,41.54126]]}},{"type":"Feature","properties":{"id":"way/16016263","highway":"service","service":"alley"},"geometry":{"type":"LineString","coordinates":[[-90.5944383,41.5418876],[-90.594414,41.541251],[-90.594429,41.540676]]}},{"type":"Feature","properties":{"id":"way/16016268","highway":"service","service":"alley"},"geometry":{"type":"LineString","coordinates":[[-90.594414,41.541251],[-90.596187,41.541268],[-90.598619,41.541278]]}},{"type":"Feature","properties":{"id":"way/16016321","highway":"service","service":"alley"},"geometry":{"type":"LineString","coordinates":[[-90.5627351,41.552813],[-90.5627472,41.551002],[-90.5627749,41.5491909],[-90.562791,41.548188],[-90.5628085,41.5470914],[-90.5628261,41.5459443]]}},{"type":"Feature","properties":{"id":"way/16016346","highway":"service","service":"alley"},"geometry":{"type":"LineString","coordinates":[[-90.5652107,41.5491749],[-90.565211,41.548185],[-90.5652201,41.5470781],[-90.56523,41.5459322]]}},{"type":"Feature","properties":{"id":"way/16016354","highway":"service","service":"alley","tiger:cfcc":"A41","tiger:county":"Scott, IA","tiger:reviewed":"no"},"geometry":{"type":"LineString","coordinates":[[-90.566342,41.552799],[-90.566367,41.55098],[-90.5663907,41.5491672],[-90.5664,41.548183],[-90.566428,41.5470714]]}},{"type":"Feature","properties":{"id":"way/16016361","highway":"service","service":"alley","tiger:cfcc":"A41","tiger:county":"Scott, IA","tiger:reviewed":"no"},"geometry":{"type":"LineString","coordinates":[[-90.56583,41.546748],[-90.5670667,41.5467474]]}},{"type":"Feature","properties":{"id":"way/16016367","highway":"service","service":"alley","tiger:cfcc":"A41","tiger:county":"Scott, IA","tiger:reviewed":"no"},"geometry":{"type":"LineString","coordinates":[[-90.557949,41.546537],[-90.5598405,41.5465283]]}},{"type":"Feature","properties":{"id":"way/16016372","highway":"service","service":"parking_aisle","tiger:cfcc":"A41","tiger:county":"Scott, IA","tiger:reviewed":"no"},"geometry":{"type":"LineString","coordinates":[[-90.5514713,41.5463144],[-90.5515822,41.5463168],[-90.5517843,41.5463213],[-90.5517994,41.5469469],[-90.5517982,41.5476031],[-90.5517981,41.5476521]]}},{"type":"Feature","properties":{"id":"way/16016383","highway":"service","service":"alley"},"geometry":{"type":"LineString","coordinates":[[-90.555307,41.5459821],[-90.555332,41.546497],[-90.555329,41.546982],[-90.555337,41.547077],[-90.555497,41.547535],[-90.555558,41.547612],[-90.555666,41.547618],[-90.555835,41.547609]]}},{"type":"Feature","properties":{"id":"way/16016390","highway":"service","service":"alley","tiger:cfcc":"A41","tiger:county":"Scott, IA","tiger:reviewed":"no"},"geometry":{"type":"LineString","coordinates":[[-90.565838,41.546212],[-90.5670698,41.546214]]}},{"type":"Feature","properties":{"id":"way/16016483","highway":"service","service":"alley","tiger:cfcc":"A41","tiger:county":"Scott, IA","tiger:reviewed":"no"},"geometry":{"type":"LineString","coordinates":[[-90.538736,41.533541],[-90.539343,41.533433],[-90.5399109,41.5332849],[-90.54044,41.533176],[-90.5407468,41.5331017],[-90.5409399,41.5330254],[-90.5412296,41.5328527],[-90.5415407,41.5327122],[-90.5417124,41.5326479],[-90.541877,41.532632],[-90.542531,41.532637],[-90.5433794,41.5326462]]}},{"type":"Feature","properties":{"id":"way/16016484","highway":"service","service":"alley","tiger:cfcc":"A41","tiger:county":"Scott, IA","tiger:reviewed":"no"},"geometry":{"type":"LineString","coordinates":[[-90.544568,41.534284],[-90.544587,41.533913],[-90.544607,41.53315]]}},{"type":"Feature","properties":{"id":"way/16016616","highway":"service","surface":"asphalt"},"geometry":{"type":"LineString","coordinates":[[-90.590892,41.52052],[-90.5896823,41.5205108]]}},{"type":"Feature","properties":{"id":"way/16016627","highway":"service","service":"alley"},"geometry":{"type":"LineString","coordinates":[[-90.600621,41.520397],[-90.6004794,41.5204337],[-90.5989831,41.5208214]]}},{"type":"Feature","properties":{"id":"way/16016726","highway":"service","tiger:cfcc":"A41","tiger:county":"Scott, IA","tiger:reviewed":"no","tiger:separated":"no","tiger:source":"tiger_import_dch_v0.6_20070810","tiger:tlid":"122744584","tiger:upload_uuid":"bulk_upload.pl-651ea7f4-3bc6-4759-8e6f-67fe900f82a8"},"geometry":{"type":"LineString","coordinates":[[-90.547796,41.547374],[-90.547921,41.547271],[-90.548071,41.54719]]}},{"type":"Feature","properties":{"id":"way/16016729","highway":"service","tiger:cfcc":"A41","tiger:county":"Scott, IA","tiger:reviewed":"no","tiger:separated":"no","tiger:source":"tiger_import_dch_v0.6_20070810","tiger:tlid":"122744585:122744622","tiger:upload_uuid":"bulk_upload.pl-651ea7f4-3bc6-4759-8e6f-67fe900f82a8"},"geometry":{"type":"LineString","coordinates":[[-90.549399,41.54772],[-90.549073,41.547682],[-90.548811,41.547605],[-90.54862,41.547529],[-90.548166,41.547269],[-90.548071,41.54719],[-90.547978,41.547114],[-90.547842,41.546938],[-90.547796,41.5468],[-90.547761,41.546649],[-90.547755,41.546512]]}},{"type":"Feature","properties":{"id":"way/16016735","highway":"service","tiger:cfcc":"A41","tiger:county":"Scott, IA","tiger:reviewed":"no","tiger:separated":"no","tiger:source":"tiger_import_dch_v0.6_20070810","tiger:tlid":"122744589:122744625:122744539:122744593","tiger:upload_uuid":"bulk_upload.pl-651ea7f4-3bc6-4759-8e6f-67fe900f82a8"},"geometry":{"type":"LineString","coordinates":[[-90.547113,41.54464],[-90.547069,41.544714],[-90.547092,41.545261],[-90.547107,41.545602],[-90.547118,41.545844],[-90.547142,41.54601],[-90.547229,41.546134],[-90.547317,41.546237],[-90.547395,41.546346],[-90.547441,41.546469],[-90.547448,41.546563],[-90.547413,41.546663]]}},{"type":"Feature","properties":{"id":"way/16016775","highway":"service","service":"parking_aisle","surface":"asphalt"},"geometry":{"type":"LineString","coordinates":[[-90.574823,41.5246508],[-90.5748217,41.5250533],[-90.5755606,41.5250551]]}},{"type":"Feature","properties":{"id":"way/16016777","highway":"service","service":"driveway"},"geometry":{"type":"LineString","coordinates":[[-90.5880545,41.5258416],[-90.588056,41.5256818]]}},{"type":"Feature","properties":{"id":"way/16016779","highway":"service","surface":"asphalt"},"geometry":{"type":"LineString","coordinates":[[-90.5883526,41.5267812],[-90.58836,41.5267061],[-90.5883674,41.5266283],[-90.5883879,41.5265685],[-90.5885563,41.5263432]]}},{"type":"Feature","properties":{"id":"way/16016785","highway":"service","service":"alley"},"geometry":{"type":"LineString","coordinates":[[-90.5770338,41.5262891],[-90.5784963,41.5262817]]}},{"type":"Feature","properties":{"id":"way/16016791","highway":"service","service":"alley","tiger:cfcc":"A41","tiger:county":"Scott, IA","tiger:reviewed":"no"},"geometry":{"type":"LineString","coordinates":[[-90.560354,41.532874],[-90.560327,41.53229],[-90.560306,41.531852],[-90.5603308,41.5299237]]}},{"type":"Feature","properties":{"id":"way/16016793","highway":"service","service":"alley","tiger:cfcc":"A41","tiger:county":"Scott, IA","tiger:reviewed":"no"},"geometry":{"type":"LineString","coordinates":[[-90.56174,41.532872],[-90.5618046,41.5318402],[-90.5617877,41.5299281]]}},{"type":"Feature","properties":{"id":"way/16016855","highway":"service","surface":"asphalt"},"geometry":{"type":"LineString","coordinates":[[-90.5891552,41.5286992],[-90.5891275,41.5286038],[-90.5890852,41.5285476],[-90.5891056,41.5283356],[-90.5891506,41.5282707]]}},{"type":"Feature","properties":{"id":"way/16017052","highway":"service","service":"parking_aisle","surface":"asphalt"},"geometry":{"type":"LineString","coordinates":[[-90.5977027,41.5311617],[-90.5963286,41.5311464]]}},{"type":"Feature","properties":{"id":"way/16017057","highway":"service","surface":"asphalt"},"geometry":{"type":"LineString","coordinates":[[-90.598145,41.531661],[-90.5981428,41.5311882],[-90.598142,41.531004],[-90.59811,41.530632],[-90.5981146,41.5305066],[-90.5981152,41.5302995],[-90.5982198,41.5301589],[-90.5984425,41.5300183],[-90.598716,41.5299059],[-90.5989574,41.5298416],[-90.5990567,41.5297874],[-90.5991801,41.5297573],[-90.5994161,41.5297312],[-90.5994939,41.529665],[-90.5995448,41.5296007],[-90.5995716,41.5295188]]}},{"type":"Feature","properties":{"id":"way/16017062","highway":"service","service":"alley","tiger:cfcc":"A41","tiger:county":"Scott, IA","tiger:reviewed":"no"},"geometry":{"type":"LineString","coordinates":[[-90.5460441,41.5414907],[-90.5460763,41.5398847],[-90.5460841,41.5394118]]}},{"type":"Feature","properties":{"id":"way/16017068","highway":"service","tiger:cfcc":"A41","tiger:county":"Scott, IA","tiger:reviewed":"no","tiger:separated":"no","tiger:source":"tiger_import_dch_v0.6_20070810","tiger:tlid":"122738093","tiger:upload_uuid":"bulk_upload.pl-651ea7f4-3bc6-4759-8e6f-67fe900f82a8"},"geometry":{"type":"LineString","coordinates":[[-90.541651,41.540237],[-90.541543,41.540227],[-90.541453,41.54016],[-90.540989,41.539489],[-90.540962,41.53938],[-90.541088,41.53903],[-90.541898,41.539012]]}},{"type":"Feature","properties":{"id":"way/16017071","highway":"service","service":"alley","tiger:cfcc":"A41","tiger:county":"Scott, IA","tiger:reviewed":"no"},"geometry":{"type":"LineString","coordinates":[[-90.5447385,41.5389005],[-90.5442745,41.5389043],[-90.541898,41.538913]]}},{"type":"Feature","properties":{"id":"way/16017073","highway":"service","tiger:cfcc":"A41","tiger:county":"Scott, IA","tiger:reviewed":"no","tiger:separated":"no","tiger:source":"tiger_import_dch_v0.6_20070810","tiger:tlid":"122738096","tiger:upload_uuid":"bulk_upload.pl-651ea7f4-3bc6-4759-8e6f-67fe900f82a8"},"geometry":{"type":"LineString","coordinates":[[-90.543183,41.5383846],[-90.543191,41.538788]]}},{"type":"Feature","properties":{"id":"way/16017112","highway":"service","service":"alley"},"geometry":{"type":"LineString","coordinates":[[-90.5637735,41.5376662],[-90.563132,41.537661],[-90.562527,41.5376607]]}},{"type":"Feature","properties":{"id":"way/16017128","highway":"service","tiger:cfcc":"A41","tiger:county":"Scott, IA","tiger:reviewed":"no"},"geometry":{"type":"LineString","coordinates":[[-90.5696979,41.5371601],[-90.5689839,41.5371572],[-90.5688063,41.5372347],[-90.5687336,41.5372646],[-90.5686799,41.5372741],[-90.5684165,41.5372743],[-90.5682556,41.5372732]]}},{"type":"Feature","properties":{"id":"way/16017142","highway":"service","service":"alley","tiger:cfcc":"A41","tiger:county":"Scott, IA","tiger:reviewed":"no"},"geometry":{"type":"LineString","coordinates":[[-90.5625266,41.5367705],[-90.561226,41.536757]]}},{"type":"Feature","properties":{"id":"way/16017152","highway":"service","service":"alley"},"geometry":{"type":"LineString","coordinates":[[-90.55084,41.538345],[-90.5508421,41.5379215],[-90.5508428,41.5377756],[-90.5508433,41.5376642],[-90.5508435,41.537622],[-90.5508438,41.5375668],[-90.5508446,41.5374052],[-90.5508724,41.536515],[-90.5508899,41.5357288]]}},{"type":"Feature","properties":{"id":"way/16017164","highway":"service","service":"alley","tiger:cfcc":"A41","tiger:county":"Scott, IA","tiger:reviewed":"no"},"geometry":{"type":"LineString","coordinates":[[-90.5696999,41.536744],[-90.568993,41.5367461],[-90.5682513,41.5367526],[-90.5675222,41.5367455],[-90.566772,41.536749],[-90.5649613,41.5367533]]}},{"type":"Feature","properties":{"id":"way/16017177","highway":"service","service":"alley","tiger:cfcc":"A41","tiger:county":"Scott, IA","tiger:reviewed":"no"},"geometry":{"type":"LineString","coordinates":[[-90.5675321,41.538282],[-90.5675222,41.5367455],[-90.5675313,41.5362327]]}},{"type":"Feature","properties":{"id":"way/16017182","highway":"service"},"geometry":{"type":"LineString","coordinates":[[-90.5992805,41.519025],[-90.5992283,41.519151],[-90.599112,41.519109],[-90.599007,41.51906],[-90.598932,41.519014],[-90.598869,41.518945],[-90.598853,41.518903],[-90.598851,41.518859],[-90.598884,41.518816],[-90.598923,41.518792],[-90.598986,41.518774],[-90.599111,41.518772],[-90.599197,41.518795],[-90.599244,41.518823],[-90.599277,41.518863],[-90.5993002,41.5189376],[-90.5992805,41.519025]]}},{"type":"Feature","properties":{"id":"way/16017354","highway":"service","service":"alley"},"geometry":{"type":"LineString","coordinates":[[-90.5785063,41.537749],[-90.5791518,41.5377465],[-90.5798462,41.5377537],[-90.5828355,41.5377331],[-90.5857433,41.5377218],[-90.5872901,41.5377184],[-90.5888666,41.5377103],[-90.5907587,41.537703]]}},{"type":"Feature","properties":{"id":"way/16017386","highway":"service","service":"alley","tiger:cfcc":"A41","tiger:county":"Scott, IA","tiger:reviewed":"no"},"geometry":{"type":"LineString","coordinates":[[-90.5716785,41.5374786],[-90.5716845,41.5371272],[-90.5716824,41.5367868]]}},{"type":"Feature","properties":{"id":"way/16017389","highway":"service","service":"alley","tiger:cfcc":"A41","tiger:county":"Scott, IA","tiger:reviewed":"no"},"geometry":{"type":"LineString","coordinates":[[-90.5716845,41.5371272],[-90.5726423,41.537129]]}},{"type":"Feature","properties":{"id":"way/16017491","highway":"service","service":"alley","tiger:cfcc":"A41","tiger:county":"Scott, IA","tiger:reviewed":"no"},"geometry":{"type":"LineString","coordinates":[[-90.574101,41.5207611],[-90.5742397,41.5207609],[-90.5754761,41.5207592],[-90.5756023,41.520759]]}},{"type":"Feature","properties":{"id":"way/16017494","highway":"service","service":"alley","surface":"paved"},"geometry":{"type":"LineString","coordinates":[[-90.5785344,41.5207636],[-90.5786511,41.5207636],[-90.5787898,41.5207636],[-90.5789564,41.5207636],[-90.5790116,41.5207636],[-90.579207,41.5207633],[-90.5798896,41.5207624],[-90.5800069,41.5207622],[-90.5801387,41.520762],[-90.5802775,41.5207618],[-90.5805149,41.5207615],[-90.5807348,41.5207612],[-90.5809503,41.5207609],[-90.5809601,41.5207609],[-90.5811868,41.5207605],[-90.5813938,41.5207602],[-90.581503,41.5207601],[-90.5816715,41.5207597],[-90.5823352,41.5207581],[-90.5825299,41.5207576],[-90.5829084,41.5207567],[-90.5830134,41.5207564]]}},{"type":"Feature","properties":{"id":"way/16017508","highway":"service","service":"parking_aisle","surface":"asphalt"},"geometry":{"type":"LineString","coordinates":[[-90.579013,41.520284],[-90.5790117,41.5203317],[-90.5790117,41.5203834],[-90.5790116,41.5207636]]}},{"type":"Feature","properties":{"id":"way/16017516","highway":"service","service":"alley"},"geometry":{"type":"LineString","coordinates":[[-90.5624069,41.5387696],[-90.5624965,41.5387489],[-90.5629845,41.5387635]]}},{"type":"Feature","properties":{"id":"way/16017601","highway":"service","service":"driveway"},"geometry":{"type":"LineString","coordinates":[[-90.5671476,41.5428161],[-90.5674114,41.5428174]]}},{"type":"Feature","properties":{"id":"way/16017640","highway":"service","surface":"paved"},"geometry":{"type":"LineString","coordinates":[[-90.592592,41.517151],[-90.592559,41.518182]]}},{"type":"Feature","properties":{"id":"way/16017777","highway":"service","tiger:cfcc":"A41","tiger:county":"Scott, IA","tiger:reviewed":"no"},"geometry":{"type":"LineString","coordinates":[[-90.57992,41.5382868],[-90.5799124,41.5387795]]}},{"type":"Feature","properties":{"id":"way/16017804","highway":"service","service":"alley"},"geometry":{"type":"LineString","coordinates":[[-90.594271,41.548645],[-90.594244,41.548866],[-90.59421,41.54891],[-90.594121,41.548989],[-90.593268,41.549866],[-90.593672,41.550097],[-90.59416,41.550349],[-90.594536,41.550543],[-90.594729,41.550633],[-90.595021,41.550769],[-90.595206,41.550837],[-90.595278,41.550848],[-90.595425,41.550872],[-90.595976,41.550894]]}},{"type":"Feature","properties":{"id":"way/16017894","highway":"service","service":"alley"},"geometry":{"type":"LineString","coordinates":[[-90.5865261,41.5418927],[-90.5865124,41.5418264],[-90.5865236,41.5407193],[-90.586524,41.540683],[-90.586525,41.5406393],[-90.5865499,41.5395252],[-90.586551,41.539475],[-90.5865522,41.5394246],[-90.586567,41.538792]]}},{"type":"Feature","properties":{"id":"way/16017904","highway":"service","service":"alley"},"geometry":{"type":"LineString","coordinates":[[-90.587972,41.538259],[-90.5879693,41.5383273],[-90.587951,41.538788],[-90.5879427,41.5394225],[-90.587942,41.539476],[-90.5879413,41.5395262],[-90.5879257,41.5406294],[-90.587925,41.540682],[-90.5879243,41.5407313],[-90.587919,41.54113],[-90.587919,41.5418296],[-90.5879198,41.5418939]]}},{"type":"Feature","properties":{"id":"way/16017914","highway":"service","service":"alley"},"geometry":{"type":"LineString","coordinates":[[-90.5893121,41.541895],[-90.5893095,41.5418263],[-90.5893296,41.5407237],[-90.5893304,41.5406822],[-90.5893314,41.5406268],[-90.5893509,41.5395216],[-90.5893518,41.5394731],[-90.5893528,41.5394173],[-90.589364,41.538788]]}},{"type":"Feature","properties":{"id":"way/16017919","highway":"service","service":"alley","tiger:cfcc":"A41","tiger:county":"Scott, IA","tiger:reviewed":"no"},"geometry":{"type":"LineString","coordinates":[[-90.570232,41.539524],[-90.57025,41.538726]]}},{"type":"Feature","properties":{"id":"way/16018042","highway":"service","service":"alley","surface":"paved"},"geometry":{"type":"LineString","coordinates":[[-90.5891757,41.5229274],[-90.590906,41.5229034],[-90.5911139,41.5229027],[-90.5915619,41.5229013],[-90.59199,41.5229073],[-90.5922373,41.5228992],[-90.592461,41.5228984],[-90.5926968,41.5228977],[-90.5930361,41.5228966],[-90.594355,41.5228924],[-90.5967624,41.5228872],[-90.598988,41.5228776],[-90.6009398,41.5228714],[-90.6011929,41.5228706],[-90.601999,41.522868]]}},{"type":"Feature","properties":{"id":"way/16018055","highway":"service","service":"alley","tiger:cfcc":"A41","tiger:county":"Scott, IA","tiger:reviewed":"no"},"geometry":{"type":"LineString","coordinates":[[-90.554415,41.534694],[-90.5544104,41.5325308],[-90.554397,41.532295]]}},{"type":"Feature","properties":{"id":"way/16018096","highway":"service","tiger:cfcc":"A41","tiger:county":"Scott, IA","tiger:reviewed":"no","tiger:separated":"no","tiger:source":"tiger_import_dch_v0.6_20070810","tiger:tlid":"122744541:122744591","tiger:upload_uuid":"bulk_upload.pl-651ea7f4-3bc6-4759-8e6f-67fe900f82a8"},"geometry":{"type":"LineString","coordinates":[[-90.546652,41.544622],[-90.546648,41.545263],[-90.546647,41.54561]]}},{"type":"Feature","properties":{"id":"way/16018257","highway":"service","service":"alley"},"geometry":{"type":"LineString","coordinates":[[-90.593808,41.550676],[-90.59416,41.550349],[-90.594512,41.550021],[-90.595117,41.549399],[-90.595464,41.549398],[-90.596006,41.54941]]}},{"type":"Feature","properties":{"id":"way/16018474","highway":"service","surface":"asphalt"},"geometry":{"type":"LineString","coordinates":[[-90.5944759,41.5430875],[-90.5944738,41.542951]]}},{"type":"Feature","properties":{"id":"way/16018487","highway":"service","service":"parking_aisle","surface":"asphalt"},"geometry":{"type":"LineString","coordinates":[[-90.595131,41.5426486],[-90.5951232,41.542788],[-90.595114,41.542952],[-90.5944738,41.542951],[-90.594227,41.5429517],[-90.594092,41.5429521],[-90.5940911,41.5427849],[-90.5940902,41.5426173],[-90.5951326,41.5426113],[-90.595131,41.5426486]]}},{"type":"Feature","properties":{"id":"way/16018501","highway":"service","service":"alley","tiger:cfcc":"A41","tiger:county":"Scott, IA","tiger:reviewed":"no"},"geometry":{"type":"LineString","coordinates":[[-90.555785,41.532294],[-90.555823,41.534592],[-90.5558192,41.5350698]]}},{"type":"Feature","properties":{"id":"way/16018504","highway":"service","service":"alley","tiger:cfcc":"A41","tiger:county":"Scott, IA","tiger:reviewed":"no"},"geometry":{"type":"LineString","coordinates":[[-90.5592305,41.5322834],[-90.560327,41.53229]]}},{"type":"Feature","properties":{"id":"way/16018566","highway":"service","service":"alley"},"geometry":{"type":"LineString","coordinates":[[-90.564741,41.541432],[-90.563688,41.541413],[-90.5623158,41.5414163]]}},{"type":"Feature","properties":{"id":"way/16018578","highway":"service","service":"alley"},"geometry":{"type":"LineString","coordinates":[[-90.552105,41.542404],[-90.552116,41.541928],[-90.5521268,41.5414537],[-90.552137,41.541007]]}},{"type":"Feature","properties":{"id":"way/16018594","highway":"service","surface":"asphalt"},"geometry":{"type":"LineString","coordinates":[[-90.558067,41.541454],[-90.5586868,41.5414486],[-90.558709,41.540952]]}},{"type":"Feature","properties":{"id":"way/16018603","highway":"service","service":"alley"},"geometry":{"type":"LineString","coordinates":[[-90.5574962,41.5408786],[-90.5574995,41.5407128],[-90.5575096,41.5405555],[-90.5575438,41.539561],[-90.557533,41.539033],[-90.5575434,41.5387967],[-90.5575487,41.5386903],[-90.557597,41.5386422],[-90.5576775,41.5386241],[-90.5578894,41.5386301],[-90.5581583,41.5386343]]}},{"type":"Feature","properties":{"id":"way/16018607","highway":"service","tiger:cfcc":"A41","tiger:county":"Scott, IA","tiger:reviewed":"no","tiger:separated":"no","tiger:source":"tiger_import_dch_v0.6_20070810","tiger:tlid":"122737957","tiger:upload_uuid":"bulk_upload.pl-651ea7f4-3bc6-4759-8e6f-67fe900f82a8"},"geometry":{"type":"LineString","coordinates":[[-90.5575096,41.5405555],[-90.5581344,41.5405685]]}},{"type":"Feature","properties":{"id":"way/16018611","highway":"service","service":"alley","tiger:cfcc":"A41","tiger:county":"Scott, IA","tiger:reviewed":"no"},"geometry":{"type":"LineString","coordinates":[[-90.5679082,41.538281],[-90.5678986,41.5388179],[-90.567886,41.5395193],[-90.5678681,41.5406749],[-90.567883,41.540728],[-90.5679179,41.5407875],[-90.567837,41.542253],[-90.5684934,41.5422631]]}},{"type":"Feature","properties":{"id":"way/16018658","highway":"service","service":"alley"},"geometry":{"type":"LineString","coordinates":[[-90.589007,41.526231],[-90.590428,41.526226],[-90.590871,41.526225],[-90.5910776,41.5262232],[-90.592507,41.5262181],[-90.594312,41.526214],[-90.595427,41.52621],[-90.5970668,41.526234],[-90.598431,41.526237],[-90.5998083,41.526243],[-90.601176,41.526241],[-90.6036592,41.5262475]]}},{"type":"Feature","properties":{"id":"way/16018977","highway":"service","tiger:cfcc":"A41","tiger:county":"Scott, IA","tiger:reviewed":"no","tiger:separated":"no","tiger:source":"tiger_import_dch_v0.6_20070810","tiger:tlid":"122744668","tiger:upload_uuid":"bulk_upload.pl-651ea7f4-3bc6-4759-8e6f-67fe900f82a8"},"geometry":{"type":"LineString","coordinates":[[-90.545855,41.546961],[-90.545616,41.547214],[-90.54553,41.547335],[-90.545375,41.547641]]}},{"type":"Feature","properties":{"id":"way/16019069","highway":"service","service":"alley"},"geometry":{"type":"LineString","coordinates":[[-90.5944568,41.5382654],[-90.5944591,41.5378266],[-90.594464,41.536867]]}},{"type":"Feature","properties":{"id":"way/16019071","highway":"service","service":"alley"},"geometry":{"type":"LineString","coordinates":[[-90.5931662,41.5382642],[-90.5931655,41.537832],[-90.593164,41.53686]]}},{"type":"Feature","properties":{"id":"way/16019085","highway":"service","service":"alley"},"geometry":{"type":"LineString","coordinates":[[-90.595608,41.536871],[-90.595596,41.537588],[-90.5956064,41.5382606]]}},{"type":"Feature","properties":{"id":"way/16019292","highway":"service","service":"alley"},"geometry":{"type":"LineString","coordinates":[[-90.583006,41.545523],[-90.583006,41.5454309],[-90.583007,41.543606],[-90.5830173,41.5434577],[-90.583022,41.543389]]}},{"type":"Feature","properties":{"id":"way/16019304","highway":"service","tiger:cfcc":"A41","tiger:county":"Scott, IA","tiger:reviewed":"no"},"geometry":{"type":"LineString","coordinates":[[-90.57792,41.540663],[-90.5779198,41.5405914],[-90.5779195,41.5404832],[-90.5779182,41.5399958],[-90.5779173,41.5396544],[-90.577917,41.5395364],[-90.5779168,41.5394675],[-90.577917,41.5394018],[-90.5779179,41.5390041],[-90.5779142,41.5388306],[-90.5779135,41.5387987]]}},{"type":"Feature","properties":{"id":"way/16019617","highway":"service","service":"alley","tiger:cfcc":"A41","tiger:county":"Scott, IA","tiger:reviewed":"no"},"geometry":{"type":"LineString","coordinates":[[-90.56348,41.529391],[-90.562194,41.5294101],[-90.562197,41.527839],[-90.562162,41.527368]]}},{"type":"Feature","properties":{"id":"way/16019619","highway":"residential","maxspeed":"25 mph","name":"East 7th Street","surface":"brick","tiger:cfcc":"A41","tiger:county":"Scott, IA","tiger:reviewed":"no"},"geometry":{"type":"LineString","coordinates":[[-90.5647333,41.5269477],[-90.562718,41.527763]]}},{"type":"Feature","properties":{"id":"way/16019628","highway":"service","service":"alley"},"geometry":{"type":"LineString","coordinates":[[-90.5863494,41.5418917],[-90.5863469,41.541936],[-90.586317,41.542371],[-90.5863388,41.5426047],[-90.587122,41.542508],[-90.58764,41.542425],[-90.587871,41.542399],[-90.5882363,41.5424007],[-90.588311,41.542401],[-90.5884276,41.5424001],[-90.5898992,41.5423888],[-90.5900004,41.542388],[-90.5900877,41.5423885],[-90.590576,41.542391],[-90.5912365,41.5423883],[-90.5913307,41.5423906]]}},{"type":"Feature","properties":{"id":"way/16019633","highway":"service","service":"alley"},"geometry":{"type":"LineString","coordinates":[[-90.58658,41.532996],[-90.586601,41.532263],[-90.586605,41.531734],[-90.586596,41.531677],[-90.586565,41.531653],[-90.5858323,41.5316494]]}},{"type":"Feature","properties":{"id":"way/16019651","highway":"service","service":"alley","tiger:cfcc":"A41","tiger:county":"Scott, IA","tiger:reviewed":"no"},"geometry":{"type":"LineString","coordinates":[[-90.541131,41.531272],[-90.540087,41.530708],[-90.53902,41.530072],[-90.538369,41.529685],[-90.537895,41.529918],[-90.537688,41.529993],[-90.53741,41.530074],[-90.536693,41.530108],[-90.536688,41.530406]]}},{"type":"Feature","properties":{"id":"way/16019661","highway":"service","service":"parking_aisle","tiger:cfcc":"A41","tiger:county":"Scott, IA","tiger:reviewed":"no"},"geometry":{"type":"LineString","coordinates":[[-90.5470969,41.5311001],[-90.54709,41.5310277],[-90.547104,41.530886],[-90.547193,41.5307118],[-90.547371,41.530554],[-90.547924,41.529969],[-90.5478599,41.5298694],[-90.5478175,41.5298088]]}},{"type":"Feature","properties":{"id":"way/16019822","highway":"service","tiger:cfcc":"A41","tiger:county":"Scott, IA","tiger:reviewed":"no","tiger:separated":"no","tiger:source":"tiger_import_dch_v0.6_20070810","tiger:tlid":"122738014","tiger:upload_uuid":"bulk_upload.pl-651ea7f4-3bc6-4759-8e6f-67fe900f82a8"},"geometry":{"type":"LineString","coordinates":[[-90.566781,41.535748],[-90.5682496,41.535749]]}},{"type":"Feature","properties":{"id":"way/16019824","highway":"service","service":"alley","tiger:cfcc":"A41","tiger:county":"Scott, IA","tiger:reviewed":"no"},"geometry":{"type":"LineString","coordinates":[[-90.557894,41.535577],[-90.561412,41.535588],[-90.5625517,41.5356018],[-90.562892,41.535604],[-90.563762,41.535596],[-90.564964,41.5356122],[-90.566783,41.535607]]}},{"type":"Feature","properties":{"id":"way/16019826","highway":"service","service":"alley","tiger:cfcc":"A41","tiger:county":"Scott, IA","tiger:reviewed":"no"},"geometry":{"type":"LineString","coordinates":[[-90.553092,41.53573],[-90.553096,41.535291]]}},{"type":"Feature","properties":{"id":"way/16019830","highway":"service","service":"alley","tiger:cfcc":"A41","tiger:county":"Scott, IA","tiger:reviewed":"no"},"geometry":{"type":"LineString","coordinates":[[-90.5682437,41.5356052],[-90.5697078,41.5356073],[-90.5712093,41.5356093]]}},{"type":"Feature","properties":{"id":"way/16019851","highway":"service","service":"alley"},"geometry":{"type":"LineString","coordinates":[[-90.562855,41.5439081],[-90.5628581,41.5444161],[-90.5628293,41.5455596]]}},{"type":"Feature","properties":{"id":"way/16019857","highway":"service","service":"alley"},"geometry":{"type":"LineString","coordinates":[[-90.564051,41.5439094],[-90.564044,41.545562]]}},{"type":"Feature","properties":{"id":"way/16019867","highway":"service","service":"parking_aisle","surface":"asphalt"},"geometry":{"type":"LineString","coordinates":[[-90.5563569,41.5435734],[-90.5554222,41.5435671]]}},{"type":"Feature","properties":{"id":"way/16019874","highway":"service","service":"alley"},"geometry":{"type":"LineString","coordinates":[[-90.5623024,41.5433116],[-90.561711,41.5433107],[-90.5611049,41.5433007],[-90.5604951,41.5432981],[-90.5598809,41.543306],[-90.5592666,41.543316],[-90.55801,41.543325]]}},{"type":"Feature","properties":{"id":"way/16020043","highway":"service","service":"alley"},"geometry":{"type":"LineString","coordinates":[[-90.587346,41.533515],[-90.5889263,41.5335114],[-90.5907942,41.5335071]]}},{"type":"Feature","properties":{"id":"way/16020048","highway":"service","surface":"asphalt"},"geometry":{"type":"LineString","coordinates":[[-90.579885,41.533153],[-90.5788728,41.5331427],[-90.5785095,41.533139]]}},{"type":"Feature","properties":{"id":"way/16020067","highway":"service","service":"alley"},"geometry":{"type":"LineString","coordinates":[[-90.583623,41.534038],[-90.583626,41.533007],[-90.583635,41.532166],[-90.583672,41.530957]]}},{"type":"Feature","properties":{"id":"way/16020069","highway":"service","service":"parking_aisle","surface":"asphalt"},"geometry":{"type":"LineString","coordinates":[[-90.5765566,41.5329196],[-90.5765598,41.5327856],[-90.5765751,41.5321316],[-90.5767958,41.5321347],[-90.5770069,41.5321376],[-90.5770188,41.5327856],[-90.5767982,41.5327856],[-90.5765598,41.5327856]]}},{"type":"Feature","properties":{"id":"way/16020266","highway":"service","tiger:cfcc":"A41","tiger:county":"Scott, IA","tiger:reviewed":"no","tiger:separated":"no","tiger:source":"tiger_import_dch_v0.6_20070810","tiger:tlid":"122744620","tiger:upload_uuid":"bulk_upload.pl-651ea7f4-3bc6-4759-8e6f-67fe900f82a8"},"geometry":{"type":"LineString","coordinates":[[-90.548356,41.546561],[-90.54835,41.54674],[-90.548385,41.546878],[-90.548446,41.547],[-90.548663,41.547206],[-90.548792,41.547288],[-90.548973,41.547371],[-90.549317,41.547457],[-90.54948,41.547446],[-90.5495371,41.5473958]]}},{"type":"Feature","properties":{"id":"way/16020272","highway":"service","tiger:cfcc":"A41","tiger:county":"Scott, IA","tiger:reviewed":"no","tiger:separated":"no","tiger:source":"tiger_import_dch_v0.6_20070810","tiger:tlid":"122744626:122744654:122744658:122744627","tiger:upload_uuid":"bulk_upload.pl-651ea7f4-3bc6-4759-8e6f-67fe900f82a8"},"geometry":{"type":"LineString","coordinates":[[-90.547755,41.546512],[-90.547695,41.546496],[-90.547546,41.546407],[-90.547395,41.546346],[-90.547018,41.546324],[-90.546206,41.546206],[-90.546045,41.546145],[-90.545964,41.546121],[-90.545781,41.546089],[-90.545523,41.545951]]}},{"type":"Feature","properties":{"id":"way/16020330","highway":"service","tiger:cfcc":"A41","tiger:county":"Scott, IA","tiger:reviewed":"no"},"geometry":{"type":"LineString","coordinates":[[-90.557954,41.550446],[-90.557951,41.549675]]}},{"type":"Feature","properties":{"id":"way/16020333","highway":"service","service":"parking_aisle","tiger:cfcc":"A41","tiger:county":"Scott, IA","tiger:reviewed":"no"},"geometry":{"type":"LineString","coordinates":[[-90.5534938,41.548573],[-90.5533715,41.5485789],[-90.5533038,41.5485982],[-90.5532651,41.5486304],[-90.5532528,41.5487596],[-90.5532374,41.548849],[-90.5531887,41.5489224],[-90.553084,41.548991],[-90.55298,41.549023],[-90.5527603,41.549024],[-90.55188,41.5490279],[-90.5516957,41.5490287]]}},{"type":"Feature","properties":{"id":"way/16020357","highway":"service","service":"alley"},"geometry":{"type":"LineString","coordinates":[[-90.5991541,41.5418795],[-90.599151,41.540666]]}},{"type":"Feature","properties":{"id":"way/16020459","highway":"service","service":"alley"},"geometry":{"type":"LineString","coordinates":[[-90.561711,41.5433107],[-90.5617083,41.5439029],[-90.5616705,41.5455633],[-90.56105,41.5455734],[-90.559851,41.545576],[-90.55796,41.545585],[-90.556887,41.545586],[-90.55585,41.545587],[-90.554989,41.545587]]}},{"type":"Feature","properties":{"id":"way/16020590","hgv":"no","highway":"service","service":"alley","tiger:cfcc":"A41","tiger:county":"Scott, IA","tiger:reviewed":"no"},"geometry":{"type":"LineString","coordinates":[[-90.551441,41.531659],[-90.5506091,41.5316456],[-90.54919,41.531653],[-90.5478116,41.5316358],[-90.546806,41.5316302],[-90.5464921,41.531628]]}},{"type":"Feature","properties":{"id":"way/16020593","highway":"service","tiger:cfcc":"A41","tiger:county":"Scott, IA","tiger:reviewed":"no","tiger:separated":"no","tiger:source":"tiger_import_dch_v0.6_20070810","tiger:tlid":"122738133","tiger:upload_uuid":"bulk_upload.pl-651ea7f4-3bc6-4759-8e6f-67fe900f82a8"},"geometry":{"type":"LineString","coordinates":[[-90.543936,41.532784],[-90.5439647,41.5326659],[-90.5440016,41.5325139],[-90.5440027,41.5321258]]}},{"type":"Feature","properties":{"id":"way/16020726","highway":"service"},"geometry":{"type":"LineString","coordinates":[[-90.597552,41.519121],[-90.597179,41.51859],[-90.597096,41.518505],[-90.597028,41.518466],[-90.596937,41.518453],[-90.596361,41.518675],[-90.596246,41.518729],[-90.5962,41.518804],[-90.596224,41.518876],[-90.596553,41.51938]]}},{"type":"Feature","properties":{"id":"way/16020896","highway":"service","service":"alley","tiger:cfcc":"A41","tiger:county":"Scott, IA","tiger:reviewed":"no"},"geometry":{"type":"LineString","coordinates":[[-90.5675008,41.5298981],[-90.5674894,41.53092]]}},{"type":"Feature","properties":{"id":"way/16020898","highway":"service","service":"alley"},"geometry":{"type":"LineString","coordinates":[[-90.571154,41.529381],[-90.5697003,41.5293782],[-90.5682489,41.529377],[-90.5667662,41.5293755]]}},{"type":"Feature","properties":{"id":"way/16020905","highway":"service","service":"alley","tiger:cfcc":"A41","tiger:county":"Scott, IA","tiger:reviewed":"no"},"geometry":{"type":"LineString","coordinates":[[-90.5646584,41.5285812],[-90.563417,41.528666],[-90.5632377,41.5286852],[-90.563156,41.528694]]}},{"type":"Feature","properties":{"id":"way/16020906","highway":"service","name":"Esplanade Court","service":"alley","tiger:cfcc":"A41","tiger:county":"Scott, IA","tiger:reviewed":"no"},"geometry":{"type":"LineString","coordinates":[[-90.5556486,41.529002],[-90.555423,41.52837],[-90.555406,41.528322],[-90.5548915,41.5284104],[-90.5545896,41.5284733],[-90.5545628,41.5284914],[-90.5545521,41.5285135],[-90.5545494,41.5287043],[-90.5545467,41.5290091]]}},{"type":"Feature","properties":{"id":"way/16020909","highway":"service","tiger:cfcc":"A41","tiger:county":"Scott, IA","tiger:reviewed":"no"},"geometry":{"type":"LineString","coordinates":[[-90.5464882,41.5298493],[-90.546859,41.529746],[-90.5473855,41.5295225],[-90.547641,41.529414],[-90.54797,41.52925],[-90.549406,41.528412],[-90.549669,41.528274],[-90.550069,41.528128],[-90.550401,41.528019],[-90.550639,41.527959],[-90.551032,41.527888],[-90.5513219,41.5278576],[-90.5515947,41.5278797],[-90.5516907,41.5279337],[-90.5517567,41.5280114],[-90.5517401,41.5281098],[-90.5517154,41.5281961],[-90.5517051,41.528232],[-90.5517536,41.5283674]]}},{"type":"Feature","properties":{"id":"way/16020914","highway":"service","tiger:cfcc":"A41","tiger:county":"Scott, IA","tiger:reviewed":"no"},"geometry":{"type":"LineString","coordinates":[[-90.5613098,41.5299245],[-90.56121,41.529531],[-90.561042,41.52929],[-90.560893,41.529025],[-90.560862,41.52883]]}},{"type":"Feature","properties":{"id":"way/16020915","highway":"service","service":"alley","tiger:cfcc":"A41","tiger:county":"Scott, IA","tiger:reviewed":"no"},"geometry":{"type":"LineString","coordinates":[[-90.566023,41.5299047],[-90.566023,41.5298627],[-90.566023,41.5283976],[-90.566023,41.528351]]}},{"type":"Feature","properties":{"id":"way/16021214","highway":"service","service":"alley"},"geometry":{"type":"LineString","coordinates":[[-90.5785038,41.536717],[-90.5797169,41.5367112],[-90.579846,41.5367106],[-90.5799211,41.5367102],[-90.5828454,41.5366967],[-90.5857592,41.5366826],[-90.5873062,41.5366754],[-90.5888814,41.5366681],[-90.5907675,41.5366591]]}},{"type":"Feature","properties":{"id":"way/16021240","highway":"service","service":"alley","tiger:cfcc":"A41","tiger:county":"Scott, IA","tiger:reviewed":"no"},"geometry":{"type":"LineString","coordinates":[[-90.5762572,41.5363793],[-90.5772775,41.536385]]}},{"type":"Feature","properties":{"id":"way/16021339","highway":"service","surface":"asphalt"},"geometry":{"type":"LineString","coordinates":[[-90.5875998,41.5202439],[-90.587599,41.520436]]}},{"type":"Feature","properties":{"id":"way/16021346","highway":"service","surface":"asphalt"},"geometry":{"type":"LineString","coordinates":[[-90.5785484,41.5197679],[-90.578657,41.5197627],[-90.5787291,41.5197592]]}},{"type":"Feature","properties":{"id":"way/16021350","highway":"service","surface":"asphalt"},"geometry":{"type":"LineString","coordinates":[[-90.5830772,41.5194857],[-90.5829622,41.5194834],[-90.5828038,41.5194841],[-90.5827314,41.5194844]]}},{"type":"Feature","properties":{"id":"way/16021356","highway":"service","service":"parking_aisle","surface":"asphalt"},"geometry":{"type":"LineString","coordinates":[[-90.5859677,41.5201567],[-90.5859644,41.5201004],[-90.5859559,41.5199531],[-90.5859645,41.5194638],[-90.5860086,41.5194405],[-90.5862363,41.5194431],[-90.5864421,41.5194453],[-90.5864936,41.5194695],[-90.5865129,41.5195048],[-90.5865044,41.5199306],[-90.5864829,41.5199483],[-90.5864486,41.5199563],[-90.5862274,41.5199549],[-90.5859559,41.5199531]]}},{"type":"Feature","properties":{"id":"way/16021358","highway":"service","service":"parking_aisle","surface":"asphalt"},"geometry":{"type":"LineString","coordinates":[[-90.5830211,41.5198538],[-90.5831495,41.5198508],[-90.5832899,41.5198475],[-90.5838767,41.5198476],[-90.5838746,41.5196874],[-90.5838694,41.5195341]]}},{"type":"Feature","properties":{"id":"way/16021367","highway":"service","service":"alley"},"geometry":{"type":"LineString","coordinates":[[-90.592154,41.52914],[-90.592119,41.529262],[-90.592053,41.529376],[-90.592098,41.529543]]}},{"type":"Feature","properties":{"id":"way/16021392","highway":"service","service":"alley"},"geometry":{"type":"LineString","coordinates":[[-90.5967644,41.5217986],[-90.596112,41.521793],[-90.5957284,41.521796],[-90.595665,41.5217947],[-90.5955248,41.5217917],[-90.5954836,41.5217917],[-90.5953075,41.5217914],[-90.5950956,41.5217911],[-90.594358,41.52179],[-90.5941377,41.5217994],[-90.5939523,41.5218072],[-90.5939179,41.5218087],[-90.5938042,41.521809],[-90.5935822,41.5218095],[-90.593365,41.52181],[-90.5931477,41.5218105],[-90.592932,41.521811],[-90.5927009,41.5218115],[-90.5924651,41.521812],[-90.5922278,41.5218126],[-90.5919904,41.5218131],[-90.5917742,41.5218151],[-90.5916051,41.5218166],[-90.5915421,41.5218172],[-90.5913155,41.5218192],[-90.5912685,41.5218196],[-90.5911102,41.5218211],[-90.590899,41.521823],[-90.5906988,41.5218244],[-90.5891728,41.5218385],[-90.5861187,41.5218338],[-90.5859458,41.5218423],[-90.5858146,41.5218471],[-90.585047,41.5218509],[-90.58496,41.521854],[-90.584466,41.521858]]}},{"type":"Feature","properties":{"id":"way/16021463","highway":"service","service":"alley"},"geometry":{"type":"LineString","coordinates":[[-90.5912816,41.5437245],[-90.5912058,41.5437241],[-90.5905971,41.5437213],[-90.5900888,41.543719],[-90.5899867,41.5437185]]}},{"type":"Feature","properties":{"id":"way/16021474","highway":"service","surface":"asphalt"},"geometry":{"type":"LineString","coordinates":[[-90.5920827,41.5442521],[-90.5920823,41.5442098],[-90.5920812,41.5441077],[-90.592089,41.544019],[-90.5921211,41.5438803],[-90.5921251,41.5438039],[-90.5921783,41.5435058],[-90.5913847,41.5434956],[-90.5912921,41.5434944]]}},{"type":"Feature","properties":{"id":"way/16021510","highway":"service","service":"alley","tiger:cfcc":"A41","tiger:county":"Scott, IA","tiger:reviewed":"no"},"geometry":{"type":"LineString","coordinates":[[-90.557951,41.549675],[-90.5598076,41.5496579],[-90.5607628,41.5496518],[-90.5607719,41.5492101]]}},{"type":"Feature","properties":{"id":"way/16021520","highway":"service","tiger:cfcc":"A41","tiger:county":"Scott, IA","tiger:reviewed":"no","tiger:separated":"no","tiger:source":"tiger_import_dch_v0.6_20070810","tiger:tlid":"122737849","tiger:upload_uuid":"bulk_upload.pl-651ea7f4-3bc6-4759-8e6f-67fe900f82a8"},"geometry":{"type":"LineString","coordinates":[[-90.551445,41.548698],[-90.550992,41.548703],[-90.5509,41.548686],[-90.550852,41.548613],[-90.550389,41.548625]]}},{"type":"Feature","properties":{"id":"way/16021733","highway":"service","service":"alley"},"geometry":{"type":"LineString","coordinates":[[-90.595458,41.548645],[-90.595452,41.548982],[-90.595439,41.549046],[-90.595117,41.549399]]}},{"type":"Feature","properties":{"id":"way/16021740","highway":"service","service":"alley"},"geometry":{"type":"LineString","coordinates":[[-90.596028,41.548249],[-90.594907,41.548245],[-90.593639,41.548241]]}},{"type":"Feature","properties":{"id":"way/16021751","highway":"service","service":"alley"},"geometry":{"type":"LineString","coordinates":[[-90.596038,41.547709],[-90.598486,41.547705],[-90.600893,41.5477]]}},{"type":"Feature","properties":{"id":"way/16021756","highway":"service","service":"alley"},"geometry":{"type":"LineString","coordinates":[[-90.596054,41.546817],[-90.598509,41.546822],[-90.600922,41.546827]]}},{"type":"Feature","properties":{"id":"way/16021898","highway":"service","service":"parking_aisle","tiger:cfcc":"A41","tiger:county":"Scott, IA","tiger:reviewed":"no"},"geometry":{"type":"LineString","coordinates":[[-90.553488,41.547128],[-90.553208,41.547126],[-90.5532061,41.5474304],[-90.553204,41.547777],[-90.5531992,41.5478435],[-90.553166,41.5478915],[-90.5529593,41.5480444],[-90.552889,41.5480536],[-90.5520353,41.5480498]]}},{"type":"Feature","properties":{"id":"way/16021928","highway":"service","tiger:cfcc":"A41","tiger:county":"Scott, IA","tiger:reviewed":"no"},"geometry":{"type":"LineString","coordinates":[[-90.5534963,41.5479383],[-90.553726,41.547694],[-90.5538337,41.5475749],[-90.553951,41.547445],[-90.5540168,41.547363],[-90.5540499,41.5472969],[-90.5540541,41.547229],[-90.5540626,41.547094],[-90.5540732,41.547],[-90.554121,41.546911],[-90.5542673,41.546761],[-90.5543012,41.5466756],[-90.5543029,41.546581],[-90.5542761,41.5465015],[-90.5540869,41.5463287],[-90.5540213,41.5462689],[-90.5539392,41.5462356],[-90.5539174,41.5462335],[-90.5538282,41.5462252],[-90.5535332,41.5462268]]}},{"type":"Feature","properties":{"id":"way/16021941","highway":"service","service":"alley"},"geometry":{"type":"LineString","coordinates":[[-90.59978,41.534286],[-90.598766,41.5342815],[-90.59629,41.5342705],[-90.5938529,41.5342596],[-90.591461,41.534249]]}},{"type":"Feature","properties":{"id":"way/16021958","highway":"service","service":"alley","tiger:cfcc":"A41","tiger:county":"Scott, IA","tiger:reviewed":"no"},"geometry":{"type":"LineString","coordinates":[[-90.553806,41.531766],[-90.5564381,41.5317575]]}},{"type":"Feature","properties":{"id":"way/16021960","highway":"service","tiger:cfcc":"A41","tiger:county":"Scott, IA","tiger:reviewed":"no"},"geometry":{"type":"LineString","coordinates":[[-90.553805,41.531664],[-90.553175,41.531658],[-90.553009,41.531713],[-90.5528855,41.5317649]]}},{"type":"Feature","properties":{"id":"way/16021963","highway":"service","service":"alley","tiger:cfcc":"A41","tiger:county":"Scott, IA","tiger:reviewed":"no"},"geometry":{"type":"LineString","coordinates":[[-90.559245,41.530881],[-90.558648,41.53088],[-90.55854,41.530893],[-90.5585144,41.5317356]]}},{"type":"Feature","properties":{"id":"way/16021964","highway":"service","service":"alley","tiger:cfcc":"A41","tiger:county":"Scott, IA","tiger:reviewed":"no"},"geometry":{"type":"LineString","coordinates":[[-90.5578887,41.530643],[-90.5575091,41.5306435],[-90.5572872,41.5306455],[-90.5564424,41.530645],[-90.5538227,41.5306454]]}},{"type":"Feature","properties":{"id":"way/16022006","highway":"service","service":"alley"},"geometry":{"type":"LineString","coordinates":[[-90.554621,41.54009],[-90.553337,41.540025],[-90.5521482,41.5399674],[-90.5515156,41.5399657]]}},{"type":"Feature","properties":{"id":"way/16022015","highway":"service","service":"alley"},"geometry":{"type":"LineString","coordinates":[[-90.5615805,41.5409633],[-90.5616042,41.540065]]}},{"type":"Feature","properties":{"id":"way/16022019","highway":"service","service":"alley"},"geometry":{"type":"LineString","coordinates":[[-90.5623733,41.54096],[-90.5623864,41.5400557],[-90.5623972,41.5392766],[-90.5624069,41.5387696]]}},{"type":"Feature","properties":{"id":"way/16022026","highway":"service","service":"alley"},"geometry":{"type":"LineString","coordinates":[[-90.5611782,41.5405572],[-90.560468,41.540559],[-90.560453,41.540544],[-90.560477,41.539805],[-90.560493,41.539464],[-90.560523,41.538817]]}},{"type":"Feature","properties":{"id":"way/16022033","highway":"service","service":"alley"},"geometry":{"type":"LineString","coordinates":[[-90.560477,41.539805],[-90.5611833,41.5398233]]}},{"type":"Feature","properties":{"id":"way/16022057","highway":"service","oneway":"yes","surface":"paved"},"geometry":{"type":"LineString","coordinates":[[-90.554723,41.539579],[-90.554726,41.53951],[-90.554699,41.539408],[-90.554619,41.539363],[-90.553921,41.539358],[-90.552904,41.539363],[-90.552822,41.539399],[-90.552794,41.539437],[-90.552781,41.53949],[-90.552779,41.539588]]}},{"type":"Feature","properties":{"id":"way/16022058","highway":"service","service":"alley"},"geometry":{"type":"LineString","coordinates":[[-90.560493,41.539464],[-90.5599363,41.5394559]]}},{"type":"Feature","properties":{"id":"way/16022212","highway":"service","service":"alley","tiger:cfcc":"A41","tiger:county":"Scott, IA","tiger:reviewed":"no"},"geometry":{"type":"LineString","coordinates":[[-90.576281,41.528297],[-90.5762922,41.5271501],[-90.576306,41.52573]]}},{"type":"Feature","properties":{"id":"way/16022215","highway":"service","service":"alley"},"geometry":{"type":"LineString","coordinates":[[-90.574078,41.5251739],[-90.5747764,41.5251748],[-90.5755609,41.5251759],[-90.5758718,41.5251793],[-90.5770277,41.525192],[-90.5785127,41.525192],[-90.579973,41.525182],[-90.5814567,41.525176],[-90.5829552,41.5251709],[-90.584439,41.525166],[-90.5850871,41.5251613],[-90.5858994,41.5251606],[-90.587285,41.525146],[-90.5876843,41.5251502],[-90.589013,41.525164],[-90.590878,41.525156],[-90.5925113,41.52515],[-90.594326,41.525154]]}},{"type":"Feature","properties":{"id":"way/16022231","highway":"service","tiger:cfcc":"A41","tiger:county":"Scott, IA","tiger:reviewed":"no"},"geometry":{"type":"LineString","coordinates":[[-90.5829647,41.524181],[-90.5827157,41.524182],[-90.5826821,41.5241822],[-90.5824822,41.524183],[-90.5824272,41.5241833],[-90.5822993,41.5241838],[-90.5822469,41.5241645],[-90.5820691,41.524099],[-90.5820106,41.5240915],[-90.5818323,41.5240687],[-90.5817778,41.5240688],[-90.5814665,41.5240691],[-90.5812283,41.5240706]]}},{"type":"Feature","properties":{"id":"way/16022255","highway":"service","tiger:cfcc":"A41","tiger:county":"Scott, IA","tiger:reviewed":"no","tiger:separated":"no","tiger:source":"tiger_import_dch_v0.6_20070810","tiger:tlid":"122744670","tiger:upload_uuid":"bulk_upload.pl-651ea7f4-3bc6-4759-8e6f-67fe900f82a8"},"geometry":{"type":"LineString","coordinates":[[-90.545478,41.54601],[-90.545444,41.54611],[-90.545465,41.546336]]}},{"type":"Feature","properties":{"id":"way/16022395","highway":"service"},"geometry":{"type":"LineString","coordinates":[[-90.5962596,41.5376034],[-90.5959735,41.5375977],[-90.5958083,41.5375917]]}},{"type":"Feature","properties":{"id":"way/16022402","highway":"residential","maxspeed":"25 mph","name":"Washington Lane"},"geometry":{"type":"LineString","coordinates":[[-90.5974896,41.5382633],[-90.597491,41.5381797],[-90.5974933,41.5380458],[-90.5975106,41.5370402]]}},{"type":"Feature","properties":{"id":"way/16022403","highway":"service","service":"alley"},"geometry":{"type":"LineString","coordinates":[[-90.5920294,41.5382642],[-90.5920277,41.5380829],[-90.592016,41.53685]]}},{"type":"Feature","properties":{"id":"way/16022407","highway":"service","service":"alley","tiger:cfcc":"A41","tiger:county":"Scott, IA","tiger:reviewed":"no"},"geometry":{"type":"LineString","coordinates":[[-90.5993708,41.5382584],[-90.599373,41.536887]]}},{"type":"Feature","properties":{"id":"way/16022531","highway":"service","service":"alley","tiger:cfcc":"A41","tiger:county":"Scott, IA","tiger:reviewed":"no"},"geometry":{"type":"LineString","coordinates":[[-90.570769,41.542216],[-90.5727607,41.542237],[-90.5727467,41.5426595]]}},{"type":"Feature","properties":{"id":"way/16022556","highway":"service","service":"alley","tiger:cfcc":"A41","tiger:county":"Scott, IA","tiger:reviewed":"no"},"geometry":{"type":"LineString","coordinates":[[-90.5685103,41.5411867],[-90.5695631,41.5411897],[-90.570126,41.541193],[-90.5707871,41.5411851],[-90.5708353,41.5411722]]}},{"type":"Feature","properties":{"id":"way/16022917","highway":"service","service":"alley"},"geometry":{"type":"LineString","coordinates":[[-90.554386,41.535292],[-90.554421,41.537247],[-90.554418,41.538333]]}},{"type":"Feature","properties":{"id":"way/16022919","highway":"service","tiger:cfcc":"A41","tiger:county":"Scott, IA","tiger:reviewed":"no","tiger:separated":"no","tiger:source":"tiger_import_dch_v0.6_20070810","tiger:tlid":"122738023","tiger:upload_uuid":"bulk_upload.pl-651ea7f4-3bc6-4759-8e6f-67fe900f82a8"},"geometry":{"type":"LineString","coordinates":[[-90.566785,41.535553],[-90.5682419,41.5355642]]}},{"type":"Feature","properties":{"id":"way/16022921","highway":"service","service":"alley"},"geometry":{"type":"LineString","coordinates":[[-90.555827,41.5352002],[-90.5558368,41.5375469],[-90.5563014,41.5375387],[-90.5565257,41.5375348]]}},{"type":"Feature","properties":{"id":"way/16022925","highway":"service","service":"alley","tiger:cfcc":"A41","tiger:county":"Scott, IA","tiger:reviewed":"no"},"geometry":{"type":"LineString","coordinates":[[-90.566757,41.534574],[-90.5649597,41.5345667],[-90.562534,41.5345564],[-90.560169,41.5345502],[-90.557902,41.534542]]}},{"type":"Feature","properties":{"id":"way/16022950","highway":"service","service":"alley"},"geometry":{"type":"LineString","coordinates":[[-90.552048,41.543671],[-90.552056,41.542872],[-90.552052,41.542405]]}},{"type":"Feature","properties":{"id":"way/16022957","highway":"service","service":"alley"},"geometry":{"type":"LineString","coordinates":[[-90.55317,41.543592],[-90.553186,41.542866],[-90.553176,41.542396]]}},{"type":"Feature","properties":{"id":"way/16022979","highway":"service","service":"alley","tiger:cfcc":"A41","tiger:county":"Scott, IA","tiger:reviewed":"no"},"geometry":{"type":"LineString","coordinates":[[-90.572179,41.543134],[-90.5707887,41.5431291],[-90.57009,41.543138],[-90.5695155,41.543131],[-90.568982,41.543132],[-90.5684799,41.5431281]]}},{"type":"Feature","properties":{"id":"way/16023032","highway":"service","surface":"asphalt"},"geometry":{"type":"LineString","coordinates":[[-90.5961914,41.5305741],[-90.5961867,41.5305135],[-90.596191,41.530218],[-90.5961698,41.530164],[-90.5960844,41.5301104],[-90.59541,41.530016],[-90.595286,41.530014],[-90.595216,41.530035],[-90.5950207,41.5302176],[-90.594971,41.530264]]}},{"type":"Feature","properties":{"id":"way/16023033","highway":"service","service":"alley"},"geometry":{"type":"LineString","coordinates":[[-90.589823,41.529389],[-90.591277,41.529385]]}},{"type":"Feature","properties":{"id":"way/16023057","highway":"service","service":"alley","tiger:cfcc":"A41","tiger:county":"Scott, IA","tiger:reviewed":"no"},"geometry":{"type":"LineString","coordinates":[[-90.572593,41.532527],[-90.571141,41.532519],[-90.5697035,41.5325175]]}},{"type":"Feature","properties":{"id":"way/16023065","highway":"service","service":"alley"},"geometry":{"type":"LineString","coordinates":[[-90.5747,41.532424],[-90.5755574,41.532438]]}},{"type":"Feature","properties":{"id":"way/16023070","highway":"service","oneway":"yes","service":"parking_aisle"},"geometry":{"type":"LineString","coordinates":[[-90.5767934,41.5317913],[-90.5767916,41.5316672],[-90.5762884,41.5316643],[-90.5758797,41.531662],[-90.5758792,41.5317664],[-90.576258,41.5317694],[-90.5762865,41.531778],[-90.5763317,41.5317915],[-90.5767934,41.5317913]]}},{"type":"Feature","properties":{"id":"way/16023071","highway":"service","service":"alley"},"geometry":{"type":"LineString","coordinates":[[-90.5711679,41.5314681],[-90.5696977,41.5314655],[-90.5694384,41.5314659],[-90.5692131,41.5314662],[-90.5682391,41.5314675]]}},{"type":"Feature","properties":{"id":"way/16023092","highway":"unclassified","name":"Washington Street","tiger:cfcc":"A41","tiger:county":"Scott, IA","tiger:reviewed":"no"},"geometry":{"type":"LineString","coordinates":[[-90.5971183,41.5234512],[-90.5971142,41.5239942]]}},{"type":"Feature","properties":{"id":"way/16023100","highway":"service","surface":"asphalt"},"geometry":{"type":"LineString","coordinates":[[-90.5718954,41.5298417],[-90.5720894,41.5298401],[-90.5723247,41.5298422],[-90.5726163,41.529859]]}},{"type":"Feature","properties":{"id":"way/16023103","highway":"service","tiger:cfcc":"A41","tiger:county":"Scott, IA","tiger:reviewed":"no","tiger:separated":"no","tiger:source":"tiger_import_dch_v0.6_20070810","tiger:tlid":"122736516:122737474","tiger:upload_uuid":"bulk_upload.pl-651ea7f4-3bc6-4759-8e6f-67fe900f82a8"},"geometry":{"type":"LineString","coordinates":[[-90.57918,41.531973],[-90.579186,41.530937],[-90.579187,41.529892]]}},{"type":"Feature","properties":{"id":"way/16023178","highway":"service","tiger:cfcc":"A41","tiger:county":"Scott, IA","tiger:reviewed":"no"},"geometry":{"type":"LineString","coordinates":[[-90.5524802,41.5450341],[-90.552471,41.5449784],[-90.5524541,41.544876],[-90.552441,41.5447013]]}},{"type":"Feature","properties":{"id":"way/16023180","highway":"service","service":"alley"},"geometry":{"type":"LineString","coordinates":[[-90.563132,41.537661],[-90.563154,41.536929]]}},{"type":"Feature","properties":{"id":"way/16023181","highway":"service","service":"alley","tiger:cfcc":"A41","tiger:county":"Scott, IA","tiger:reviewed":"no"},"geometry":{"type":"LineString","coordinates":[[-90.568993,41.5367461],[-90.5689839,41.5371572]]}},{"type":"Feature","properties":{"id":"way/16023195","highway":"service","service":"alley"},"geometry":{"type":"LineString","coordinates":[[-90.59375,41.540069],[-90.596197,41.540075],[-90.598646,41.540066],[-90.600228,41.540076]]}},{"type":"Feature","properties":{"id":"way/16023239","highway":"service","service":"alley"},"geometry":{"type":"LineString","coordinates":[[-90.567073,41.545549],[-90.56465,41.545559],[-90.564044,41.545562],[-90.563427,41.545564],[-90.5628887,41.5455582],[-90.5628293,41.5455596],[-90.56254,41.545566],[-90.562219,41.545555]]}},{"type":"Feature","properties":{"id":"way/16023260","highway":"service","tiger:cfcc":"A41","tiger:county":"Scott, IA","tiger:reviewed":"no","tiger:separated":"no","tiger:source":"tiger_import_dch_v0.6_20070810","tiger:tlid":"122737898","tiger:upload_uuid":"bulk_upload.pl-651ea7f4-3bc6-4759-8e6f-67fe900f82a8"},"geometry":{"type":"LineString","coordinates":[[-90.5514791,41.5449355],[-90.5510177,41.544927]]}},{"type":"Feature","properties":{"id":"way/16023262","highway":"service","service":"alley"},"geometry":{"type":"LineString","coordinates":[[-90.559852,41.545096],[-90.557971,41.545089]]}},{"type":"Feature","properties":{"id":"way/16023332","highway":"service","tiger:cfcc":"A41","tiger:county":"Scott, IA","tiger:reviewed":"no","tiger:separated":"no","tiger:source":"tiger_import_dch_v0.6_20070810","tiger:tlid":"122737300","tiger:upload_uuid":"bulk_upload.pl-651ea7f4-3bc6-4759-8e6f-67fe900f82a8"},"geometry":{"type":"LineString","coordinates":[[-90.583612,41.546372],[-90.584604,41.546393],[-90.584753,41.546266]]}},{"type":"Feature","properties":{"id":"way/16023347","highway":"service","service":"alley","tiger:cfcc":"A41","tiger:county":"Scott, IA","tiger:reviewed":"no"},"geometry":{"type":"LineString","coordinates":[[-90.5714154,41.5458516],[-90.571448,41.54595],[-90.570952,41.547206]]}},{"type":"Feature","properties":{"id":"way/16023354","highway":"service","tiger:cfcc":"A41","tiger:county":"Scott, IA","tiger:reviewed":"no","tiger:separated":"no","tiger:source":"tiger_import_dch_v0.6_20070810","tiger:tlid":"122738142","tiger:upload_uuid":"bulk_upload.pl-651ea7f4-3bc6-4759-8e6f-67fe900f82a8"},"geometry":{"type":"LineString","coordinates":[[-90.5442654,41.5316119],[-90.5442728,41.5310792]]}},{"type":"Feature","properties":{"id":"way/16023435","highway":"service"},"geometry":{"type":"LineString","coordinates":[[-90.6004551,41.5174723],[-90.599976,41.517105],[-90.599776,41.51698],[-90.599707,41.516975],[-90.599556,41.516991],[-90.598765,41.517658],[-90.598702,41.517744],[-90.598746,41.517859],[-90.599344,41.518272]]}},{"type":"Feature","properties":{"id":"way/16023442","highway":"service","surface":"asphalt"},"geometry":{"type":"LineString","coordinates":[[-90.5923699,41.5162286],[-90.5923219,41.516153],[-90.592253,41.5160921],[-90.5921673,41.5160545],[-90.5920764,41.516047],[-90.591978,41.5160608],[-90.591758,41.516122],[-90.5910119,41.5163478],[-90.5909461,41.5163937],[-90.5909325,41.516448],[-90.5909175,41.5166471]]}},{"type":"Feature","properties":{"id":"way/16023504","highway":"service","service":"alley"},"geometry":{"type":"LineString","coordinates":[[-90.5697034,41.5283378],[-90.5682478,41.5283324],[-90.5667706,41.5283178]]}},{"type":"Feature","properties":{"id":"way/16023512","highway":"service","service":"alley","tiger:cfcc":"A41","tiger:county":"Scott, IA","tiger:reviewed":"no"},"geometry":{"type":"LineString","coordinates":[[-90.5659541,41.5283338],[-90.5659544,41.5276402]]}},{"type":"Feature","properties":{"id":"way/16023514","highway":"service","service":"alley","tiger:cfcc":"A41","tiger:county":"Scott, IA","tiger:reviewed":"no"},"geometry":{"type":"LineString","coordinates":[[-90.568235,41.527292],[-90.566762,41.52727]]}},{"type":"Feature","properties":{"id":"way/16023518","highway":"service","service":"alley","tiger:cfcc":"A41","tiger:county":"Scott, IA","tiger:reviewed":"no"},"geometry":{"type":"LineString","coordinates":[[-90.568958,41.526769],[-90.5689752,41.5278132]]}},{"type":"Feature","properties":{"id":"way/16023655","highway":"service","service":"alley","tiger:cfcc":"A41","tiger:county":"Scott, IA","tiger:reviewed":"no"},"geometry":{"type":"LineString","coordinates":[[-90.5815351,41.5491612],[-90.579489,41.549165],[-90.576693,41.549178]]}},{"type":"Feature","properties":{"id":"way/16023663","highway":"service","service":"alley","tiger:cfcc":"A41","tiger:county":"Scott, IA","tiger:reviewed":"no"},"geometry":{"type":"LineString","coordinates":[[-90.582098,41.550463],[-90.582145,41.549168]]}},{"type":"Feature","properties":{"id":"way/16023670","highway":"service","tiger:cfcc":"A41","tiger:county":"Scott, IA","tiger:reviewed":"no","tiger:separated":"no","tiger:source":"tiger_import_dch_v0.6_20070810","tiger:tlid":"122744294:122743888:122742370:122742373:122744292:122743894","tiger:upload_uuid":"bulk_upload.pl-651ea7f4-3bc6-4759-8e6f-67fe900f82a8"},"geometry":{"type":"LineString","coordinates":[[-90.548395,41.545054],[-90.548315,41.544956],[-90.548249,41.544804],[-90.548233,41.544695],[-90.548259,41.544552],[-90.548335,41.544439],[-90.548465,41.544281],[-90.5492894,41.544265],[-90.5496,41.544247],[-90.550006,41.544251],[-90.550168,41.544284],[-90.550308,41.544359],[-90.550531,41.544499],[-90.5507,41.544632],[-90.550857,41.544779],[-90.5510177,41.544927],[-90.551053,41.545035],[-90.551157,41.545483],[-90.551183,41.54562],[-90.551127,41.545755],[-90.550956,41.545939],[-90.550734,41.54615],[-90.550649,41.546249],[-90.550632,41.546284],[-90.550615,41.54632],[-90.550673,41.546407],[-90.550811,41.546554],[-90.550917,41.546707],[-90.550942,41.547132],[-90.550862,41.547354],[-90.550786,41.547489],[-90.55067,41.547572],[-90.550431,41.547675],[-90.549856,41.547785],[-90.549618,41.547852],[-90.549111,41.54805],[-90.548949,41.548098]]}},{"type":"Feature","properties":{"id":"way/16023673","highway":"service","service":"alley","tiger:cfcc":"A41","tiger:county":"Scott, IA","tiger:reviewed":"no"},"geometry":{"type":"LineString","coordinates":[[-90.5750593,41.5496608],[-90.57507,41.548629]]}},{"type":"Feature","properties":{"id":"way/16023674","highway":"service","tiger:cfcc":"A41","tiger:county":"Scott, IA","tiger:reviewed":"no","tiger:separated":"no","tiger:source":"tiger_import_dch_v0.6_20070810","tiger:tlid":"122744295","tiger:upload_uuid":"bulk_upload.pl-651ea7f4-3bc6-4759-8e6f-67fe900f82a8"},"geometry":{"type":"LineString","coordinates":[[-90.548465,41.544281],[-90.548118,41.544273],[-90.547626,41.544328],[-90.547389,41.544394],[-90.547005,41.544573]]}},{"type":"Feature","properties":{"id":"way/16023676","highway":"service","service":"alley","tiger:cfcc":"A41","tiger:county":"Scott, IA","tiger:reviewed":"no"},"geometry":{"type":"LineString","coordinates":[[-90.576126,41.548637],[-90.5760741,41.5496541]]}},{"type":"Feature","properties":{"id":"way/16023803","highway":"service","oneway":"yes","tiger:cfcc":"A41","tiger:county":"Scott, IA","tiger:reviewed":"no"},"geometry":{"type":"LineString","coordinates":[[-90.572647,41.5356913],[-90.573352,41.535684]]}},{"type":"Feature","properties":{"id":"way/16023811","highway":"service","service":"alley"},"geometry":{"type":"LineString","coordinates":[[-90.5907762,41.5356311],[-90.5888962,41.535629],[-90.587312,41.5356269],[-90.5857745,41.5356252],[-90.5828556,41.5356216],[-90.579913,41.5356373]]}},{"type":"Feature","properties":{"id":"way/16024010","highway":"service","service":"alley"},"geometry":{"type":"LineString","coordinates":[[-90.597916,41.545515],[-90.597965,41.543897],[-90.59801,41.542839]]}},{"type":"Feature","properties":{"id":"way/16024014","highway":"service","service":"alley"},"geometry":{"type":"LineString","coordinates":[[-90.596768,41.545518],[-90.596747,41.545221],[-90.596774,41.54391],[-90.596825,41.542791]]}},{"type":"Feature","properties":{"id":"way/16024018","highway":"service","service":"alley"},"geometry":{"type":"LineString","coordinates":[[-90.599134,41.545512],[-90.59916,41.544533],[-90.5991994,41.5432755]]}},{"type":"Feature","properties":{"id":"way/16024044","highway":"service","service":"alley","tiger:cfcc":"A41","tiger:county":"Scott, IA","tiger:reviewed":"no"},"geometry":{"type":"LineString","coordinates":[[-90.5598155,41.5487088],[-90.557947,41.548719]]}},{"type":"Feature","properties":{"id":"way/16024138","highway":"service","tiger:cfcc":"A41","tiger:county":"Scott, IA","tiger:reviewed":"no","tiger:separated":"no","tiger:source":"tiger_import_dch_v0.6_20070810","tiger:tlid":"122737399","tiger:upload_uuid":"bulk_upload.pl-651ea7f4-3bc6-4759-8e6f-67fe900f82a8"},"geometry":{"type":"LineString","coordinates":[[-90.574618,41.538783],[-90.5746617,41.5382697]]}},{"type":"Feature","properties":{"id":"way/16024143","highway":"service","tiger:cfcc":"A41","tiger:county":"Scott, IA","tiger:reviewed":"no","tiger:separated":"no","tiger:source":"tiger_import_dch_v0.6_20070810","tiger:tlid":"122738104","tiger:upload_uuid":"bulk_upload.pl-651ea7f4-3bc6-4759-8e6f-67fe900f82a8"},"geometry":{"type":"LineString","coordinates":[[-90.5490999,41.5377617],[-90.549487,41.537772],[-90.549586,41.537867],[-90.549578,41.538347]]}},{"type":"Feature","properties":{"id":"way/16024309","highway":"service","service":"alley"},"geometry":{"type":"LineString","coordinates":[[-90.5955301,41.5455119],[-90.595465,41.547933]]}},{"type":"Feature","properties":{"id":"way/16024311","highway":"service","service":"alley"},"geometry":{"type":"LineString","coordinates":[[-90.5998259,41.545975],[-90.5996786,41.5459743],[-90.598524,41.545971],[-90.596071,41.545959]]}},{"type":"Feature","properties":{"id":"way/16024316","highway":"secondary","lanes":"4","maxspeed":"35 mph","name":"West Central Park Avenue","surface":"asphalt"},"geometry":{"type":"LineString","coordinates":[[-90.599731,41.54551],[-90.5998288,41.5455096],[-90.600283,41.545508],[-90.600931,41.5455]]}},{"type":"Feature","properties":{"id":"way/16024425","highway":"service","tiger:cfcc":"A41","tiger:county":"Scott, IA","tiger:reviewed":"no"},"geometry":{"type":"LineString","coordinates":[[-90.553092,41.5450359],[-90.5524802,41.5450341]]}},{"type":"Feature","properties":{"id":"way/16024430","highway":"service","tiger:cfcc":"A41","tiger:county":"Scott, IA","tiger:reviewed":"no"},"geometry":{"type":"LineString","coordinates":[[-90.5492894,41.544265],[-90.5495348,41.5445431],[-90.5497146,41.544779],[-90.5498036,41.5449422],[-90.5498747,41.5451011],[-90.5499158,41.5452349],[-90.549942,41.5453139]]}},{"type":"Feature","properties":{"id":"way/16024434","highway":"service","tiger:cfcc":"A41","tiger:county":"Scott, IA","tiger:reviewed":"no","tiger:separated":"no","tiger:source":"tiger_import_dch_v0.6_20070810","tiger:tlid":"122743893","tiger:upload_uuid":"bulk_upload.pl-651ea7f4-3bc6-4759-8e6f-67fe900f82a8"},"geometry":{"type":"LineString","coordinates":[[-90.5411455,41.5478717],[-90.54014,41.54788]]}},{"type":"Feature","properties":{"id":"way/16024443","highway":"service","service":"alley"},"geometry":{"type":"LineString","coordinates":[[-90.591471,41.533185],[-90.593869,41.533203],[-90.596305,41.533221],[-90.598781,41.533235],[-90.601215,41.533237]]}},{"type":"Feature","properties":{"id":"way/16024460","highway":"service","tiger:cfcc":"A41","tiger:county":"Scott, IA","tiger:reviewed":"no","tiger:separated":"no","tiger:source":"tiger_import_dch_v0.6_20070810","tiger:tlid":"122738071","tiger:upload_uuid":"bulk_upload.pl-651ea7f4-3bc6-4759-8e6f-67fe900f82a8"},"geometry":{"type":"LineString","coordinates":[[-90.5417685,41.5490347],[-90.541332,41.549031]]}},{"type":"Feature","properties":{"id":"way/16024466","highway":"service","tiger:cfcc":"A41","tiger:county":"Scott, IA","tiger:reviewed":"no","tiger:separated":"no","tiger:source":"tiger_import_dch_v0.6_20070810","tiger:tlid":"122738077","tiger:upload_uuid":"bulk_upload.pl-651ea7f4-3bc6-4759-8e6f-67fe900f82a8"},"geometry":{"type":"LineString","coordinates":[[-90.5418201,41.5437571],[-90.5429361,41.5437443]]}},{"type":"Feature","properties":{"id":"way/16024471","highway":"service","service":"alley","tiger:cfcc":"A41","tiger:county":"Scott, IA","tiger:reviewed":"no"},"geometry":{"type":"LineString","coordinates":[[-90.5442163,41.542982],[-90.546521,41.542965],[-90.546576,41.54294],[-90.546575,41.542553]]}},{"type":"Feature","properties":{"id":"way/16024516","highway":"service","service":"alley"},"geometry":{"type":"LineString","coordinates":[[-90.5624069,41.5387696],[-90.5618835,41.5387801],[-90.5611905,41.5387934]]}},{"type":"Feature","properties":{"id":"way/16024532","highway":"service","service":"alley"},"geometry":{"type":"LineString","coordinates":[[-90.5611905,41.5387934],[-90.560523,41.538817],[-90.5599438,41.538807]]}},{"type":"Feature","properties":{"id":"way/16024558","highway":"service","service":"alley"},"geometry":{"type":"LineString","coordinates":[[-90.5634775,41.5409579],[-90.5634786,41.5408902],[-90.5634824,41.5406658],[-90.5634901,41.5402123],[-90.5635134,41.5389574],[-90.5635152,41.538858],[-90.5635071,41.5387748],[-90.5634775,41.5387547],[-90.5633762,41.5387459],[-90.5632238,41.5387406],[-90.5629845,41.5387635]]}},{"type":"Feature","properties":{"id":"way/16024742","highway":"service"},"geometry":{"type":"LineString","coordinates":[[-90.5859114,41.5240505],[-90.5861797,41.5240494],[-90.5863765,41.5240467],[-90.586377,41.5236717],[-90.5865863,41.5236696],[-90.5867753,41.5236677],[-90.5869849,41.5236656]]}},{"type":"Feature","properties":{"id":"way/16024757","highway":"service","tiger:cfcc":"A41","tiger:county":"Scott, IA","tiger:reviewed":"no"},"geometry":{"type":"LineString","coordinates":[[-90.5726315,41.5229863],[-90.572639,41.5229863],[-90.5739736,41.522978],[-90.5740906,41.5229773]]}},{"type":"Feature","properties":{"id":"way/16024759","highway":"service","service":"alley","tiger:cfcc":"A41","tiger:county":"Scott, IA","tiger:reviewed":"no"},"geometry":{"type":"LineString","coordinates":[[-90.5740906,41.5229773],[-90.574225,41.5229776],[-90.5747558,41.5229748],[-90.5754304,41.5229528],[-90.5755802,41.5229728]]}},{"type":"Feature","properties":{"id":"way/16024765","highway":"service","service":"alley","surface":"paved"},"geometry":{"type":"LineString","coordinates":[[-90.5891757,41.5229274],[-90.5859225,41.5229512],[-90.584457,41.5229674],[-90.5836172,41.5229705],[-90.5831195,41.5229724],[-90.5829721,41.5229729],[-90.5828634,41.5229733],[-90.5816424,41.5229779],[-90.5814767,41.5229785],[-90.5813245,41.5229791],[-90.5808312,41.5229809],[-90.5801021,41.5229836],[-90.5799872,41.522984]]}},{"type":"Feature","properties":{"id":"way/16024899","highway":"service","surface":"asphalt"},"geometry":{"type":"LineString","coordinates":[[-90.5924836,41.5428256],[-90.5924818,41.5429251],[-90.5924754,41.5432854],[-90.5923135,41.5433121],[-90.5922989,41.5433175],[-90.5922208,41.5433468],[-90.5921994,41.5433844],[-90.5921783,41.5435058]]}},{"type":"Feature","properties":{"id":"way/16024903","highway":"service","service":"alley"},"geometry":{"type":"LineString","coordinates":[[-90.5905971,41.5437213],[-90.590576,41.542391]]}},{"type":"Feature","properties":{"id":"way/16024906","highway":"service","surface":"asphalt"},"geometry":{"type":"LineString","coordinates":[[-90.5951818,41.542283],[-90.5953425,41.542285]]}},{"type":"Feature","properties":{"id":"way/16024987","highway":"service","tiger:cfcc":"A41","tiger:county":"Scott, IA","tiger:reviewed":"no"},"geometry":{"type":"LineString","coordinates":[[-90.57398,41.540659],[-90.573827,41.540686],[-90.573461,41.540719],[-90.572952,41.540686],[-90.572506,41.540699],[-90.572391,41.540773],[-90.572124,41.541013],[-90.572085,41.541062]]}},{"type":"Feature","properties":{"id":"way/16024993","highway":"service","service":"alley"},"geometry":{"type":"LineString","coordinates":[[-90.5764536,41.541926],[-90.57643,41.540972],[-90.5764491,41.540666]]}},{"type":"Feature","properties":{"id":"way/16025350","highway":"residential","maxspeed":"25 mph","name":"Adams Street","tiger:cfcc":"A41","tiger:county":"Scott, IA","tiger:reviewed":"no"},"geometry":{"type":"LineString","coordinates":[[-90.5523446,41.534344],[-90.5523469,41.534236]]}},{"type":"Feature","properties":{"id":"way/16025357","highway":"service","service":"alley","tiger:cfcc":"A41","tiger:county":"Scott, IA","tiger:reviewed":"no"},"geometry":{"type":"LineString","coordinates":[[-90.549212,41.533678],[-90.550588,41.533687],[-90.551579,41.533694]]}},{"type":"Feature","properties":{"id":"way/16025420","highway":"service","service":"alley"},"geometry":{"type":"LineString","coordinates":[[-90.5623192,41.5423778],[-90.5634,41.542363],[-90.563663,41.542373],[-90.564714,41.542376]]}},{"type":"Feature","properties":{"id":"way/16025436","highway":"service"},"geometry":{"type":"LineString","coordinates":[[-90.5555249,41.5419038],[-90.553678,41.541931]]}},{"type":"Feature","properties":{"id":"way/16025468","highway":"service","service":"alley"},"geometry":{"type":"LineString","coordinates":[[-90.591306,41.52944],[-90.591851,41.529299],[-90.592119,41.529262]]}},{"type":"Feature","properties":{"id":"way/16025475","highway":"service","service":"alley"},"geometry":{"type":"LineString","coordinates":[[-90.6011595,41.5290137],[-90.599746,41.529004],[-90.598495,41.528992],[-90.597009,41.52894],[-90.596652,41.528927],[-90.5964034,41.5289251],[-90.594298,41.528909]]}},{"type":"Feature","properties":{"id":"way/16025486","highway":"service","service":"alley"},"geometry":{"type":"LineString","coordinates":[[-90.59089,41.528629],[-90.591109,41.528591],[-90.591294,41.52858],[-90.591489,41.528555],[-90.591663,41.528566],[-90.591805,41.528598],[-90.591885,41.528657],[-90.591919,41.528853],[-90.591892,41.5288795],[-90.5911156,41.5291049]]}},{"type":"Feature","properties":{"id":"way/16025490","highway":"service","service":"alley"},"geometry":{"type":"LineString","coordinates":[[-90.6033231,41.528258],[-90.603246,41.528202],[-90.602673,41.528179],[-90.6011552,41.528193],[-90.5997651,41.528183],[-90.598778,41.528181],[-90.598391,41.52819]]}},{"type":"Feature","properties":{"id":"way/16025546","highway":"service","oneway":"yes","surface":"asphalt"},"geometry":{"type":"LineString","coordinates":[[-90.5889504,41.531815],[-90.588796,41.531828],[-90.588682,41.531862],[-90.588639,41.531904],[-90.588616,41.531969],[-90.5886214,41.5323326],[-90.5886406,41.5323557],[-90.5886784,41.5323741],[-90.5889424,41.532379]]}},{"type":"Feature","properties":{"id":"way/16025553","highway":"service","surface":"asphalt"},"geometry":{"type":"LineString","coordinates":[[-90.58859,41.531633],[-90.5885816,41.5315437],[-90.588574,41.531462],[-90.5879467,41.5314521],[-90.5877021,41.5314483]]}},{"type":"Feature","properties":{"id":"way/16025572","highway":"service","service":"alley"},"geometry":{"type":"LineString","coordinates":[[-90.585083,41.530951],[-90.585035,41.533521]]}},{"type":"Feature","properties":{"id":"way/16025576","highway":"service","service":"alley"},"geometry":{"type":"LineString","coordinates":[[-90.57116,41.530432],[-90.5696993,41.530417]]}},{"type":"Feature","properties":{"id":"way/16025766","highway":"residential","maxspeed":"25 mph","name":"Highland Avenue","tiger:cfcc":"A41","tiger:county":"Scott, IA","tiger:name_base":"Highland","tiger:name_type":"Ave","tiger:reviewed":"no","tiger:zip_left":"52803","tiger:zip_right":"52803"},"geometry":{"type":"LineString","coordinates":[[-90.5454833,41.5394197],[-90.5454755,41.5414948]]}},{"type":"Feature","properties":{"id":"way/16025771","highway":"residential","maxspeed":"25 mph","name":"West 2nd Street","tiger:cfcc":"A41","tiger:county":"Scott, IA","tiger:name_base":"2nd","tiger:name_direction_prefix":"W","tiger:name_type":"St","tiger:reviewed":"no","tiger:zip_left":"52802","tiger:zip_right":"52802"},"geometry":{"type":"LineString","coordinates":[[-90.5973538,41.5212927],[-90.5984171,41.5212856],[-90.5988183,41.5212476],[-90.5989649,41.5212427],[-90.600623,41.521224],[-90.601185,41.521223],[-90.6030725,41.5212152]]}},{"type":"Feature","properties":{"id":"way/16025777","highway":"secondary","maxspeed":"25 mph","maxweight":"7 st","name":"West 2nd Street","source:maxweight":"https://ecode360.com/39603137#39603137","surface":"asphalt","tiger:cfcc":"A41","tiger:county":"Scott, IA","tiger:name_base":"2nd","tiger:name_direction_prefix":"W","tiger:name_type":"St","tiger:reviewed":"no","tiger:zip_left":"52802","tiger:zip_right":"52802"},"geometry":{"type":"LineString","coordinates":[[-90.577052,41.5213184],[-90.577183,41.5213188],[-90.5784091,41.5213226],[-90.5785311,41.521323],[-90.5786547,41.5213226],[-90.5793168,41.5213207],[-90.5797539,41.5213195],[-90.5798931,41.5213191],[-90.580001,41.5213188],[-90.5801499,41.5213188],[-90.5807249,41.5213189],[-90.5810266,41.5213189],[-90.5813598,41.521319],[-90.581491,41.521319]]}},{"type":"Feature","properties":{"id":"way/16025799","highway":"secondary","lanes":"4","maxspeed":"35 mph","name":"West Locust Street","ref":"US 6 Hist","tiger:cfcc":"A41","tiger:county":"Scott, IA","tiger:name_base":"Locust","tiger:name_direction_prefix":"W","tiger:name_type":"St","tiger:reviewed":"no","tiger:zip_left":"52804","tiger:zip_right":"52804"},"geometry":{"type":"LineString","coordinates":[[-90.591406,41.538263],[-90.5920294,41.5382642],[-90.5922256,41.5382668],[-90.5922629,41.5382664],[-90.5925934,41.5382632],[-90.5931662,41.5382642],[-90.5938112,41.5382638],[-90.5944568,41.5382654],[-90.5944977,41.538265],[-90.5948405,41.538262],[-90.5950232,41.5382604],[-90.5954215,41.5382605],[-90.5956064,41.5382606],[-90.5958601,41.5382609],[-90.5962487,41.5382614],[-90.596475,41.5382603],[-90.5968061,41.5382588],[-90.596912,41.5382583],[-90.5971778,41.5382607],[-90.5974896,41.5382633],[-90.5979431,41.5382614],[-90.5980705,41.5382601],[-90.5981873,41.5382602],[-90.5984719,41.5382603],[-90.5987155,41.5382605],[-90.5993708,41.5382584],[-90.5996465,41.5382546]]}},{"type":"Feature","properties":{"id":"way/16025866","highway":"residential","maxspeed":"25 mph","maxweightrating:hgv":"7 st","name":"Iowa Street","surface":"paved","tiger:cfcc":"A41","tiger:county":"Scott, IA","tiger:name_base":"Iowa","tiger:name_type":"St","tiger:reviewed":"no","tiger:zip_left":"52803","tiger:zip_left_1":"52803","tiger:zip_right":"52803","tiger:zip_right_1":"52803"},"geometry":{"type":"LineString","coordinates":[[-90.569695,41.525697],[-90.56969,41.526244],[-90.569685,41.526773],[-90.5697035,41.5278193],[-90.5697034,41.5283378],[-90.5697023,41.5288585],[-90.5697003,41.5293782],[-90.5697044,41.529898],[-90.5696993,41.530417],[-90.5696955,41.5309409]]}},{"type":"Feature","properties":{"id":"way/16025868","highway":"residential","maxspeed":"25 mph","name":"Iowa Street","tiger:cfcc":"A41","tiger:county":"Scott, IA","tiger:name_base":"Iowa","tiger:name_type":"St","tiger:reviewed":"no","tiger:separated":"no","tiger:source":"tiger_import_dch_v0.6_20070810","tiger:tlid":"122708401:122708405:122708408:122714220:122708177","tiger:upload_uuid":"bulk_upload.pl-651ea7f4-3bc6-4759-8e6f-67fe900f82a8","tiger:zip_left":"52803","tiger:zip_right":"52803"},"geometry":{"type":"LineString","coordinates":[[-90.5695155,41.543131],[-90.5694936,41.544275],[-90.5694471,41.5460534],[-90.56939,41.547213],[-90.569375,41.548187],[-90.5693485,41.5491479]]}},{"type":"Feature","properties":{"id":"way/16025871","highway":"residential","maxspeed":"25 mph","name":"Iowa Street","surface":"bricks","tiger:cfcc":"A41","tiger:county":"Scott, IA","tiger:name_base":"Iowa","tiger:name_type":"St","tiger:reviewed":"no","tiger:zip_left":"52803","tiger:zip_right":"52803"},"geometry":{"type":"LineString","coordinates":[[-90.5701344,41.5426416],[-90.570126,41.541193],[-90.570132,41.540725]]}},{"type":"Feature","properties":{"id":"way/16025922","highway":"residential","maxspeed":"25 mph","name":"East Rusholme Street","surface":"asphalt"},"geometry":{"type":"LineString","coordinates":[[-90.54699,41.543229],[-90.547089,41.543175],[-90.547198,41.543128],[-90.547334,41.543097],[-90.547539,41.543082],[-90.548701,41.543079],[-90.549137,41.543078],[-90.549309,41.543101],[-90.549479,41.543154],[-90.549659,41.543226],[-90.549907,41.543402],[-90.550065,41.543518],[-90.550607,41.543917],[-90.550797,41.544027],[-90.550972,41.544095],[-90.551207,41.544142],[-90.551482,41.544147]]}},{"type":"Feature","properties":{"id":"way/16025930","highway":"residential","maxspeed":"15 mph","name":"East Rusholme Street","tiger:cfcc":"A41","tiger:county":"Scott, IA","tiger:name_base":"Rusholme","tiger:name_direction_prefix":"E","tiger:name_type":"St","tiger:reviewed":"no","tiger:zip_left":"52803","tiger:zip_right":"52803"},"geometry":{"type":"LineString","coordinates":[[-90.5574158,41.5428428],[-90.5564064,41.5428499],[-90.55611,41.542852],[-90.555534,41.542855],[-90.55543,41.542855],[-90.5549269,41.5428579],[-90.554908,41.542858],[-90.55429,41.542861]]}},{"type":"Feature","properties":{"id":"way/16025933","highway":"residential","maxspeed":"25 mph","name":"East Rusholme Street","surface":"asphalt"},"geometry":{"type":"LineString","coordinates":[[-90.573424,41.542666],[-90.5727467,41.5426595],[-90.5726956,41.542659],[-90.572078,41.542653],[-90.571407,41.542654],[-90.5708027,41.5426468],[-90.5701344,41.5426416],[-90.5698472,41.5426466],[-90.5696804,41.5426391],[-90.569551,41.542624]]}},{"type":"Feature","properties":{"id":"way/16025936","highway":"service","service":"alley","surface":"asphalt"},"geometry":{"type":"LineString","coordinates":[[-90.567159,41.5426134],[-90.5663509,41.5426093],[-90.5656216,41.5426075],[-90.564707,41.54261]]}},{"type":"Feature","properties":{"id":"way/16026002","highway":"residential","maxspeed":"25 mph","name":"Washington Lane","tiger:cfcc":"A41","tiger:county":"Scott, IA","tiger:name_base":"Washington","tiger:name_type":"Ln","tiger:reviewed":"no","tiger:separated":"no","tiger:source":"tiger_import_dch_v0.6_20070810","tiger:tlid":"122706675:122706677","tiger:upload_uuid":"bulk_upload.pl-651ea7f4-3bc6-4759-8e6f-67fe900f82a8","tiger:zip_left":"52804","tiger:zip_right":"52804"},"geometry":{"type":"LineString","coordinates":[[-90.597153,41.548645],[-90.597163,41.549052],[-90.597123,41.5506745],[-90.597103,41.551084]]}},{"type":"Feature","properties":{"id":"way/16026005","highway":"residential","maxspeed":"25 mph","name":"Washington Lane","tiger:cfcc":"A41","tiger:county":"Scott, IA","tiger:name_base":"Washington","tiger:name_type":"Ln","tiger:reviewed":"no","tiger:separated":"no","tiger:source":"tiger_import_dch_v0.6_20070810","tiger:tlid":"122706918","tiger:upload_uuid":"bulk_upload.pl-651ea7f4-3bc6-4759-8e6f-67fe900f82a8","tiger:zip_left":"52804","tiger:zip_right":"52804"},"geometry":{"type":"LineString","coordinates":[[-90.597435,41.542832],[-90.597364,41.545517]]}},{"type":"Feature","properties":{"id":"way/16026010","highway":"service","service":"alley"},"geometry":{"type":"LineString","coordinates":[[-90.598069,41.536884],[-90.5980691,41.536949],[-90.5980701,41.5378552],[-90.5980703,41.5380503],[-90.5980704,41.5381777],[-90.5980705,41.5382601]]}},{"type":"Feature","properties":{"id":"way/16026131","highway":"residential","maxspeed":"25 mph","name":"Spring Street","tiger:cfcc":"A41","tiger:county":"Scott, IA","tiger:name_base":"Spring","tiger:name_type":"St","tiger:reviewed":"no","tiger:zip_left":"52803","tiger:zip_right":"52803"},"geometry":{"type":"LineString","coordinates":[[-90.5493147,41.530486],[-90.549229,41.530558],[-90.5492237,41.5307144],[-90.5492181,41.5308822],[-90.5492123,41.5310545],[-90.54921,41.531122],[-90.54919,41.531653],[-90.549187,41.532161],[-90.549196,41.53268],[-90.549204,41.5331763],[-90.549212,41.533678],[-90.5492,41.534168],[-90.5491925,41.5350525],[-90.5491875,41.535167],[-90.5491628,41.5361247],[-90.5491558,41.5365291],[-90.5490999,41.5377617],[-90.5490956,41.538351]]}},{"type":"Feature","properties":{"id":"way/16026136","highway":"service","tiger:cfcc":"A41","tiger:county":"Scott, IA","tiger:name_base":"Spring","tiger:name_type":"St","tiger:reviewed":"no"},"geometry":{"type":"LineString","coordinates":[[-90.5474738,41.538369],[-90.5474694,41.5386082],[-90.5474704,41.5389139]]}},{"type":"Feature","properties":{"id":"way/16026202","highway":"residential","maxspeed":"25 mph","name":"West 11th Street","surface":"paved","tiger:cfcc":"A41","tiger:county":"Scott, IA","tiger:name_base":"11th","tiger:name_direction_prefix":"W","tiger:name_type":"St","tiger:reviewed":"no","tiger:zip_left":"52803","tiger:zip_right":"52803"},"geometry":{"type":"LineString","coordinates":[[-90.577219,41.530935],[-90.577831,41.530932],[-90.5784196,41.5309329],[-90.5785187,41.530933],[-90.578626,41.5309336],[-90.579186,41.530937],[-90.579921,41.530941],[-90.581258,41.530949],[-90.5827752,41.5309526],[-90.582913,41.5309529],[-90.5830475,41.5309539],[-90.5830856,41.5309541],[-90.583672,41.530957],[-90.584197,41.530957],[-90.5842825,41.5309522],[-90.584394,41.530946],[-90.5844837,41.5309422],[-90.585083,41.530951],[-90.5857378,41.5309599],[-90.5858423,41.5309613]]}},{"type":"Feature","properties":{"id":"way/16026214","highway":"residential","maxspeed":"25 mph","name":"West 11th Street","oneway":"yes","tiger:cfcc":"A41","tiger:county":"Scott, IA","tiger:name_base":"11th","tiger:name_direction_prefix":"W","tiger:name_type":"St","tiger:reviewed":"no","tiger:zip_left":"52803","tiger:zip_right":"52803"},"geometry":{"type":"LineString","coordinates":[[-90.5755552,41.5305979],[-90.5752072,41.5305863],[-90.575087,41.530585],[-90.5748996,41.5305834],[-90.5741695,41.5305772],[-90.574031,41.530576]]}},{"type":"Feature","properties":{"id":"way/16026537","highway":"tertiary","maxspeed":"35 mph","maxweightrating:hgv":"7 st","name":"Marquette Street","tiger:cfcc":"A41","tiger:county":"Scott, IA","tiger:name_base":"Marquette","tiger:name_direction_prefix":"N","tiger:name_type":"St","tiger:reviewed":"no"},"geometry":{"type":"LineString","coordinates":[[-90.591406,41.538263],[-90.591395,41.538791],[-90.59138,41.539472],[-90.591355,41.540678],[-90.5913423,41.5418903],[-90.5913409,41.5419489],[-90.5913307,41.5423906],[-90.5912921,41.5434944],[-90.5912816,41.5437245],[-90.591263,41.544252],[-90.591248,41.544883],[-90.5912347,41.5454424],[-90.591233,41.545512]]}},{"type":"Feature","properties":{"id":"way/16026738","highway":"residential","maxspeed":"25 mph","name":"West 29th Street","tiger:cfcc":"A41","tiger:county":"Scott, IA","tiger:name_base":"29th","tiger:name_direction_prefix":"W","tiger:name_type":"St","tiger:reviewed":"no"},"geometry":{"type":"LineString","coordinates":[[-90.5732207,41.5496614],[-90.5738197,41.5496621],[-90.5743974,41.5496588],[-90.5750593,41.5496608],[-90.5756291,41.5496614],[-90.5757185,41.5496574],[-90.5760741,41.5496541],[-90.5765767,41.5496647],[-90.5766806,41.5496203]]}},{"type":"Feature","properties":{"id":"way/16026750","highway":"residential","maxspeed":"25 mph","name":"West 29th Street","surface":"asphalt"},"geometry":{"type":"LineString","coordinates":[[-90.591161,41.549606],[-90.59143,41.549616],[-90.591682,41.549637],[-90.591786,41.549655],[-90.591857,41.549667],[-90.592176,41.549798],[-90.592543,41.549996],[-90.593336,41.550422],[-90.593808,41.550676],[-90.594238,41.550907],[-90.594435,41.551004],[-90.594575,41.551073],[-90.594835,41.551169],[-90.59518,41.551252],[-90.595559,41.551313],[-90.595827,41.551322],[-90.595967,41.551313],[-90.596123,41.551302],[-90.596781,41.5511],[-90.596948,41.551081],[-90.597103,41.551084],[-90.5993517,41.5511003],[-90.599443,41.5511015],[-90.600814,41.5511111]]}},{"type":"Feature","properties":{"id":"way/16026753","highway":"residential","maxspeed":"25 mph","name":"West 29th Street","tiger:cfcc":"A41","tiger:county":"Scott, IA","tiger:name_base":"29th","tiger:name_direction_prefix":"W","tiger:name_type":"St","tiger:reviewed":"no","tiger:zip_left":"52803","tiger:zip_right":"52803"},"geometry":{"type":"LineString","coordinates":[[-90.5766806,41.5496203],[-90.5767448,41.5496005],[-90.577298,41.549602],[-90.5815244,41.54959]]}},{"type":"Feature","properties":{"id":"way/16026809","highway":"residential","maxspeed":"25 mph","name":"Charlotte Avenue","surface":"brick","tiger:cfcc":"A41","tiger:county":"Scott, IA","tiger:name_base":"Charlotte","tiger:name_type":"Ave","tiger:reviewed":"no","tiger:zip_left":"52803","tiger:zip_right":"52803"},"geometry":{"type":"LineString","coordinates":[[-90.5602314,41.527137],[-90.5601354,41.5271374],[-90.5592138,41.5274101],[-90.5591279,41.5274312],[-90.5590679,41.5274324],[-90.5590206,41.5274292],[-90.558971,41.5274131],[-90.5588881,41.5273678],[-90.5588168,41.5273037],[-90.5587417,41.5272632],[-90.558508,41.527158]]}},{"type":"Feature","properties":{"id":"way/16026811","highway":"residential","maxspeed":"25 mph","name":"Charlotte Avenue","tiger:cfcc":"A41","tiger:county":"Scott, IA","tiger:name_base":"Charlotte","tiger:name_type":"Ave","tiger:reviewed":"no","tiger:zip_left":"52803","tiger:zip_right":"52803"},"geometry":{"type":"LineString","coordinates":[[-90.564862,41.525184],[-90.5648424,41.525313],[-90.5633987,41.5259151],[-90.5628338,41.5261451],[-90.562312,41.526365],[-90.561456,41.5267099]]}},{"type":"Feature","properties":{"id":"way/16026814","highway":"residential","maxspeed":"25 mph","name":"Charlotte Avenue","surface":"brick","tiger:cfcc":"A41","tiger:county":"Scott, IA","tiger:name_base":"Charlotte","tiger:name_type":"Ave","tiger:reviewed":"no","tiger:zip_left":"52803","tiger:zip_right":"52803"},"geometry":{"type":"LineString","coordinates":[[-90.5614538,41.5267771],[-90.5602527,41.5267985]]}},{"type":"Feature","properties":{"id":"way/16026825","highway":"secondary","lanes":"4","maxspeed":"35 mph","maxweight":"7 st","name":"East Locust Street","source:maxweight":"https://ecode360.com/39603137#39603137","tiger:cfcc":"A41","tiger:county":"Scott, IA","tiger:name_base":"Locust","tiger:name_direction_prefix":"E","tiger:name_type":"St","tiger:reviewed":"no","tiger:zip_left":"52803","tiger:zip_right":"52803"},"geometry":{"type":"LineString","coordinates":[[-90.568579,41.5382833],[-90.5680201,41.5382815],[-90.5679082,41.538281],[-90.5675321,41.538282],[-90.5674444,41.5382828],[-90.5672206,41.538285],[-90.566758,41.538278],[-90.5663309,41.538277],[-90.5658292,41.538275],[-90.5653476,41.5382793],[-90.5649097,41.5382761],[-90.5643602,41.5382766],[-90.5641455,41.5382757],[-90.5637642,41.5382758],[-90.5629983,41.5382769],[-90.5625251,41.5382778],[-90.5614462,41.5382815],[-90.561194,41.538288],[-90.5599568,41.5382865],[-90.5587643,41.5382874],[-90.5580125,41.5382965],[-90.557216,41.53831],[-90.556925,41.538313],[-90.556522,41.538314],[-90.556354,41.538317],[-90.5560253,41.5383197],[-90.555617,41.538323],[-90.555118,41.538327],[-90.5549203,41.538329],[-90.5545873,41.5383324],[-90.554418,41.538333],[-90.5537516,41.5383337],[-90.5530451,41.5383396],[-90.552697,41.538341],[-90.552637,41.538341],[-90.552309,41.538342],[-90.5515271,41.5383414],[-90.5511548,41.5383431],[-90.55084,41.538345],[-90.5507161,41.5383452],[-90.550135,41.538346],[-90.5497726,41.5383467],[-90.549578,41.538347],[-90.549278,41.538349],[-90.5490956,41.538351],[-90.5485612,41.5383566]]}},{"type":"Feature","properties":{"id":"way/16027252","highway":"residential","maxspeed":"25 mph","name":"East Lombard Street","tiger:cfcc":"A41","tiger:county":"Scott, IA","tiger:name_base":"Lombard","tiger:name_direction_prefix":"E","tiger:name_type":"St","tiger:reviewed":"no","tiger:zip_left":"52803","tiger:zip_right":"52803"},"geometry":{"type":"LineString","coordinates":[[-90.546575,41.542553],[-90.5442221,41.542575],[-90.5420811,41.5425774],[-90.5418271,41.542584],[-90.5413413,41.5425988],[-90.540474,41.542628],[-90.54006,41.542634],[-90.5370794,41.5426325],[-90.5370026,41.542633],[-90.5368479,41.5425994],[-90.5367017,41.5425664]]}},{"type":"Feature","properties":{"id":"way/16027256","highway":"residential","maxspeed":"25 mph","name":"East Lombard Street","tiger:cfcc":"A41","tiger:county":"Scott, IA","tiger:name_base":"Lombard","tiger:name_direction_prefix":"E","tiger:name_type":"St","tiger:reviewed":"no","tiger:separated":"no","tiger:source":"tiger_import_dch_v0.6_20070810","tiger:tlid":"122722766","tiger:upload_uuid":"bulk_upload.pl-651ea7f4-3bc6-4759-8e6f-67fe900f82a8","tiger:zip_left":"52803","tiger:zip_right":"52803"},"geometry":{"type":"LineString","coordinates":[[-90.5695578,41.5416548],[-90.568503,41.5416511]]}},{"type":"Feature","properties":{"id":"way/16027260","highway":"residential","maxspeed":"25 mph","name":"East Lombard Street","surface":"asphalt"},"geometry":{"type":"LineString","coordinates":[[-90.5671701,41.5420357],[-90.5663983,41.542032],[-90.5656256,41.542029],[-90.564724,41.542036]]}},{"type":"Feature","properties":{"id":"way/16027341","highway":"residential","maxspeed":"25 mph","name":"East 11th Street","tiger:cfcc":"A41","tiger:county":"Scott, IA","tiger:name_base":"11th","tiger:name_direction_prefix":"E","tiger:name_type":"St","tiger:reviewed":"no","tiger:separated":"no","tiger:source":"tiger_import_dch_v0.6_20070810","tiger:tlid":"122709035:122709040:122709042:122727638:122727639:122727642:122727643:122727654:122727655:122709022:122709454","tiger:upload_uuid":"bulk_upload.pl-651ea7f4-3bc6-4759-8e6f-67fe900f82a8","tiger:zip_left":"52803","tiger:zip_right":"52803"},"geometry":{"type":"LineString","coordinates":[[-90.5526495,41.531243],[-90.5525718,41.5312211],[-90.55219,41.531201],[-90.551079,41.53114],[-90.5506088,41.5311348],[-90.54921,41.531122],[-90.547808,41.5311084],[-90.5470969,41.5311001],[-90.5464947,41.5310977]]}},{"type":"Feature","properties":{"id":"way/16027342","highway":"residential","maxspeed":"25 mph","name":"East 11th Street","oneway":"yes","tiger:cfcc":"A41","tiger:county":"Scott, IA","tiger:name_base":"11th","tiger:name_direction_prefix":"E","tiger:name_type":"St","tiger:reviewed":"no","tiger:zip_left":"52803","tiger:zip_right":"52803"},"geometry":{"type":"LineString","coordinates":[[-90.574031,41.530576],[-90.5735039,41.5305708],[-90.5733523,41.5305693],[-90.5733375,41.5305692],[-90.572797,41.5305638],[-90.5727557,41.5305634],[-90.572617,41.530562]]}},{"type":"Feature","properties":{"id":"way/16027344","highway":"residential","maxspeed":"25 mph","name":"East 11th Street","surface":"brick","tiger:cfcc":"A41","tiger:county":"Scott, IA","tiger:name_base":"11th","tiger:name_direction_prefix":"E","tiger:name_type":"St","tiger:reviewed":"no","tiger:zip_left":"52803","tiger:zip_right":"52803"},"geometry":{"type":"LineString","coordinates":[[-90.5578962,41.5311873],[-90.5564403,41.531198],[-90.553817,41.5312062]]}},{"type":"Feature","properties":{"id":"way/16027347","highway":"residential","maxspeed":"25 mph","name":"East 11th Street","tiger:cfcc":"A41","tiger:county":"Scott, IA","tiger:name_base":"11th","tiger:name_direction_prefix":"E","tiger:name_type":"St","tiger:reviewed":"no","tiger:zip_left":"52803","tiger:zip_right":"52803"},"geometry":{"type":"LineString","coordinates":[[-90.5711628,41.5309478],[-90.5696955,41.5309409]]}},{"type":"Feature","properties":{"id":"way/16027352","highway":"residential","maxspeed":"25 mph","name":"East 11th Street","tiger:cfcc":"A41","tiger:county":"Scott, IA","tiger:name_base":"11th","tiger:name_direction_prefix":"E","tiger:name_type":"St","tiger:reviewed":"no","tiger:separated":"no","tiger:source":"tiger_import_dch_v0.6_20070810","tiger:tlid":"122709013","tiger:upload_uuid":"bulk_upload.pl-651ea7f4-3bc6-4759-8e6f-67fe900f82a8","tiger:zip_left":"52803","tiger:zip_right":"52803"},"geometry":{"type":"LineString","coordinates":[[-90.553804,41.531394],[-90.55313,41.531377],[-90.552916,41.531349],[-90.552895,41.531344]]}},{"type":"Feature","properties":{"id":"way/16027404","highway":"residential","maxspeed":"25 mph","name":"Frances Place","tiger:cfcc":"A41","tiger:county":"Scott, IA","tiger:name_base":"Frances","tiger:name_type":"Pl","tiger:reviewed":"no","tiger:zip_left":"52804","tiger:zip_right":"52804"},"geometry":{"type":"LineString","coordinates":[[-90.587687,41.543031],[-90.5877677,41.5430818],[-90.58786,41.54314],[-90.587888,41.543243],[-90.58788,41.5438],[-90.5878707,41.5441652],[-90.587869,41.544231]]}},{"type":"Feature","properties":{"id":"way/16027438","highway":"tertiary","lanes":"1","maxspeed":"25 mph","name":"Oneida Avenue","oneway":"yes","tiger:cfcc":"A41","tiger:county":"Scott, IA","tiger:name_base":"Oneida","tiger:name_type":"Ave","tiger:reviewed":"no","tiger:zip_left":"52803","tiger:zip_right":"52803"},"geometry":{"type":"LineString","coordinates":[[-90.5592305,41.5322834],[-90.559208,41.531748],[-90.559212,41.531196],[-90.559245,41.530881],[-90.559335,41.530493],[-90.559377,41.5300855],[-90.559375,41.5299245],[-90.559375,41.529849],[-90.5593588,41.5297572],[-90.5593047,41.5296313],[-90.5591602,41.5293735],[-90.558924,41.528952],[-90.558767,41.528699],[-90.558627,41.528419],[-90.558551,41.528179],[-90.558536,41.528129],[-90.558498,41.527836],[-90.558499,41.52767],[-90.5585035,41.5273294],[-90.558505,41.527217],[-90.558508,41.527158],[-90.558446,41.526926],[-90.558334,41.526802]]}},{"type":"Feature","properties":{"id":"way/16027486","highway":"residential","maxspeed":"25 mph","name":"Lillie Avenue","tiger:cfcc":"A41","tiger:county":"Scott, IA","tiger:name_base":"Lillie","tiger:name_type":"Ave","tiger:reviewed":"no","tiger:zip_left":"52804","tiger:zip_right":"52804"},"geometry":{"type":"LineString","coordinates":[[-90.5900615,41.5382538],[-90.590061,41.5383188],[-90.590057,41.5387891],[-90.590052,41.5393717],[-90.5900518,41.5394011],[-90.5900512,41.5394711],[-90.5900508,41.53952],[-90.5900504,41.5395664],[-90.5900419,41.5405793],[-90.5900415,41.5406227],[-90.590041,41.5406821],[-90.5900406,41.5407289],[-90.5900394,41.5407609],[-90.5899992,41.5418307],[-90.5900027,41.5418876],[-90.5900024,41.5419274],[-90.5900004,41.542388],[-90.5900008,41.5428442],[-90.5899867,41.5437185],[-90.5900073,41.5441677],[-90.5900108,41.5442431],[-90.5900102,41.5443086],[-90.5900007,41.5454357],[-90.59,41.545513]]}},{"type":"Feature","properties":{"id":"way/16027530","highway":"residential","maxspeed":"25 mph","maxweightrating:hgv":"7 st","name":"West 14th Street","oneway":"yes","tiger:cfcc":"A41","tiger:county":"Scott, IA","tiger:name_base":"14th","tiger:name_direction_prefix":"W","tiger:name_type":"St","tiger:reviewed":"no","tiger:zip_left":"52804","tiger:zip_right":"52804"},"geometry":{"type":"LineString","coordinates":[[-90.601212,41.533753],[-90.600969,41.533759],[-90.598774,41.53375],[-90.596303,41.53374],[-90.593864,41.533724],[-90.591464,41.533719]]}},{"type":"Feature","properties":{"id":"way/16027534","highway":"residential","lanes":"1","maxspeed":"30 mph","maxweightrating:hgv":"7 st","name":"West 14th Street","oneway":"yes","tiger:cfcc":"A41","tiger:county":"Scott, IA","tiger:name_base":"14th","tiger:name_direction_prefix":"W","tiger:name_type":"St","tiger:reviewed":"no","tiger:zip_left":"52804","tiger:zip_right":"52804"},"geometry":{"type":"LineString","coordinates":[[-90.591462,41.534025],[-90.5907898,41.5340271],[-90.5889189,41.5340331],[-90.587337,41.534036],[-90.5857975,41.5340382],[-90.584342,41.534033],[-90.583623,41.534038],[-90.5828707,41.5340441],[-90.582199,41.534049],[-90.5799038,41.5340561],[-90.5785007,41.5340565],[-90.5778394,41.5340588],[-90.577234,41.534055]]}},{"type":"Feature","properties":{"id":"way/16027536","highway":"tertiary","maxspeed":"25 mph","maxweightrating:hgv":"7 st","name":"West 14th Street","oneway":"yes","tiger:cfcc":"A41","tiger:county":"Scott, IA","tiger:name_base":"14th","tiger:name_direction_prefix":"W","tiger:name_type":"St","tiger:reviewed":"no","tiger:zip_left":"52803","tiger:zip_right":"52803"},"geometry":{"type":"LineString","coordinates":[[-90.577232,41.53391],[-90.5765975,41.53391],[-90.5762132,41.53391],[-90.5755564,41.53391],[-90.5747,41.533912],[-90.574053,41.533913]]}},{"type":"Feature","properties":{"id":"way/16027651","highway":"residential","maxspeed":"25 mph","name":"Crestwood Terrace","tiger:cfcc":"A41","tiger:county":"Scott, IA","tiger:name_base":"Crestwood","tiger:name_type":"Ter","tiger:reviewed":"no","tiger:zip_left":"52803","tiger:zip_right":"52803"},"geometry":{"type":"LineString","coordinates":[[-90.541868,41.532118],[-90.541877,41.532632],[-90.541884,41.532979],[-90.541874,41.533093],[-90.541839,41.533164],[-90.541685,41.533271],[-90.541366,41.533446],[-90.541147,41.53354],[-90.540784,41.533627],[-90.540475,41.533673],[-90.540064,41.533721],[-90.539788,41.533761],[-90.53957,41.533828],[-90.5391735,41.5340339],[-90.5390923,41.5340572]]}},{"type":"Feature","properties":{"id":"way/16027654","highway":"residential","maxspeed":"25 mph","name":"Leclaire Street","tiger:cfcc":"A41","tiger:county":"Scott, IA","tiger:name_base":"Leclaire","tiger:name_type":"St","tiger:reviewed":"no","tiger:zip_left":"52803","tiger:zip_right":"52803"},"geometry":{"type":"LineString","coordinates":[[-90.568579,41.5382833],[-90.568549,41.538722],[-90.5685365,41.539519],[-90.5685175,41.5407261],[-90.5685103,41.5411867],[-90.568503,41.5416511],[-90.5684955,41.5421311],[-90.5684934,41.5422631],[-90.5685018,41.5426114],[-90.5684822,41.5429811],[-90.5684799,41.5431281],[-90.5684736,41.5435292],[-90.5684618,41.5442801],[-90.5684555,41.546051],[-90.5684157,41.5472182],[-90.5684005,41.5481884],[-90.5683849,41.5491542]]}},{"type":"Feature","properties":{"id":"way/16027658","highway":"residential","maxspeed":"25 mph","name":"Leclaire Street","tiger:cfcc":"A41","tiger:county":"Scott, IA","tiger:name_base":"Leclaire","tiger:name_type":"St","tiger:reviewed":"no"},"geometry":{"type":"LineString","coordinates":[[-90.568248,41.525247],[-90.568245,41.525693],[-90.568242,41.52623],[-90.568238,41.526763],[-90.568235,41.527292],[-90.5682495,41.5278137],[-90.5682478,41.5283324],[-90.5682474,41.528858],[-90.5682489,41.529377],[-90.5682467,41.5299013],[-90.5682487,41.5305476],[-90.5682499,41.5309304]]}},{"type":"Feature","properties":{"id":"way/16027660","highway":"tertiary","maxspeed":"25 mph","name":"Leclaire Street","sidewalk:both":"separate","surface":"asphalt","tiger:cfcc":"A41","tiger:county":"Scott, IA","tiger:name_base":"Leclaire","tiger:name_type":"St","tiger:reviewed":"no","tiger:zip_left":"52803","tiger:zip_right":"52803"},"geometry":{"type":"LineString","coordinates":[[-90.5682567,41.5223964],[-90.5682568,41.5224962],[-90.5682571,41.522934],[-90.5682556,41.5229674],[-90.568254,41.5234065],[-90.5682537,41.5234988]]}},{"type":"Feature","properties":{"id":"way/16027726","highway":"residential","maxspeed":"25 mph","name":"Kuehl Street","tiger:cfcc":"A41","tiger:county":"Scott, IA","tiger:name_base":"Kuehl","tiger:name_type":"St","tiger:reviewed":"no","tiger:zip_left":"52803","tiger:zip_right":"52803"},"geometry":{"type":"LineString","coordinates":[[-90.5470148,41.533163],[-90.5471036,41.5337133],[-90.5471471,41.5340064],[-90.5471753,41.5341046],[-90.5472078,41.53413]]}},{"type":"Feature","properties":{"id":"way/16027757","highway":"residential","maxspeed":"25 mph","name":"West 28 1/2 Street","tiger:cfcc":"A41","tiger:county":"Scott, IA","tiger:name_base":"28 1/2","tiger:name_direction_prefix":"W","tiger:name_type":"St","tiger:reviewed":"no","tiger:zip_left":"52803","tiger:zip_right":"52803"},"geometry":{"type":"LineString","coordinates":[[-90.5815351,41.5491612],[-90.582145,41.549168],[-90.582725,41.549169]]}},{"type":"Feature","properties":{"id":"way/16027758","highway":"residential","maxspeed":"25 mph","name":"East 29th Street","tiger:cfcc":"A41","tiger:county":"Scott, IA","tiger:name_base":"29th","tiger:name_direction_prefix":"E","tiger:name_type":"St","tiger:reviewed":"no","tiger:zip_left":"52803","tiger:zip_right":"52803"},"geometry":{"type":"LineString","coordinates":[[-90.5441604,41.5491581],[-90.5431979,41.5491476],[-90.5425214,41.5491352],[-90.5423894,41.5491351],[-90.5422897,41.5491445],[-90.5421133,41.5491787],[-90.5419902,41.5491865],[-90.5417685,41.5491806]]}},{"type":"Feature","properties":{"id":"way/16027759","highway":"residential","maxspeed":"25 mph","name":"East 29th Street","tiger:cfcc":"A41","tiger:county":"Scott, IA","tiger:name_base":"29th","tiger:name_direction_prefix":"E","tiger:name_type":"St","tiger:reviewed":"no","tiger:zip_left":"52803","tiger:zip_right":"52803"},"geometry":{"type":"LineString","coordinates":[[-90.5732207,41.5496614],[-90.5725137,41.5496641],[-90.5718837,41.54967],[-90.5713873,41.549667],[-90.5711667,41.5496701],[-90.5707005,41.5496723]]}},{"type":"Feature","properties":{"id":"way/16027763","highway":"tertiary","lanes":"2","maxspeed":"30 mph","name":"East 29th Street","oneway":"no","tiger:cfcc":"A41","tiger:county":"Scott, IA","tiger:name_base":"29th","tiger:name_direction_prefix":"E","tiger:name_type":"St","tiger:reviewed":"no","tiger:zip_left":"52803","tiger:zip_right":"52803"},"geometry":{"type":"LineString","coordinates":[[-90.5700289,41.5491648],[-90.5693485,41.5491479],[-90.5688565,41.5491511],[-90.5683849,41.5491542],[-90.5677066,41.5491586],[-90.5670315,41.5491632],[-90.5663907,41.5491672],[-90.5657947,41.5491711],[-90.5652107,41.5491749],[-90.5645927,41.549179],[-90.5639927,41.5491829],[-90.5633877,41.5491869],[-90.5627749,41.5491909],[-90.5621738,41.5491948],[-90.5616163,41.5492011],[-90.5610131,41.5492076],[-90.5607719,41.5492101],[-90.5604127,41.5492106],[-90.5598108,41.5492105],[-90.5579487,41.5492224],[-90.5573857,41.5492261],[-90.5568789,41.5492283]]}},{"type":"Feature","properties":{"id":"way/16027842","highway":"residential","maxspeed":"25 mph","name":"Northlawn Road","tiger:cfcc":"A41","tiger:county":"Scott, IA","tiger:name_base":"Northlawn","tiger:name_type":"Rd","tiger:reviewed":"no","tiger:zip_left":"52804","tiger:zip_right":"52804"},"geometry":{"type":"LineString","coordinates":[[-90.591191,41.547853],[-90.593094,41.547866],[-90.593645,41.547858],[-90.594914,41.547848],[-90.595097,41.547848],[-90.595242,41.547866],[-90.595465,41.547933],[-90.595692,41.548019],[-90.595809,41.548037],[-90.596032,41.548039],[-90.598476,41.548074],[-90.5986165,41.5480779],[-90.600057,41.5481046],[-90.6001448,41.5481125],[-90.6002241,41.5481449],[-90.6003016,41.5481794],[-90.6003953,41.5482033]]}},{"type":"Feature","properties":{"id":"way/16027898","highway":"residential","maxspeed":"25 mph","name":"Ridgewood Avenue","surface":"concrete","tiger:cfcc":"A41","tiger:county":"Scott, IA","tiger:name_base":"Ridgewood","tiger:name_type":"Ave","tiger:reviewed":"no","tiger:separated":"no","tiger:source":"tiger_import_dch_v0.6_20070810","tiger:tlid":"122709342:122709343","tiger:upload_uuid":"bulk_upload.pl-651ea7f4-3bc6-4759-8e6f-67fe900f82a8","tiger:zip_left":"52803","tiger:zip_right":"52803"},"geometry":{"type":"LineString","coordinates":[[-90.539983,41.54521],[-90.539981,41.54615],[-90.5400105,41.547018]]}},{"type":"Feature","properties":{"id":"way/16027904","highway":"residential","maxspeed":"25 mph","name":"Ridgewood Avenue","tiger:cfcc":"A41","tiger:county":"Scott, IA","tiger:name_base":"Ridgewood","tiger:name_type":"Ave","tiger:reviewed":"no","tiger:separated":"no","tiger:source":"tiger_import_dch_v0.6_20070810","tiger:tlid":"122709471","tiger:upload_uuid":"bulk_upload.pl-651ea7f4-3bc6-4759-8e6f-67fe900f82a8","tiger:zip_left":"52803","tiger:zip_right":"52803"},"geometry":{"type":"LineString","coordinates":[[-90.5397313,41.5347108],[-90.539876,41.53487],[-90.539964,41.534959],[-90.540142,41.535092],[-90.540305,41.535178],[-90.540502,41.535239],[-90.540592,41.535287],[-90.540705,41.535414],[-90.54073,41.535479],[-90.54074,41.535627],[-90.5407,41.536161]]}},{"type":"Feature","properties":{"id":"way/16027927","highway":"tertiary","maxspeed":"25 mph","name":"Eastern Avenue","surface":"paved","tiger:cfcc":"A41","tiger:county":"Scott, IA","tiger:name_base":"Eastern","tiger:name_type":"Ave","tiger:reviewed":"no","tiger:zip_left":"52807","tiger:zip_right":"52807"},"geometry":{"type":"LineString","coordinates":[[-90.5516026,41.532291],[-90.551578,41.532709],[-90.551573,41.5331898],[-90.551579,41.533694],[-90.551575,41.53419],[-90.5515742,41.5342304],[-90.551572,41.534343],[-90.5515647,41.5344739],[-90.5515639,41.5345742],[-90.5515486,41.5365409],[-90.551524,41.5374742],[-90.5515271,41.5383414]]}},{"type":"Feature","properties":{"id":"way/16027952","highway":"service","service":"parking_aisle","surface":"asphalt"},"geometry":{"type":"LineString","coordinates":[[-90.5909292,41.5170902],[-90.5909236,41.5169416],[-90.5909219,41.516859],[-90.5909178,41.5166622],[-90.5909175,41.5166471],[-90.5910813,41.5166346],[-90.5920324,41.5163393]]}},{"type":"Feature","properties":{"id":"way/16027957","cycleway:both":"lane","highway":"residential","maxspeed":"25 mph","name":"South Marquette Street","surface":"asphalt","tiger:cfcc":"A41","tiger:county":"Scott, IA","tiger:name_base":"Marquette","tiger:name_direction_prefix":"S","tiger:name_type":"St","tiger:reviewed":"no","tiger:zip_left":"52802","tiger:zip_right":"52802"},"geometry":{"type":"LineString","coordinates":[[-90.5909074,41.5199372],[-90.590907,41.5198229],[-90.5909049,41.5195854],[-90.5909014,41.5192681],[-90.5909031,41.5191336],[-90.5909056,41.5189431],[-90.5909073,41.5188081],[-90.5909127,41.518382],[-90.5909155,41.5181636],[-90.5909243,41.5174727],[-90.5909279,41.5171918],[-90.5909292,41.5170902]]}},{"type":"Feature","properties":{"id":"way/16028394","highway":"residential","maxspeed":"25 mph","name":"West 6th Street","surface":"asphalt"},"geometry":{"type":"LineString","coordinates":[[-90.5876962,41.525682],[-90.588056,41.5256818],[-90.589012,41.525669],[-90.59087,41.525669],[-90.5925092,41.5256631],[-90.593442,41.525653],[-90.594318,41.525658],[-90.59637,41.525665],[-90.596556,41.525699],[-90.596717,41.525718],[-90.597066,41.525716],[-90.59844,41.525716],[-90.5998197,41.5257157],[-90.601189,41.52571],[-90.60159,41.525706],[-90.6036662,41.5257217]]}},{"type":"Feature","properties":{"id":"way/16028566","highway":"residential","maxspeed":"25 mph","name":"West Columbia Avenue","tiger:cfcc":"A41","tiger:county":"Scott, IA","tiger:name_base":"Columbia","tiger:name_direction_prefix":"W","tiger:name_type":"Ave","tiger:reviewed":"no","tiger:zip_left":"52803","tiger:zip_right":"52803"},"geometry":{"type":"LineString","coordinates":[[-90.5784871,41.5469032],[-90.5788,41.546757],[-90.57893,41.546718],[-90.579082,41.546688],[-90.5791969,41.5466786],[-90.5798317,41.5466825],[-90.5804205,41.546685],[-90.5810195,41.5466914]]}},{"type":"Feature","properties":{"id":"way/16028570","highway":"residential","maxspeed":"25 mph","name":"West Columbia Avenue","tiger:cfcc":"A41","tiger:county":"Scott, IA","tiger:name_base":"Columbia","tiger:name_direction_prefix":"W","tiger:name_type":"Ave","tiger:reviewed":"no","tiger:separated":"no","tiger:source":"tiger_import_dch_v0.6_20070810","tiger:tlid":"122706299:122706300:122706308","tiger:upload_uuid":"bulk_upload.pl-651ea7f4-3bc6-4759-8e6f-67fe900f82a8","tiger:zip_left":"52804","tiger:zip_right":"52804"},"geometry":{"type":"LineString","coordinates":[[-90.596063,41.546389],[-90.596649,41.546405],[-90.598518,41.546403],[-90.5998171,41.546396],[-90.60093,41.5464]]}},{"type":"Feature","properties":{"id":"way/16028575","highway":"residential","maxspeed":"25 mph","name":"West Columbia Avenue","tiger:cfcc":"A41","tiger:county":"Scott, IA","tiger:name_base":"Columbia","tiger:name_direction_prefix":"W","tiger:name_type":"Ave","tiger:reviewed":"no","tiger:zip_left":"52803","tiger:zip_right":"52803"},"geometry":{"type":"LineString","coordinates":[[-90.576831,41.546938],[-90.5775381,41.5469392],[-90.5784886,41.5469409]]}},{"type":"Feature","properties":{"id":"way/16028577","highway":"residential","maxspeed":"25 mph","name":"West Columbia Avenue","tiger:cfcc":"A41","tiger:county":"Scott, IA","tiger:name_base":"Columbia","tiger:name_direction_prefix":"W","tiger:name_type":"Ave","tiger:reviewed":"no","tiger:separated":"no","tiger:source":"tiger_import_dch_v0.6_20070810","tiger:tlid":"122726816:122726817:122726818:122726819:122726822:122726823","tiger:upload_uuid":"bulk_upload.pl-651ea7f4-3bc6-4759-8e6f-67fe900f82a8","tiger:zip_left":"52803","tiger:zip_right":"52803"},"geometry":{"type":"LineString","coordinates":[[-90.573267,41.546671],[-90.573876,41.546674],[-90.57445,41.546676],[-90.575113,41.546679],[-90.575762,41.546681],[-90.576125,41.546683],[-90.576852,41.546689]]}},{"type":"Feature","properties":{"id":"way/16028616","highway":"residential","maxspeed":"30 mph","name":"Warren Street","surface":"asphalt","tiger:cfcc":"A41","tiger:county":"Scott, IA","tiger:name_base":"Warren","tiger:name_type":"St","tiger:reviewed":"no","tiger:zip_left":"52804","tiger:zip_right":"52804"},"geometry":{"type":"LineString","coordinates":[[-90.5859181,41.5235092],[-90.5859114,41.5240505],[-90.5859126,41.524545],[-90.5859136,41.5245835],[-90.5859142,41.5246569],[-90.5858994,41.5251606],[-90.5858996,41.5256943],[-90.5858915,41.5262619],[-90.5858838,41.5267831],[-90.5858955,41.5273033],[-90.585888,41.5278213],[-90.5858803,41.5283493],[-90.5858732,41.5288393],[-90.585866,41.5293293],[-90.585859,41.5298122],[-90.5858515,41.5303312],[-90.5858457,41.5307272],[-90.5858423,41.5309613],[-90.5858368,41.5313424],[-90.5858323,41.5316494],[-90.585816,41.5327674],[-90.5858127,41.5329983],[-90.5858051,41.5335161],[-90.5857975,41.5340382],[-90.5857897,41.5345618],[-90.5857796,41.5351128],[-90.5857745,41.5356252],[-90.5857668,41.536148],[-90.5857592,41.5366826],[-90.5857515,41.537198],[-90.5857433,41.5377218],[-90.5857376,41.5381518],[-90.585736,41.538268]]}},{"type":"Feature","properties":{"id":"way/16028629","highway":"residential","maxspeed":"25 mph","name":"South Warren Street","tiger:cfcc":"A41","tiger:county":"Scott, IA","tiger:name_base":"Warren","tiger:name_type":"St","tiger:reviewed":"no"},"geometry":{"type":"LineString","coordinates":[[-90.586504,41.517551],[-90.586504,41.517849],[-90.5865185,41.5182363]]}},{"type":"Feature","properties":{"id":"way/16028978","highway":"residential","maxspeed":"25 mph","maxweight":"7 st","name":"East Hayes Street","source:maxweight":"https://ecode360.com/39603137#39603137","tiger:cfcc":"A41","tiger:county":"Scott, IA","tiger:name_base":"Hayes","tiger:name_direction_prefix":"E","tiger:name_type":"St","tiger:reviewed":"no","tiger:zip_left":"52803","tiger:zip_right":"52803"},"geometry":{"type":"LineString","coordinates":[[-90.573248,41.547633],[-90.572555,41.547628],[-90.5718936,41.547624],[-90.57149,41.54762]]}},{"type":"Feature","properties":{"id":"way/16029087","highway":"residential","maxspeed":"25 mph","name":"East 7th Street","tiger:cfcc":"A41","tiger:county":"Scott, IA","tiger:name_base":"7th","tiger:name_direction_prefix":"E","tiger:name_type":"St","tiger:reviewed":"no","tiger:zip_left":"52803","tiger:zip_right":"52803"},"geometry":{"type":"LineString","coordinates":[[-90.574054,41.526805],[-90.5739673,41.5268042],[-90.5737772,41.5268023],[-90.5733909,41.5267985],[-90.5727546,41.5267923],[-90.572624,41.526791],[-90.571889,41.526786],[-90.571161,41.526782]]}},{"type":"Feature","properties":{"id":"way/16029192","highway":"residential","maxspeed":"25 mph","name":"Vine Street","surface":"asphalt","tiger:cfcc":"A41","tiger:county":"Scott, IA","tiger:name_base":"Vine","tiger:name_type":"St","tiger:reviewed":"no","tiger:zip_left":"52804","tiger:zip_right":"52804"},"geometry":{"type":"LineString","coordinates":[[-90.587363,41.532993],[-90.587346,41.533515],[-90.587337,41.534036],[-90.5873289,41.5345574],[-90.5873414,41.5350849],[-90.587312,41.5356269],[-90.5873037,41.536057],[-90.587302,41.5361442],[-90.5873027,41.5362309],[-90.5873062,41.5366754],[-90.5872907,41.5370971],[-90.5872906,41.5371954],[-90.5872905,41.5372789],[-90.5872901,41.5377184],[-90.5872783,41.5381306],[-90.5872812,41.5382597],[-90.5872799,41.5383309],[-90.5872797,41.5383588],[-90.5872772,41.5387889],[-90.5872392,41.5393833],[-90.5872387,41.539425],[-90.587238,41.539475],[-90.5872374,41.5395236],[-90.5872369,41.5395629],[-90.587223,41.5406028],[-90.5872226,41.5406345],[-90.587222,41.540682],[-90.5872214,41.5407305],[-90.587221,41.5407648],[-90.587217,41.541104],[-90.5872207,41.5418271],[-90.5872196,41.5418916]]}},{"type":"Feature","properties":{"id":"way/16029212","highway":"residential","maxspeed":"25 mph","name":"Vine Street","surface":"brick","tiger:cfcc":"A41","tiger:county":"Scott, IA","tiger:name_base":"Vine","tiger:name_type":"St","tiger:reviewed":"no","tiger:zip_left":"52804","tiger:zip_right":"52804"},"geometry":{"type":"LineString","coordinates":[[-90.5875039,41.5258245],[-90.5874388,41.5259096],[-90.587432,41.52625],[-90.587423,41.526794]]}},{"type":"Feature","properties":{"id":"way/16029330","highway":"residential","maxspeed":"25 mph","name":"Madison Street","tiger:cfcc":"A41","tiger:county":"Scott, IA","tiger:name_base":"Madison","tiger:name_type":"St","tiger:reviewed":"no","tiger:zip_left":"52804","tiger:zip_right":"52804"},"geometry":{"type":"LineString","coordinates":[[-90.5998181,41.5418809],[-90.599797,41.542312],[-90.59978,41.542839],[-90.599772,41.5432746],[-90.599731,41.54551]]}},{"type":"Feature","properties":{"id":"way/16029331","highway":"residential","maxspeed":"25 mph","maxweight":"7 st","name":"Madison Street","oneway":"yes","source:maxweight":"https://ecode360.com/39603137#39603137","tiger:cfcc":"A41","tiger:county":"Scott, IA","tiger:name_base":"Madison","tiger:name_type":"St","tiger:reviewed":"no","tiger:zip_left":"52804","tiger:zip_right":"52804"},"geometry":{"type":"LineString","coordinates":[[-90.599936,41.536887],[-90.5999388,41.5374201],[-90.5999433,41.5382568]]}},{"type":"Feature","properties":{"id":"way/16029333","highway":"residential","maxspeed":"25 mph","name":"Madison Street","tiger:cfcc":"A41","tiger:county":"Scott, IA","tiger:name_base":"Madison","tiger:name_type":"St","tiger:reviewed":"no","tiger:zip_left":"52804","tiger:zip_right":"52804"},"geometry":{"type":"LineString","coordinates":[[-90.5998539,41.5248782],[-90.5998369,41.5251917],[-90.5998197,41.5257157],[-90.5998083,41.526243],[-90.5997983,41.526751],[-90.5997852,41.5272756],[-90.5997711,41.5278015],[-90.5997651,41.528183],[-90.599754,41.528537]]}},{"type":"Feature","properties":{"id":"way/16029336","highway":"residential","maxspeed":"25 mph","name":"Madison Street","tiger:cfcc":"A41","tiger:county":"Scott, IA","tiger:name_base":"Madison","tiger:name_type":"St","tiger:reviewed":"no","tiger:separated":"no","tiger:source":"tiger_import_dch_v0.6_20070810","tiger:tlid":"122706352","tiger:upload_uuid":"bulk_upload.pl-651ea7f4-3bc6-4759-8e6f-67fe900f82a8","tiger:zip_left":"52804","tiger:zip_right":"52804"},"geometry":{"type":"LineString","coordinates":[[-90.599661,41.540666],[-90.5996652,41.5418799]]}},{"type":"Feature","properties":{"id":"way/16029362","highway":"residential","maxspeed":"25 mph","name":"Farnam Street","tiger:cfcc":"A41","tiger:county":"Scott, IA","tiger:name_base":"Farnam","tiger:name_type":"St","tiger:reviewed":"no","tiger:zip_left":"52803","tiger:zip_right":"52803"},"geometry":{"type":"LineString","coordinates":[[-90.5667771,41.5252206],[-90.5667647,41.5256791],[-90.566776,41.526223],[-90.566769,41.526755],[-90.566762,41.52727],[-90.5667788,41.5276492],[-90.5667711,41.5277967],[-90.5667706,41.5283178],[-90.5667679,41.5285311],[-90.5667674,41.5288465],[-90.5667662,41.5293755],[-90.5667611,41.5299049],[-90.566771,41.530915],[-90.5667673,41.5319731],[-90.566759,41.5330001],[-90.566752,41.533542],[-90.566754,41.534041],[-90.566757,41.534574],[-90.566767,41.535091],[-90.566785,41.535553],[-90.566783,41.535607],[-90.566781,41.535748],[-90.5667787,41.5360322],[-90.566778,41.5361163],[-90.566777,41.5362328],[-90.5667761,41.5363216],[-90.566772,41.536749],[-90.566768,41.537191],[-90.566758,41.538278]]}},{"type":"Feature","properties":{"id":"way/16029366","highway":"residential","maxspeed":"25 mph","name":"Farnam Street","surface":"asphalt"},"geometry":{"type":"LineString","coordinates":[[-90.5670785,41.5460584],[-90.5670698,41.546214],[-90.5670667,41.5467474],[-90.5670632,41.547068],[-90.5670663,41.54722],[-90.5670479,41.548183],[-90.5670315,41.5491632],[-90.5670232,41.549613],[-90.5670147,41.550078],[-90.5670022,41.550979],[-90.5669916,41.551457],[-90.5669846,41.551903],[-90.5669776,41.552347],[-90.5669777,41.5527954],[-90.5669917,41.5535556]]}},{"type":"Feature","properties":{"id":"way/16029369","highway":"residential","maxspeed":"25 mph","name":"Farnam Street","surface":"asphalt"},"geometry":{"type":"LineString","coordinates":[[-90.5672206,41.538285],[-90.5672157,41.5395176],[-90.5671997,41.5401316],[-90.567196,41.5407235],[-90.5671701,41.5420357],[-90.567159,41.5426134],[-90.5671476,41.5428161],[-90.5671315,41.5433107],[-90.5671172,41.5438879],[-90.5671173,41.544303],[-90.567077,41.545163],[-90.567073,41.545549],[-90.5670778,41.5459217]]}},{"type":"Feature","properties":{"id":"way/16029431","highway":"residential","lanes":"2","maxspeed":"25 mph","maxweightrating:hgv":"7 st","name":"North Fillmore Street","tiger:cfcc":"A41","tiger:county":"Scott, IA","tiger:name_base":"Fillmore","tiger:name_direction_prefix":"N","tiger:name_type":"St","tiger:reviewed":"no","tiger:zip_left":"52804","tiger:zip_right":"52804"},"geometry":{"type":"LineString","coordinates":[[-90.594289,41.528352],[-90.594296,41.5287831],[-90.594298,41.528909],[-90.5943058,41.5294547],[-90.5942998,41.5294938],[-90.5942899,41.5295281],[-90.59427,41.5295571],[-90.5942495,41.5295801],[-90.594009,41.529731]]}},{"type":"Feature","properties":{"id":"way/16029434","highway":"residential","maxspeed":"25 mph","name":"North Fillmore Street","tiger:cfcc":"A41","tiger:county":"Scott, IA","tiger:name_base":"Fillmore","tiger:name_direction_prefix":"N","tiger:name_type":"St","tiger:reviewed":"no","tiger:zip_left":"52804","tiger:zip_right":"52804"},"geometry":{"type":"LineString","coordinates":[[-90.593879,41.531641],[-90.593876,41.532167],[-90.593872,41.53269],[-90.593869,41.533203],[-90.593864,41.533724],[-90.5938529,41.5342596],[-90.593843,41.534771],[-90.593832,41.5353],[-90.593822,41.535817],[-90.593819,41.536345],[-90.59383,41.5368645],[-90.5938112,41.5382638],[-90.5938098,41.5386335],[-90.5938038,41.538868],[-90.593763,41.539467],[-90.59375,41.540069],[-90.593738,41.540676],[-90.593727,41.54126],[-90.5937374,41.5418908]]}},{"type":"Feature","properties":{"id":"way/16029439","highway":"residential","maxspeed":"25 mph","name":"North Fillmore Street","tiger:cfcc":"A41","tiger:county":"Scott, IA","tiger:name_base":"Fillmore","tiger:name_direction_prefix":"N","tiger:name_type":"St","tiger:reviewed":"no","tiger:separated":"no","tiger:source":"tiger_import_dch_v0.6_20070810","tiger:tlid":"122706693:122726428:122726429:122706930","tiger:upload_uuid":"bulk_upload.pl-651ea7f4-3bc6-4759-8e6f-67fe900f82a8","tiger:zip_left":"52804","tiger:zip_right":"52804"},"geometry":{"type":"LineString","coordinates":[[-90.593687,41.545505],[-90.593663,41.546438],[-90.593645,41.547858],[-90.593639,41.548241],[-90.593634,41.548516],[-90.593613,41.548645],[-90.593566,41.548908],[-90.593521,41.548975],[-90.592543,41.549996]]}},{"type":"Feature","properties":{"id":"way/16029476","highway":"residential","maxspeed":"25 mph","name":"Hillcrest Avenue","tiger:cfcc":"A41","tiger:county":"Scott, IA","tiger:name_base":"Hillcrest","tiger:name_type":"Ave","tiger:reviewed":"no","tiger:zip_left":"52803","tiger:zip_right":"52803"},"geometry":{"type":"LineString","coordinates":[[-90.5419533,41.531043],[-90.5417247,41.531068],[-90.5415016,41.5311099],[-90.541312,41.531174],[-90.541131,41.531272],[-90.5408946,41.5314221],[-90.5407311,41.5315193],[-90.5405626,41.5316032],[-90.5403628,41.5316873],[-90.5400404,41.5317789],[-90.5397784,41.5317918],[-90.539218,41.53177],[-90.538471,41.531728],[-90.53823,41.531715],[-90.538085,41.531727],[-90.53797,41.531758],[-90.537874,41.531816],[-90.537805,41.531857],[-90.537716,41.531939],[-90.537624,41.532085],[-90.5375632,41.532329],[-90.5375166,41.5324958],[-90.5374745,41.5327058],[-90.5374347,41.5328565],[-90.537315,41.5332207],[-90.5372673,41.5333634],[-90.5372289,41.5335688],[-90.5372146,41.5336918],[-90.5372351,41.5338135],[-90.5372707,41.5339626],[-90.5373567,41.5341194],[-90.5374406,41.534293],[-90.5374902,41.5344573],[-90.5375262,41.5346164],[-90.537541,41.5347782],[-90.5375356,41.5349308],[-90.5375172,41.5350835],[-90.537178,41.536474]]}},{"type":"Feature","properties":{"id":"way/16029560","highway":"residential","maxspeed":"30 mph","maxweightrating:hgv":"7 st","name":"East 15th Street","oneway":"yes","tiger:cfcc":"A41","tiger:county":"Scott, IA","tiger:name_base":"15th","tiger:name_direction_prefix":"E","tiger:name_type":"St","tiger:reviewed":"no","tiger:zip_left":"52803","tiger:zip_right":"52803"},"geometry":{"type":"LineString","coordinates":[[-90.557898,41.535047],[-90.56018,41.53506],[-90.5625427,41.535085]]}},{"type":"Feature","properties":{"id":"way/16029562","highway":"residential","maxspeed":"25 mph","name":"East 15th Street","tiger:cfcc":"A41","tiger:county":"Scott, IA","tiger:name_base":"15th","tiger:name_direction_prefix":"E","tiger:name_type":"St","tiger:reviewed":"no","tiger:zip_left":"52803","tiger:zip_right":"52803"},"geometry":{"type":"LineString","coordinates":[[-90.5537391,41.5353022],[-90.554386,41.535292],[-90.5551239,41.5352931]]}},{"type":"Feature","properties":{"id":"way/16029648","highway":"residential","maxspeed":"25 mph","name":"West 9th Street","surface":"asphalt","tiger:cfcc":"A41","tiger:county":"Scott, IA","tiger:name_base":"9th","tiger:name_direction_prefix":"W","tiger:name_type":"St","tiger:reviewed":"no","tiger:zip_left":"52804","tiger:zip_right":"52804"},"geometry":{"type":"LineString","coordinates":[[-90.577114,41.528877],[-90.57783,41.528878],[-90.5784384,41.528875],[-90.5785296,41.5288746],[-90.5786233,41.528875],[-90.580203,41.528881],[-90.5815466,41.5288798],[-90.5816835,41.528872],[-90.5818649,41.528853],[-90.5820732,41.5288479],[-90.5827848,41.5288405],[-90.5829335,41.5288389],[-90.5830701,41.528842],[-90.5831039,41.5288419],[-90.5843154,41.5288396],[-90.584385,41.528839],[-90.5844776,41.528839],[-90.5857445,41.5288393],[-90.5858732,41.5288393],[-90.5859622,41.5288398],[-90.58738,41.528847],[-90.5881259,41.5288533],[-90.58904,41.528861],[-90.589131,41.528862],[-90.589828,41.528868],[-90.590199,41.528869],[-90.590967,41.528847]]}},{"type":"Feature","properties":{"id":"way/16029665","highway":"residential","maxspeed":"25 mph","name":"West 18th Street","tiger:cfcc":"A41","tiger:county":"Scott, IA","tiger:name_base":"18th","tiger:name_direction_prefix":"W","tiger:name_type":"St","tiger:reviewed":"no","tiger:separated":"no","tiger:source":"tiger_import_dch_v0.6_20070810","tiger:tlid":"122726846:122726847","tiger:upload_uuid":"bulk_upload.pl-651ea7f4-3bc6-4759-8e6f-67fe900f82a8","tiger:zip_left":"52803","tiger:zip_right":"52803"},"geometry":{"type":"LineString","coordinates":[[-90.57725,41.537491],[-90.5778388,41.5375021],[-90.5785069,41.537514]]}},{"type":"Feature","properties":{"id":"way/16029756","highway":"tertiary","lanes":"1","maxspeed":"25 mph","name":"Bridge Avenue","oneway":"yes","surface":"asphalt","tiger:cfcc":"A41","tiger:county":"Scott, IA","tiger:name_base":"Bridge","tiger:name_type":"Ave","tiger:reviewed":"no"},"geometry":{"type":"LineString","coordinates":[[-90.5578242,41.527024],[-90.5578271,41.5271361],[-90.5578277,41.5271599],[-90.5578322,41.5273294],[-90.5578621,41.5284752],[-90.5578776,41.5290008],[-90.557878,41.5295452],[-90.5578792,41.5300906],[-90.5578887,41.530643],[-90.5578962,41.5311873],[-90.5578905,41.5317355],[-90.5578904,41.5322905]]}},{"type":"Feature","properties":{"id":"way/16029832","highway":"trunk","maxspeed":"25 mph","name":"Harrison Street"},"geometry":{"type":"LineString","coordinates":[[-90.5770647,41.5202813],[-90.5770639,41.5201871]]}},{"type":"Feature","properties":{"id":"way/16029841","NHS":"yes","highway":"trunk","lanes":"3","maxspeed":"35 mph","name":"Brady Street","oneway":"yes","ref":"US 61 Business","tiger:cfcc":"A25","tiger:county":"Scott, IA","tiger:name_base":"Brady","tiger:name_base_1":"United States Highway 61","tiger:name_type":"St","tiger:zip_left":"52803","tiger:zip_right":"52803"},"geometry":{"type":"LineString","coordinates":[[-90.5741253,41.5202691],[-90.5741223,41.5203303],[-90.574101,41.5207611],[-90.5740941,41.5212409],[-90.574093,41.521318],[-90.5740917,41.5214176],[-90.574086,41.521856],[-90.5740852,41.5219154],[-90.5740794,41.5223285],[-90.574078,41.522427],[-90.5740803,41.5225157],[-90.5740881,41.5228667],[-90.5740906,41.5229773],[-90.574092,41.5230979],[-90.5740926,41.5233358],[-90.5740928,41.5234268],[-90.574093,41.523524],[-90.5740923,41.5236207],[-90.5740798,41.5245311]]}},{"type":"Feature","properties":{"id":"way/16029862","highway":"residential","maxspeed":"25 mph","name":"West Hayes Street","tiger:cfcc":"A41","tiger:county":"Scott, IA","tiger:name_base":"Hayes","tiger:name_direction_prefix":"W","tiger:name_type":"St","tiger:reviewed":"no","tiger:separated":"no","tiger:source":"tiger_import_dch_v0.6_20070810","tiger:tlid":"122706164:122706168:122726198:122726199:122706190:122726250:122726251:122726254:122726255:122726584:122726585:122726248:122726249:122706306:122721956","tiger:upload_uuid":"bulk_upload.pl-651ea7f4-3bc6-4759-8e6f-67fe900f82a8","tiger:zip_left":"52804","tiger:zip_right":"52804"},"geometry":{"type":"LineString","coordinates":[[-90.596046,41.547256],[-90.597485,41.547259],[-90.598498,41.547249],[-90.599789,41.54725],[-90.599998,41.547262],[-90.600398,41.547308],[-90.600688,41.547322],[-90.600906,41.54732],[-90.601462,41.547316],[-90.602026,41.547315],[-90.602562,41.547315],[-90.603129,41.547316],[-90.6037,41.547316],[-90.604241,41.547312],[-90.60479,41.547308],[-90.605347,41.547305],[-90.605879,41.547301],[-90.606478,41.547302],[-90.606813,41.547302],[-90.60721,41.547314],[-90.60739,41.54736],[-90.607575,41.547441],[-90.608214,41.547721],[-90.608701,41.547952],[-90.609147,41.548164],[-90.60936,41.54828]]}},{"type":"Feature","properties":{"id":"way/16029863","highway":"residential","maxspeed":"25 mph","name":"West Hayes Street","tiger:cfcc":"A41","tiger:county":"Scott, IA","tiger:name_base":"Hayes","tiger:name_direction_prefix":"W","tiger:name_type":"St","tiger:reviewed":"no","tiger:separated":"no","tiger:source":"tiger_import_dch_v0.6_20070810","tiger:tlid":"122726718:122726719:122726720:122726721:122707263:122726790:122726791","tiger:upload_uuid":"bulk_upload.pl-651ea7f4-3bc6-4759-8e6f-67fe900f82a8","tiger:zip_left":"52803","tiger:zip_right":"52803"},"geometry":{"type":"LineString","coordinates":[[-90.576766,41.547844],[-90.5774672,41.5478424],[-90.5784471,41.5478432],[-90.5791721,41.5478455],[-90.5798101,41.5478503],[-90.5803945,41.5478504],[-90.581002,41.5478513],[-90.5815552,41.5478562]]}},{"type":"Feature","properties":{"id":"way/16029865","highway":"residential","maxspeed":"25 mph","maxweight":"7 st","name":"West Hayes Street","source:maxweight":"https://ecode360.com/39603137#39603137","tiger:cfcc":"A41","tiger:county":"Scott, IA","tiger:name_base":"Hayes","tiger:name_direction_prefix":"W","tiger:name_type":"St","tiger:reviewed":"no","tiger:zip_left":"52803","tiger:zip_right":"52803"},"geometry":{"type":"LineString","coordinates":[[-90.573248,41.547633],[-90.573856,41.547638],[-90.57443,41.547642],[-90.575091,41.547647],[-90.575746,41.547652],[-90.576084,41.547655],[-90.576779,41.547663]]}},{"type":"Feature","properties":{"id":"way/16029887","highway":"residential","maxspeed":"25 mph","name":"West Garfield Street","tiger:cfcc":"A41","tiger:county":"Scott, IA","tiger:name_base":"Garfield","tiger:name_direction_prefix":"W","tiger:name_type":"St","tiger:reviewed":"no","tiger:zip_left":"52804","tiger:zip_right":"52804"},"geometry":{"type":"LineString","coordinates":[[-90.59118,41.548631],[-90.592352,41.54864],[-90.593613,41.548645],[-90.594271,41.548645],[-90.594888,41.548645],[-90.595458,41.548645],[-90.596021,41.548645],[-90.597153,41.548645],[-90.597434,41.548645],[-90.5985717,41.5486745],[-90.5989432,41.5486841],[-90.5993862,41.5486956],[-90.6000306,41.5486971],[-90.6001588,41.5486805],[-90.600241,41.548651],[-90.6003035,41.5485689],[-90.6003236,41.5485102],[-90.6003353,41.5483451],[-90.6003953,41.5482033]]}},{"type":"Feature","properties":{"id":"way/16029898","highway":"residential","maxspeed":"25 mph","name":"West Garfield Street","tiger:cfcc":"A41","tiger:county":"Scott, IA","tiger:name_base":"Garfield","tiger:name_direction_prefix":"W","tiger:name_type":"St","tiger:reviewed":"no","tiger:zip_left":"52803","tiger:zip_right":"52803"},"geometry":{"type":"LineString","coordinates":[[-90.576713,41.548635],[-90.5774056,41.5486345],[-90.5784138,41.5486343],[-90.5797852,41.548641],[-90.5815477,41.548657]]}},{"type":"Feature","properties":{"id":"way/16029926","highway":"residential","maxspeed":"25 mph","name":"Parkwood Drive","tiger:cfcc":"A41","tiger:county":"Scott, IA","tiger:name_base":"Parkwood","tiger:name_type":"Dr","tiger:reviewed":"no","tiger:separated":"no","tiger:source":"tiger_import_dch_v0.6_20070810","tiger:tlid":"122719178","tiger:upload_uuid":"bulk_upload.pl-651ea7f4-3bc6-4759-8e6f-67fe900f82a8","tiger:zip_left":"52803","tiger:zip_right":"52803"},"geometry":{"type":"LineString","coordinates":[[-90.540474,41.542628],[-90.540458,41.543351],[-90.540446,41.543378],[-90.540391,41.543422],[-90.540358,41.543433],[-90.540179,41.543444],[-90.5380623,41.5434337]]}},{"type":"Feature","properties":{"id":"way/16029928","highway":"residential","maxspeed":"25 mph","name":"Oak Lane","surface":"asphalt"},"geometry":{"type":"LineString","coordinates":[[-90.5629983,41.5382769],[-90.5629845,41.5387635],[-90.5629657,41.5389137],[-90.5629714,41.5390031],[-90.5629768,41.539096],[-90.5629678,41.5391827],[-90.5629664,41.5392617],[-90.5629728,41.5393441],[-90.5629824,41.5394274],[-90.5629776,41.539489],[-90.5629532,41.5395672],[-90.5629462,41.5396235],[-90.5629798,41.5397909],[-90.5629458,41.5400479],[-90.5629176,41.540893],[-90.5629154,41.5409581]]}},{"type":"Feature","properties":{"id":"way/16029992","highway":"residential","maxspeed":"25 mph","name":"North Sturdevant Street","tiger:cfcc":"A41","tiger:county":"Scott, IA","tiger:name_base":"Sturdevant","tiger:name_direction_prefix":"N","tiger:name_type":"St","tiger:reviewed":"no","tiger:separated":"no","tiger:source":"tiger_import_dch_v0.6_20070810","tiger:tlid":"122724952:122724953:122724936:122724937:122724938:122724939:122724946:122724947","tiger:upload_uuid":"bulk_upload.pl-651ea7f4-3bc6-4759-8e6f-67fe900f82a8","tiger:zip_left":"52802","tiger:zip_right":"52802"},"geometry":{"type":"LineString","coordinates":[[-90.5984572,41.5249449],[-90.5984522,41.525185],[-90.59844,41.525716],[-90.598431,41.526237],[-90.598421,41.526761],[-90.59841,41.527275],[-90.598399,41.527801],[-90.598391,41.52819],[-90.598385,41.528462]]}},{"type":"Feature","properties":{"id":"way/16029997","highway":"residential","maxspeed":"25 mph","name":"North Sturdevant Street","tiger:cfcc":"A41","tiger:county":"Scott, IA","tiger:name_base":"Sturdevant","tiger:name_direction_prefix":"N","tiger:name_type":"St","tiger:reviewed":"no","tiger:separated":"no","tiger:source":"tiger_import_dch_v0.6_20070810","tiger:tlid":"122706534:122722659","tiger:upload_uuid":"bulk_upload.pl-651ea7f4-3bc6-4759-8e6f-67fe900f82a8","tiger:zip_left":"52802","tiger:zip_right":"52802"},"geometry":{"type":"LineString","coordinates":[[-90.5985024,41.5234505],[-90.598489,41.5239883],[-90.59848,41.5242614]]}},{"type":"Feature","properties":{"id":"way/16029999","highway":"residential","maxspeed":"25 mph","name":"North Sturdevant Street","tiger:cfcc":"A41","tiger:county":"Scott, IA","tiger:name_base":"Sturdevant","tiger:name_direction_prefix":"N","tiger:name_type":"St","tiger:reviewed":"no","tiger:zip_left":"52804","tiger:zip_right":"52804"},"geometry":{"type":"LineString","coordinates":[[-90.598804,41.531667],[-90.598796,41.532182],[-90.5987913,41.5325387],[-90.598789,41.532709],[-90.598781,41.533235],[-90.598774,41.53375],[-90.598766,41.5342815],[-90.598758,41.534786],[-90.59875,41.535314],[-90.5987651,41.535842],[-90.5987578,41.536362],[-90.5987488,41.5368868],[-90.598733,41.5377565],[-90.5987256,41.5381628],[-90.5987155,41.5382605],[-90.5986896,41.5384602],[-90.598674,41.53886],[-90.5986622,41.5393676],[-90.59866,41.539463],[-90.5986579,41.5395513],[-90.598646,41.540066],[-90.598633,41.540666],[-90.598619,41.541278],[-90.5986223,41.5418813],[-90.598593,41.54231],[-90.598591,41.542374],[-90.59858,41.542839],[-90.5985687,41.5432766],[-90.598547,41.544113],[-90.59853,41.545513],[-90.598524,41.545971],[-90.598518,41.546403],[-90.598509,41.546822],[-90.598498,41.547249],[-90.598486,41.547705],[-90.598476,41.548074]]}},{"type":"Feature","properties":{"id":"way/16030002","highway":"residential","maxspeed":"25 mph","name":"North Sturdevant Street","tiger:cfcc":"A41","tiger:county":"Scott, IA","tiger:name_base":"Sturdevant","tiger:name_direction_prefix":"N","tiger:name_type":"St","tiger:reviewed":"no","tiger:zip_left":"52802","tiger:zip_right":"52802"},"geometry":{"type":"LineString","coordinates":[[-90.59886,41.520474],[-90.5989592,41.5205697],[-90.598969,41.520684],[-90.5989831,41.5208214],[-90.5989884,41.5211828],[-90.5989649,41.5212427],[-90.5989479,41.521303],[-90.598935,41.521451],[-90.598959,41.521788],[-90.598978,41.522045],[-90.598983,41.5223351],[-90.598988,41.5228776],[-90.599006,41.5234485]]}},{"type":"Feature","properties":{"id":"way/16030003","highway":"residential","maxspeed":"25 mph","name":"Mississippi Avenue","tiger:cfcc":"A41","tiger:county":"Scott, IA","tiger:name_base":"Mississippi","tiger:name_type":"Ave","tiger:reviewed":"no","tiger:zip_left":"52803","tiger:zip_right":"52803"},"geometry":{"type":"LineString","coordinates":[[-90.5538323,41.5278863],[-90.5538315,41.5279715],[-90.5538251,41.528699],[-90.5538296,41.5290116],[-90.5538253,41.5295536],[-90.5538209,41.5301013],[-90.5538217,41.5305359],[-90.5538227,41.5306454]]}},{"type":"Feature","properties":{"id":"way/16030005","highway":"residential","maxspeed":"25 mph","name":"Mississippi Avenue","tiger:cfcc":"A41","tiger:county":"Scott, IA","tiger:name_base":"Mississippi","tiger:name_type":"Ave","tiger:reviewed":"no","tiger:zip_left":"52803","tiger:zip_right":"52803"},"geometry":{"type":"LineString","coordinates":[[-90.55368,41.540498],[-90.553679,41.54101],[-90.5536777,41.541443],[-90.5536776,41.5414729],[-90.553678,41.541931],[-90.553677,41.542396],[-90.553676,41.542864],[-90.553669,41.542921],[-90.5536675,41.5434761],[-90.553667,41.543675]]}},{"type":"Feature","properties":{"id":"way/16030007","highway":"residential","maxspeed":"25 mph","name":"Mississippi Avenue","tiger:cfcc":"A41","tiger:county":"Scott, IA","tiger:name_base":"Mississippi","tiger:name_type":"Ave","tiger:reviewed":"no","tiger:zip_left":"52803","tiger:zip_right":"52803"},"geometry":{"type":"LineString","coordinates":[[-90.55373,41.532297],[-90.553709,41.53285],[-90.553701,41.533076],[-90.5537322,41.5345205],[-90.5537346,41.534633],[-90.553731,41.5347463]]}},{"type":"Feature","properties":{"id":"way/16030023","highway":"residential","maxspeed":"25 mph","name":"Pleasant Court","tiger:cfcc":"A41","tiger:county":"Scott, IA","tiger:name_base":"Pleasant","tiger:name_type":"Ct","tiger:reviewed":"no","tiger:separated":"no","tiger:source":"tiger_import_dch_v0.6_20070810","tiger:tlid":"122708919","tiger:upload_uuid":"bulk_upload.pl-651ea7f4-3bc6-4759-8e6f-67fe900f82a8","tiger:zip_left":"52803","tiger:zip_right":"52803"},"geometry":{"type":"LineString","coordinates":[[-90.5515164,41.5398472],[-90.5496777,41.539857]]}},{"type":"Feature","properties":{"id":"way/16030082","highway":"residential","maxspeed":"25 mph","name":"College Avenue","tiger:cfcc":"A41","tiger:county":"Scott, IA","tiger:name_base":"College","tiger:name_type":"Ave","tiger:reviewed":"no"},"geometry":{"type":"LineString","coordinates":[[-90.556491,41.532293],[-90.5565127,41.5352312],[-90.5565137,41.535373],[-90.5565198,41.5355132],[-90.5565203,41.5357008],[-90.5565257,41.5375348],[-90.5565262,41.5377349],[-90.556522,41.538314]]}},{"type":"Feature","properties":{"id":"way/16030084","highway":"unclassified","name":"Genesis Drive","tiger:cfcc":"A41","tiger:county":"Scott, IA","tiger:name_base":"College","tiger:name_type":"Ave","tiger:reviewed":"no","tiger:zip_left":"52803","tiger:zip_right":"52803"},"geometry":{"type":"LineString","coordinates":[[-90.5561013,41.5407435],[-90.5561071,41.5411492],[-90.5561079,41.5412008],[-90.5561066,41.541485],[-90.5562325,41.5414918],[-90.5563069,41.5415229],[-90.5563323,41.5416107],[-90.5563279,41.5416575],[-90.5563208,41.5417329],[-90.5563105,41.5418372],[-90.5562804,41.5419323],[-90.5562101,41.5420112],[-90.5561664,41.5420247],[-90.5560475,41.5420614],[-90.5558277,41.5421226],[-90.5556769,41.542195],[-90.555556,41.5422953],[-90.5554789,41.5423991],[-90.5554741,41.5424137],[-90.5554352,41.5425327],[-90.55543,41.542855]]}},{"type":"Feature","properties":{"id":"way/16030085","highway":"residential","maxspeed":"25 mph","name":"College Avenue","tiger:cfcc":"A41","tiger:county":"Scott, IA","tiger:name_base":"College","tiger:name_type":"Ave","tiger:reviewed":"no","tiger:separated":"no","tiger:source":"tiger_import_dch_v0.6_20070810","tiger:tlid":"122708807:122708813:122708815:122708298","tiger:upload_uuid":"bulk_upload.pl-651ea7f4-3bc6-4759-8e6f-67fe900f82a8","tiger:zip_left":"52803","tiger:zip_right":"52803"},"geometry":{"type":"LineString","coordinates":[[-90.556887,41.545586],[-90.5568901,41.5459742],[-90.556896,41.5471242],[-90.556902,41.54823],[-90.5568789,41.5492283]]}},{"type":"Feature","properties":{"id":"way/16030089","highway":"service","surface":"asphalt"},"geometry":{"type":"LineString","coordinates":[[-90.5564064,41.5428499],[-90.5563966,41.5430538],[-90.5563939,41.5431101],[-90.5563935,41.5432296],[-90.556393,41.54338],[-90.5563569,41.5435734],[-90.5563547,41.5437473]]}},{"type":"Feature","properties":{"id":"way/16030095","highway":"residential","maxspeed":"25 mph","name":"College Avenue","surface":"brick","tiger:cfcc":"A41","tiger:county":"Scott, IA","tiger:name_base":"College","tiger:name_type":"Ave","tiger:reviewed":"no","tiger:zip_left":"52803","tiger:zip_right":"52803"},"geometry":{"type":"LineString","coordinates":[[-90.555826,41.527471],[-90.555842,41.527534],[-90.5558481,41.527549],[-90.5562362,41.5284951],[-90.5564423,41.5290025],[-90.5564485,41.5290972],[-90.5564468,41.5295385],[-90.5564446,41.5300871],[-90.5564424,41.530645],[-90.5564403,41.531198],[-90.5564381,41.5317575]]}},{"type":"Feature","properties":{"id":"way/16030098","highway":"residential","maxspeed":"25 mph","name":"College Avenue","oneway":"no","tiger:cfcc":"A41","tiger:county":"Scott, IA","tiger:name_base":"College","tiger:name_type":"Ave","tiger:reviewed":"no","tiger:zip_left":"52803","tiger:zip_right":"52803"},"geometry":{"type":"LineString","coordinates":[[-90.556925,41.538313],[-90.5569208,41.539566],[-90.556894,41.5405293],[-90.5568899,41.5408234]]}},{"type":"Feature","properties":{"id":"way/16030163","highway":"residential","maxspeed":"25 mph","name":"Ash Street","surface":"asphalt"},"geometry":{"type":"LineString","coordinates":[[-90.589004,41.526599],[-90.5885563,41.5263432],[-90.5884146,41.5262634],[-90.5876738,41.5258218]]}},{"type":"Feature","properties":{"id":"way/16030167","highway":"residential","maxspeed":"25 mph","name":"Fulton Avenue","tiger:cfcc":"A41","tiger:county":"Scott, IA","tiger:name_base":"Fulton","tiger:name_type":"Ave","tiger:reviewed":"no","tiger:separated":"no","tiger:source":"tiger_import_dch_v0.6_20070810","tiger:tlid":"122709478:122709455:122709456","tiger:upload_uuid":"bulk_upload.pl-651ea7f4-3bc6-4759-8e6f-67fe900f82a8","tiger:zip_left":"52803","tiger:zip_right":"52803"},"geometry":{"type":"LineString","coordinates":[[-90.543515,41.53212],[-90.541868,41.532118],[-90.541691,41.532119],[-90.541496,41.532141],[-90.541251,41.532219],[-90.540799,41.532449],[-90.540609,41.532558],[-90.540047,41.532754],[-90.539803,41.532794],[-90.539576,41.53282],[-90.539371,41.532831],[-90.538931,41.532814],[-90.53868,41.53277],[-90.538492,41.532723]]}},{"type":"Feature","properties":{"id":"way/16030235","highway":"residential","maxspeed":"25 mph","name":"Adams Street","tiger:cfcc":"A41","tiger:county":"Scott, IA","tiger:name_base":"Adams","tiger:name_type":"St","tiger:reviewed":"no","tiger:separated":"no","tiger:source":"tiger_import_dch_v0.6_20070810","tiger:tlid":"122708891:122708893","tiger:upload_uuid":"bulk_upload.pl-651ea7f4-3bc6-4759-8e6f-67fe900f82a8","tiger:zip_left":"52803","tiger:zip_right":"52803"},"geometry":{"type":"LineString","coordinates":[[-90.552628,41.5424],[-90.552622,41.542869],[-90.552612,41.543679]]}},{"type":"Feature","properties":{"id":"way/16030237","highway":"residential","maxspeed":"25 mph","name":"Adams Street","tiger:cfcc":"A41","tiger:county":"Scott, IA","tiger:name_base":"Adams","tiger:name_type":"St","tiger:reviewed":"no","tiger:zip_left":"52803","tiger:zip_right":"52803"},"geometry":{"type":"LineString","coordinates":[[-90.552336,41.5323],[-90.552342,41.533178]]}},{"type":"Feature","properties":{"id":"way/16030242","highway":"residential","maxspeed":"25 mph","name":"Adams Street","tiger:cfcc":"A41","tiger:county":"Scott, IA","tiger:name_base":"Adams","tiger:name_type":"St","tiger:reviewed":"no","tiger:separated":"no","tiger:source":"tiger_import_dch_v0.6_20070810","tiger:tlid":"122708909","tiger:upload_uuid":"bulk_upload.pl-651ea7f4-3bc6-4759-8e6f-67fe900f82a8","tiger:zip_left":"52803","tiger:zip_right":"52803"},"geometry":{"type":"LineString","coordinates":[[-90.552245,41.536597],[-90.552312,41.536674],[-90.552324,41.536777],[-90.552331,41.537149],[-90.552309,41.538342]]}},{"type":"Feature","properties":{"id":"way/16030255","highway":"residential","maxspeed":"25 mph","name":"East 18th Street","tiger:cfcc":"A41","tiger:county":"Scott, IA","tiger:name_base":"18th","tiger:name_direction_prefix":"E","tiger:name_type":"St","tiger:reviewed":"no","tiger:zip_left":"52803","tiger:zip_right":"52803"},"geometry":{"type":"LineString","coordinates":[[-90.5730895,41.5375186],[-90.572907,41.5375092],[-90.5728495,41.537506],[-90.5726467,41.5375065],[-90.572262,41.5375094],[-90.5721817,41.5375005],[-90.572118,41.537486],[-90.5720418,41.5374773],[-90.5716785,41.5374786],[-90.5711591,41.5374789]]}},{"type":"Feature","properties":{"id":"way/16030257","highway":"residential","maxspeed":"25 mph","name":"East 18th Street","tiger:cfcc":"A41","tiger:county":"Scott, IA","tiger:name_base":"18th","tiger:name_direction_prefix":"E","tiger:name_type":"St","tiger:reviewed":"no","tiger:zip_left":"52803","tiger:zip_right":"52803"},"geometry":{"type":"LineString","coordinates":[[-90.5614411,41.5375244],[-90.5613975,41.5375144],[-90.5597456,41.537525]]}},{"type":"Feature","properties":{"id":"way/16030280","highway":"residential","maxspeed":"25 mph","name":"Esplanade Avenue","oneway":"no","tiger:cfcc":"A41","tiger:county":"Scott, IA","tiger:name_base":"Esplanade","tiger:name_type":"Ave","tiger:reviewed":"no","tiger:separated":"no","tiger:source":"tiger_import_dch_v0.6_20070810","tiger:tlid":"122708874:122708877","tiger:upload_uuid":"bulk_upload.pl-651ea7f4-3bc6-4759-8e6f-67fe900f82a8","tiger:zip_left":"52803","tiger:zip_right":"52803"},"geometry":{"type":"LineString","coordinates":[[-90.555617,41.538323],[-90.555603,41.539577],[-90.555593,41.540702]]}},{"type":"Feature","properties":{"id":"way/16030282","highway":"residential","maxspeed":"25 mph","name":"Esplanade Avenue","tiger:cfcc":"A41","tiger:county":"Scott, IA","tiger:name_base":"Esplanade","tiger:name_type":"Ave","tiger:reviewed":"no","tiger:zip_left":"52803","tiger:zip_right":"52803"},"geometry":{"type":"LineString","coordinates":[[-90.55585,41.545587],[-90.555847,41.5459794],[-90.555839,41.54713],[-90.555835,41.547609],[-90.5558428,41.5482351]]}},{"type":"Feature","properties":{"id":"way/16030283","highway":"residential","maxspeed":"25 mph","name":"Esplanade Avenue","surface":"brick","tiger:cfcc":"A41","tiger:county":"Scott, IA","tiger:name_base":"Esplanade","tiger:name_type":"Ave","tiger:reviewed":"no","tiger:zip_left":"52803","tiger:zip_right":"52803"},"geometry":{"type":"LineString","coordinates":[[-90.5547209,41.5276993],[-90.5547516,41.5277887],[-90.5548668,41.528124],[-90.554891,41.5282034],[-90.5548915,41.5284104],[-90.5548847,41.5290079]]}},{"type":"Feature","properties":{"id":"way/16030286","highway":"residential","maxspeed":"25 mph","name":"Esplanade Avenue","tiger:cfcc":"A41","tiger:county":"Scott, IA","tiger:name_base":"Esplanade","tiger:name_type":"Ave","tiger:reviewed":"no","tiger:zip_left":"52803","tiger:zip_left_1":"52803","tiger:zip_right":"52803","tiger:zip_right_1":"52803"},"geometry":{"type":"LineString","coordinates":[[-90.555102,41.532295],[-90.5551175,41.5325288],[-90.555127,41.5346412],[-90.5551277,41.534785],[-90.5551297,41.5349042],[-90.5551279,41.5350249],[-90.5551239,41.5352931],[-90.555117,41.537204],[-90.5551175,41.5377538],[-90.5551178,41.5381156],[-90.555118,41.538327]]}},{"type":"Feature","properties":{"id":"way/16030290","highway":"residential","maxspeed":"25 mph","name":"Esplanade Avenue","tiger:cfcc":"A41","tiger:county":"Scott, IA","tiger:name_base":"Esplanade","tiger:name_type":"Ave","tiger:reviewed":"no","tiger:zip_left":"52803","tiger:zip_right":"52803"},"geometry":{"type":"LineString","coordinates":[[-90.5558428,41.5482351],[-90.5558368,41.5491815],[-90.5558365,41.5492365]]}},{"type":"Feature","properties":{"id":"way/16030384","highway":"residential","maxspeed":"25 mph","name":"Virginia Avenue","tiger:cfcc":"A41","tiger:county":"Scott, IA","tiger:name_base":"Virginia","tiger:name_type":"Ave","tiger:reviewed":"no","tiger:zip_left":"52803","tiger:zip_right":"52803"},"geometry":{"type":"LineString","coordinates":[[-90.5718515,41.5382797],[-90.5718414,41.538724],[-90.5718174,41.5397791]]}},{"type":"Feature","properties":{"id":"way/16030452","highway":"residential","maxspeed":"25 mph","name":"Highland Court","tiger:cfcc":"A41","tiger:county":"Scott, IA","tiger:name_base":"Highland","tiger:name_type":"Ct","tiger:reviewed":"no","tiger:separated":"no","tiger:source":"tiger_import_dch_v0.6_20070810","tiger:tlid":"122709292","tiger:upload_uuid":"bulk_upload.pl-651ea7f4-3bc6-4759-8e6f-67fe900f82a8","tiger:zip_left":"52803","tiger:zip_right":"52803"},"geometry":{"type":"LineString","coordinates":[[-90.5454043,41.543393],[-90.545381,41.544223]]}},{"type":"Feature","properties":{"id":"way/16030464","highway":"residential","maxspeed":"25 mph","name":"East Columbia Avenue","tiger:cfcc":"A41","tiger:county":"Scott, IA","tiger:name_base":"Columbia","tiger:name_direction_prefix":"E","tiger:name_type":"Ave","tiger:reviewed":"no","tiger:zip_left":"52803","tiger:zip_right":"52803"},"geometry":{"type":"LineString","coordinates":[[-90.5716795,41.5472048],[-90.571176,41.547205],[-90.570952,41.547206],[-90.570678,41.547207],[-90.570029,41.54721],[-90.56939,41.547213],[-90.568886,41.547215],[-90.5684157,41.5472182],[-90.567721,41.547221],[-90.5670663,41.54722]]}},{"type":"Feature","properties":{"id":"way/16030466","highway":"residential","lit":"no","maxspeed":"25 mph","name":"East Columbia Avenue","sidewalk":"both","surface":"concrete","tiger:cfcc":"A41","tiger:county":"Scott, IA","tiger:name_base":"Columbia","tiger:name_direction_prefix":"E","tiger:name_type":"Ave","tiger:reviewed":"no","tiger:separated":"no","tiger:source":"tiger_import_dch_v0.6_20070810","tiger:tlid":"122709344:122709360:122709366","tiger:upload_uuid":"bulk_upload.pl-651ea7f4-3bc6-4759-8e6f-67fe900f82a8","tiger:zip_left":"52803","tiger:zip_right":"52803"},"geometry":{"type":"LineString","coordinates":[[-90.5418096,41.5452122],[-90.539983,41.54521],[-90.536953,41.54521],[-90.534515,41.545208]]}},{"type":"Feature","properties":{"id":"way/16030468","highway":"residential","maxspeed":"25 mph","name":"East Columbia Avenue","tiger:cfcc":"A41","tiger:county":"Scott, IA","tiger:name_base":"Columbia","tiger:name_direction_prefix":"E","tiger:name_type":"Ave","tiger:reviewed":"no","tiger:zip_left":"52803","tiger:zip_right":"52803"},"geometry":{"type":"LineString","coordinates":[[-90.573267,41.546671],[-90.572578,41.546668],[-90.5718946,41.5466607]]}},{"type":"Feature","properties":{"id":"way/16030472","highway":"residential","lanes":"2","maxspeed":"25 mph","name":"East Columbia Avenue","oneway":"no","tiger:cfcc":"A41","tiger:county":"Scott, IA","tiger:name_base":"Columbia","tiger:name_direction_prefix":"E","tiger:name_type":"Ave","tiger:reviewed":"no","tiger:separated":"no","tiger:source":"tiger_import_dch_v0.6_20070810","tiger:tlid":"122727372:122727373:122708808:122727326:122727327:122727170:122727171:122727172:122727173:122727192:122727193:122727194:122727195:122727340:122727341:122727156:122727157","tiger:upload_uuid":"bulk_upload.pl-651ea7f4-3bc6-4759-8e6f-67fe900f82a8","tiger:zip_left":"52803","tiger:zip_right":"52803"},"geometry":{"type":"LineString","coordinates":[[-90.5670632,41.547068],[-90.566428,41.5470714],[-90.565825,41.5470747],[-90.5652201,41.5470781],[-90.5646241,41.5470814],[-90.5640141,41.5470848],[-90.5634211,41.547088],[-90.5628085,41.5470914],[-90.5622179,41.5470947],[-90.5615919,41.5470982],[-90.5610213,41.5471013],[-90.5603931,41.5471048],[-90.5598297,41.547096],[-90.5579431,41.5471184],[-90.557412,41.5471213],[-90.556896,41.5471242],[-90.556366,41.5471271],[-90.555839,41.54713]]}},{"type":"Feature","properties":{"id":"way/16030525","highway":"residential","maxspeed":"25 mph","name":"Summit Lane","tiger:cfcc":"A41","tiger:county":"Scott, IA","tiger:name_base":"Summit","tiger:name_type":"Ln","tiger:reviewed":"no","tiger:zip_left":"52803","tiger:zip_right":"52803"},"geometry":{"type":"LineString","coordinates":[[-90.5538217,41.5305359],[-90.5527516,41.5305387],[-90.5526684,41.5305278],[-90.552591,41.5305179],[-90.551753,41.53051]]}},{"type":"Feature","properties":{"id":"way/16030529","highway":"residential","maxspeed":"25 mph","name":"Judson Court","tiger:cfcc":"A41","tiger:county":"Scott, IA","tiger:name_base":"Judson","tiger:name_type":"Ct","tiger:reviewed":"no","tiger:separated":"no","tiger:source":"tiger_import_dch_v0.6_20070810","tiger:tlid":"122708916","tiger:upload_uuid":"bulk_upload.pl-651ea7f4-3bc6-4759-8e6f-67fe900f82a8","tiger:zip_left":"52803","tiger:zip_right":"52803"},"geometry":{"type":"LineString","coordinates":[[-90.5503001,41.5406594],[-90.550344,41.540772],[-90.550393,41.540902],[-90.55039,41.540978],[-90.550322,41.541079],[-90.5502,41.541167],[-90.550134,41.541355],[-90.5501426,41.5414659]]}},{"type":"Feature","properties":{"id":"way/16030624","highway":"residential","maxspeed":"25 mph","name":"West 10th Street","surface":"asphalt"},"geometry":{"type":"LineString","coordinates":[[-90.5942998,41.5294938],[-90.5963716,41.5295098],[-90.5963912,41.5295098],[-90.597006,41.529511],[-90.598272,41.529509],[-90.5995716,41.5295188],[-90.5996856,41.5295196],[-90.599737,41.52952],[-90.600243,41.529524],[-90.6011545,41.5295318]]}},{"type":"Feature","properties":{"id":"way/16030627","highway":"residential","maxspeed":"25 mph","name":"West 10th Street","tiger:cfcc":"A41","tiger:county":"Scott, IA","tiger:name_base":"10th","tiger:name_direction_prefix":"W","tiger:name_type":"St","tiger:reviewed":"no","tiger:zip_left":"52802"},"geometry":{"type":"LineString","coordinates":[[-90.585859,41.5298122],[-90.5864925,41.5298258],[-90.586735,41.529831],[-90.586997,41.529851],[-90.587274,41.529902],[-90.58737,41.529903],[-90.589147,41.529914],[-90.589818,41.529915],[-90.5899429,41.5299163],[-90.5904395,41.5299215]]}},{"type":"Feature","properties":{"id":"way/16030633","highway":"residential","maxspeed":"25 mph","name":"West 10th Street","tiger:cfcc":"A41","tiger:county":"Scott, IA","tiger:name_base":"10th","tiger:name_direction_prefix":"W","tiger:name_type":"St","tiger:reviewed":"no","tiger:zip_left":"52803","tiger:zip_right":"52803"},"geometry":{"type":"LineString","coordinates":[[-90.57717,41.529896],[-90.577834,41.529893],[-90.5784425,41.5298973],[-90.5785287,41.5298979],[-90.5786308,41.529897],[-90.579187,41.529892],[-90.579939,41.529893],[-90.5808728,41.5299522]]}},{"type":"Feature","properties":{"id":"way/16030640","highway":"residential","maxspeed":"25 mph","name":"Tremont Avenue","tiger:cfcc":"A41","tiger:county":"Scott, IA","tiger:name_base":"Tremont","tiger:name_type":"Ave","tiger:reviewed":"no","tiger:zip_left":"52803","tiger:zip_right":"52803"},"geometry":{"type":"LineString","coordinates":[[-90.5611049,41.5433007],[-90.5610961,41.5439063],[-90.5610573,41.545186],[-90.56105,41.5455734],[-90.5610434,41.5459533],[-90.5610213,41.5471013],[-90.5610357,41.548195],[-90.5610131,41.5492076]]}},{"type":"Feature","properties":{"id":"way/16030644","highway":"residential","maxspeed":"25 mph","name":"Tremont Avenue","tiger:cfcc":"A41","tiger:county":"Scott, IA","tiger:name_base":"Tremont","tiger:name_type":"Ave","tiger:reviewed":"no","tiger:zip_left":"52803","tiger:zip_right":"52803"},"geometry":{"type":"LineString","coordinates":[[-90.5614411,41.5375244],[-90.5614582,41.537548],[-90.5614621,41.5375814],[-90.5614462,41.5382815]]}},{"type":"Feature","properties":{"id":"way/16030645","highway":"residential","maxspeed":"25 mph","name":"Tremont Avenue","tiger:cfcc":"A41","tiger:county":"Scott, IA","tiger:name_base":"Tremont","tiger:name_type":"Ave","tiger:reviewed":"no","tiger:zip_left":"52803","tiger:zip_right":"52803"},"geometry":{"type":"LineString","coordinates":[[-90.561194,41.538288],[-90.5611905,41.5387934],[-90.5611902,41.5388387],[-90.5611869,41.5393017],[-90.5611833,41.5398233],[-90.5611816,41.5400673],[-90.5611782,41.5405572],[-90.5611754,41.540962]]}},{"type":"Feature","properties":{"id":"way/16030650","highway":"residential","maxspeed":"25 mph","name":"Tremont Avenue","tiger:cfcc":"A41","tiger:county":"Scott, IA","tiger:name_base":"Tremont","tiger:name_type":"Ave","tiger:reviewed":"no","tiger:zip_left":"52803","tiger:zip_right":"52803"},"geometry":{"type":"LineString","coordinates":[[-90.561359,41.5251869],[-90.561442,41.525253],[-90.5614425,41.5253138],[-90.5614443,41.5255197],[-90.5614454,41.525647],[-90.5614458,41.5256948],[-90.5614508,41.5259887],[-90.5614517,41.526347],[-90.561456,41.5267099],[-90.5614538,41.5267771],[-90.5614651,41.5271279],[-90.5614671,41.5274551],[-90.5614665,41.5275107],[-90.561454,41.528756],[-90.5614797,41.5299254]]}},{"type":"Feature","properties":{"id":"way/16030654","highway":"residential","maxspeed":"25 mph","name":"Tremont Avenue","tiger:cfcc":"A41","tiger:county":"Scott, IA","tiger:name_base":"Tremont","tiger:name_type":"Ave","tiger:reviewed":"no","tiger:zip_left":"52803","tiger:zip_right":"52803"},"geometry":{"type":"LineString","coordinates":[[-90.5610553,41.5299239],[-90.5610595,41.5318483],[-90.561048,41.53287]]}},{"type":"Feature","properties":{"id":"way/16030693","highway":"tertiary","maxspeed":"25 mph","maxweight":"7 st","name":"East 2nd Street","sidewalk:both":"separate","source:maxweight":"https://ecode360.com/39603137#39603137","surface":"paved","tiger:cfcc":"A41","tiger:county":"Scott, IA","tiger:name_base":"2nd","tiger:name_direction_prefix":"E","tiger:name_type":"St","tiger:reviewed":"no","tiger:zip_left":"52801","tiger:zip_right":"52801"},"geometry":{"type":"LineString","coordinates":[[-90.574093,41.521318],[-90.5739739,41.5213176],[-90.5738253,41.5213158],[-90.5733352,41.5213154],[-90.5727811,41.5213135],[-90.5726509,41.521313],[-90.5725369,41.5213127],[-90.571311,41.5213084],[-90.571175,41.5213079],[-90.5710568,41.5213075],[-90.5707827,41.5213066],[-90.5701508,41.5213044],[-90.570007,41.5213039],[-90.5698355,41.5213033],[-90.56971,41.5213029]]}},{"type":"Feature","properties":{"id":"way/16030695","highway":"residential","maxspeed":"25 mph","name":"Davenport Avenue","tiger:cfcc":"A41","tiger:county":"Scott, IA","tiger:name_base":"Davenport","tiger:name_type":"Ave","tiger:reviewed":"no"},"geometry":{"type":"LineString","coordinates":[[-90.5637758,41.5361333],[-90.5637777,41.53624],[-90.5637735,41.5376662],[-90.5637677,41.5380445],[-90.5637642,41.5382758]]}},{"type":"Feature","properties":{"id":"way/16030702","highway":"residential","maxspeed":"25 mph","name":"Davenport Avenue","tiger:cfcc":"A41","tiger:county":"Scott, IA","tiger:name_base":"Davenport","tiger:name_type":"Ave","tiger:reviewed":"no","tiger:separated":"no","tiger:source":"tiger_import_dch_v0.6_20070810","tiger:tlid":"122708213:122708221:122708225:122708502:122727176:122727177:122708506","tiger:upload_uuid":"bulk_upload.pl-651ea7f4-3bc6-4759-8e6f-67fe900f82a8","tiger:zip_left":"52803","tiger:zip_right":"52803"},"geometry":{"type":"LineString","coordinates":[[-90.563458,41.5439087],[-90.56342,41.545187],[-90.563427,41.545564],[-90.563434,41.5459413],[-90.5634211,41.547088],[-90.563402,41.548194],[-90.5633877,41.5491869],[-90.563364,41.551],[-90.563353,41.55281]]}},{"type":"Feature","properties":{"id":"way/16030862","highway":"residential","maxspeed":"25 mph","name":"Arlington Court","tiger:cfcc":"A41","tiger:county":"Scott, IA","tiger:name_base":"Arlington","tiger:name_type":"Ct","tiger:reviewed":"no","tiger:zip_left":"52803","tiger:zip_right":"52803"},"geometry":{"type":"LineString","coordinates":[[-90.5617591,41.5372074],[-90.5606728,41.5372099]]}},{"type":"Feature","properties":{"id":"way/16030882","NHS":"yes","bridge":"yes","highway":"trunk","lanes":"2","layer":"1","maxspeed":"25 mph","name":"Gaines Street","oneway":"yes","ref":"US 67","tiger:cfcc":"A41","tiger:county":"Scott, IA","tiger:name_base":"Centennial","tiger:name_type":"Brg","tiger:reviewed":"no"},"geometry":{"type":"LineString","coordinates":[[-90.5835948,41.520869],[-90.5836142,41.5205733],[-90.5836333,41.5203471],[-90.58364,41.5200429]]}},{"type":"Feature","properties":{"id":"way/16030926","highway":"tertiary","maxspeed":"30 mph","maxweightrating:hgv":"7 st","name":"Kirkwood Boulevard","oneway":"yes","surface":"asphalt","tiger:cfcc":"A45","tiger:county":"Scott, IA","tiger:name_base":"Kirkwood","tiger:name_type":"Blvd","tiger:reviewed":"no"},"geometry":{"type":"LineString","coordinates":[[-90.5740742,41.5361045],[-90.573355,41.5361025],[-90.5726426,41.5361113],[-90.571915,41.5361156],[-90.5712199,41.5361152],[-90.5698508,41.5361153],[-90.5697137,41.5361153]]}},{"type":"Feature","properties":{"id":"way/16030935","highway":"tertiary","maxspeed":"30 mph","maxweightrating:hgv":"7 st","name":"Kirkwood Boulevard","oneway":"yes","tiger:cfcc":"A45","tiger:county":"Scott, IA","tiger:name_base":"Kirkwood","tiger:name_type":"Blvd","tiger:reviewed":"no"},"geometry":{"type":"LineString","coordinates":[[-90.543936,41.532784],[-90.544076,41.532912],[-90.544607,41.53315],[-90.545045,41.533335],[-90.5452295,41.5334223]]}},{"type":"Feature","properties":{"id":"way/16031088","highway":"secondary","lanes":"3","maxspeed":"35 mph","name":"East 4th Street","oneway":"yes","sidewalk:left":"separate","sidewalk:right":"yes","tiger:cfcc":"A41","tiger:county":"Scott, IA","tiger:name_base":"4th","tiger:name_direction_prefix":"E","tiger:name_type":"St","tiger:zip_left":"52801","tiger:zip_right":"52801"},"geometry":{"type":"LineString","coordinates":[[-90.5659935,41.5234922],[-90.5661581,41.5234951],[-90.5668448,41.5234963],[-90.5681277,41.5234986],[-90.5682537,41.5234988]]}},{"type":"Feature","properties":{"id":"way/16031158","highway":"residential","maxspeed":"25 mph","name":"Grand Avenue","tiger:cfcc":"A41","tiger:county":"Scott, IA","tiger:name_base":"Grand","tiger:name_type":"Ave","tiger:reviewed":"no","tiger:zip_left":"52803","tiger:zip_left_1":"52803","tiger:zip_right":"52803","tiger:zip_right_1":"52803"},"geometry":{"type":"LineString","coordinates":[[-90.564855,41.5299044],[-90.564837,41.530885],[-90.564829,41.531395],[-90.5648398,41.531939],[-90.564839,41.532473],[-90.5649502,41.5329919],[-90.5649604,41.5335262],[-90.5649635,41.5340479],[-90.5649597,41.5345667],[-90.5649607,41.5350891],[-90.564964,41.5356122],[-90.5649682,41.5360251],[-90.5649693,41.5361312],[-90.5649669,41.5362429],[-90.5649659,41.5363343],[-90.5649613,41.5367533],[-90.5649726,41.537186],[-90.564952,41.538099],[-90.5649333,41.5381878],[-90.5649097,41.5382761]]}},{"type":"Feature","properties":{"id":"way/16031162","highway":"residential","maxspeed":"25 mph","name":"Grand Avenue","tiger:cfcc":"A41","tiger:county":"Scott, IA","tiger:name_base":"Grand","tiger:name_type":"Ave","tiger:reviewed":"no","tiger:zip_left":"52803","tiger:zip_right":"52803"},"geometry":{"type":"LineString","coordinates":[[-90.5647306,41.526316],[-90.5647321,41.5267618],[-90.5647333,41.5269477],[-90.5647341,41.5276496]]}},{"type":"Feature","properties":{"id":"way/16031166","highway":"residential","maxspeed":"30 mph","name":"Grand Avenue","surface":"asphalt"},"geometry":{"type":"LineString","coordinates":[[-90.5649097,41.5382761],[-90.5648667,41.5384384],[-90.564817,41.5386333],[-90.5648085,41.5387133],[-90.564795,41.5395473],[-90.5647856,41.5398538],[-90.5647837,41.5401155],[-90.564763,41.540695],[-90.564755,41.540962],[-90.564741,41.541432],[-90.564729,41.541849],[-90.5647271,41.5419191],[-90.564724,41.542036],[-90.564714,41.542376],[-90.564707,41.54261],[-90.5647,41.542837],[-90.564678,41.54391],[-90.564671,41.544323],[-90.564664,41.544727],[-90.564657,41.545167],[-90.56465,41.545559],[-90.564644,41.5459352],[-90.5646241,41.5470814],[-90.564604,41.54819],[-90.5645927,41.549179],[-90.564578,41.550083],[-90.564558,41.550992],[-90.5645694,41.5527966]]}},{"type":"Feature","properties":{"id":"way/16031170","highway":"residential","maxspeed":"25 mph","name":"Grand Avenue","tiger:cfcc":"A41","tiger:county":"Scott, IA","tiger:name_base":"Grand","tiger:name_type":"Ave","tiger:reviewed":"no"},"geometry":{"type":"LineString","coordinates":[[-90.565354,41.528189],[-90.5653518,41.5282325],[-90.565336,41.528544],[-90.5646584,41.5285812]]}},{"type":"Feature","properties":{"id":"way/16031213","highway":"residential","maxspeed":"25 mph","name":"Pershing Court","tiger:cfcc":"A41","tiger:county":"Scott, IA","tiger:name_base":"Pershing","tiger:name_type":"Ct","tiger:reviewed":"no","tiger:zip_left":"52803","tiger:zip_right":"52803"},"geometry":{"type":"LineString","coordinates":[[-90.5716155,41.5409058],[-90.5713083,41.5410773],[-90.5712223,41.5411245],[-90.5711229,41.5411539],[-90.5710195,41.5411706],[-90.5708353,41.5411722]]}},{"type":"Feature","properties":{"id":"way/16031253","highway":"unclassified","name":"West 1 1/2 Street","tiger:cfcc":"A41","tiger:county":"Scott, IA","tiger:name_base":"1 1/2","tiger:name_type":"St","tiger:reviewed":"no","tiger:zip_left":"52802","tiger:zip_right":"52802"},"geometry":{"type":"LineString","coordinates":[[-90.5877731,41.5208125],[-90.5881564,41.5208103],[-90.5887565,41.5208072],[-90.5888203,41.5208069],[-90.5888814,41.5208066],[-90.5889497,41.5208065],[-90.5890986,41.5208062],[-90.5892761,41.5207987],[-90.5894431,41.5207872],[-90.589544,41.520787]]}},{"type":"Feature","properties":{"id":"way/16031338","highway":"residential","maxspeed":"25 mph","name":"Duggleby Street","tiger:cfcc":"A41","tiger:county":"Scott, IA","tiger:name_base":"Duggleby","tiger:name_type":"St","tiger:reviewed":"no","tiger:separated":"no","tiger:source":"tiger_import_dch_v0.6_20070810","tiger:tlid":"122727580:122727581:122727578","tiger:upload_uuid":"bulk_upload.pl-651ea7f4-3bc6-4759-8e6f-67fe900f82a8","tiger:zip_left":"52803","tiger:zip_right":"52803"},"geometry":{"type":"LineString","coordinates":[[-90.5419229,41.538396],[-90.541898,41.538913],[-90.541898,41.539012],[-90.541899,41.539447]]}},{"type":"Feature","properties":{"id":"way/16031341","highway":"residential","maxspeed":"25 mph","name":"Duggleby Street","tiger:cfcc":"A41","tiger:county":"Scott, IA","tiger:name_base":"Duggleby","tiger:name_type":"St","tiger:reviewed":"no","tiger:zip_left":"52803","tiger:zip_right":"52803"},"geometry":{"type":"LineString","coordinates":[[-90.5421165,41.5359662],[-90.5422502,41.5360828],[-90.5424397,41.5362238],[-90.5425173,41.5363034],[-90.5425672,41.5363771],[-90.5426062,41.5364784],[-90.542592,41.536599],[-90.542581,41.536728],[-90.542525,41.536944],[-90.542427,41.537248],[-90.542378,41.537543],[-90.542362,41.537827],[-90.5423574,41.5383874]]}},{"type":"Feature","properties":{"id":"way/16031343","highway":"residential","lanes":"2","maxspeed":"25 mph","name":"Duggleby Street","tiger:cfcc":"A41","tiger:county":"Scott, IA","tiger:name_base":"Duggleby","tiger:name_type":"St","tiger:reviewed":"no","tiger:zip_left":"52803","tiger:zip_right":"52803"},"geometry":{"type":"LineString","coordinates":[[-90.542959,41.548367],[-90.5430061,41.5461639],[-90.5430421,41.5461027]]}},{"type":"Feature","properties":{"id":"way/16031344","highway":"residential","lanes":"1","maxspeed":"25 mph","name":"Duggleby Street","tiger:cfcc":"A41","tiger:county":"Scott, IA","tiger:name_base":"Duggleby","tiger:name_type":"St","tiger:reviewed":"no","tiger:zip_left":"52803","tiger:zip_right":"52803"},"geometry":{"type":"LineString","coordinates":[[-90.5430421,41.5461027],[-90.5430635,41.5442881]]}},{"type":"Feature","properties":{"id":"way/16031391","highway":"residential","maxspeed":"25 mph","name":"East 10th Street","tiger:cfcc":"A41","tiger:county":"Scott, IA","tiger:name_base":"10th","tiger:name_direction_prefix":"E","tiger:name_type":"St","tiger:reviewed":"no","tiger:separated":"no","tiger:source":"tiger_import_dch_v0.6_20070810","tiger:tlid":"122725318:122725320:122725321","tiger:upload_uuid":"bulk_upload.pl-651ea7f4-3bc6-4759-8e6f-67fe900f82a8","tiger:zip_left":"52803","tiger:zip_right":"52803"},"geometry":{"type":"LineString","coordinates":[[-90.572618,41.529325],[-90.5720566,41.5293253],[-90.5718926,41.5293216],[-90.571154,41.529322]]}},{"type":"Feature","properties":{"id":"way/16031393","highway":"residential","maxspeed":"25 mph","name":"East 10th Street","tiger:cfcc":"A41","tiger:county":"Scott, IA","tiger:name_base":"10th","tiger:name_direction_prefix":"E","tiger:name_type":"St","tiger:reviewed":"no","tiger:zip_left":"52803","tiger:zip_right":"52803"},"geometry":{"type":"LineString","coordinates":[[-90.559377,41.5300855],[-90.5578792,41.5300906],[-90.5576598,41.5300947],[-90.5564446,41.5300871]]}},{"type":"Feature","properties":{"id":"way/16031396","highway":"residential","maxspeed":"25 mph","name":"East 10th Street","surface":"bricks","tiger:cfcc":"A41","tiger:county":"Scott, IA","tiger:name_base":"10th","tiger:name_direction_prefix":"E","tiger:name_type":"St","tiger:reviewed":"no","tiger:zip_left":"52803","tiger:zip_right":"52803"},"geometry":{"type":"LineString","coordinates":[[-90.571157,41.529906],[-90.5697044,41.529898],[-90.5682467,41.5299013],[-90.5675008,41.5298981],[-90.5667611,41.5299049]]}},{"type":"Feature","properties":{"id":"way/16031490","highway":"secondary","lanes":"3","maxspeed":"35 mph","name":"West 4th Street","oneway":"yes","tiger:cfcc":"A41","tiger:county":"Scott, IA","tiger:name_base":"4th","tiger:name_direction_prefix":"W","tiger:name_type":"St","tiger:zip_left":"52802","tiger:zip_right":"52802"},"geometry":{"type":"LineString","coordinates":[[-90.575576,41.523533],[-90.5756916,41.5235332],[-90.5769234,41.5235358],[-90.577037,41.523536],[-90.5771743,41.5235359],[-90.577608,41.5235356],[-90.5778777,41.5235354],[-90.5781084,41.5235353],[-90.57838,41.5235351],[-90.5785177,41.523535],[-90.5786338,41.5235349],[-90.57992,41.523534],[-90.579983,41.523534],[-90.5807256,41.5235311],[-90.5813185,41.5235287],[-90.5814714,41.5235281],[-90.5816436,41.5235269],[-90.5828659,41.5235187],[-90.582971,41.523518],[-90.5831143,41.523517],[-90.5832858,41.5235158],[-90.583494,41.5235144],[-90.584453,41.523508]]}},{"type":"Feature","properties":{"id":"way/16031553","alt_name":"North Main Street","highway":"tertiary","maxspeed":"25 mph","name":"Main Street","tiger:cfcc":"A41","tiger:county":"Scott, IA","tiger:name_base":"Main","tiger:name_base_1":"Main","tiger:name_direction_prefix_1":"N","tiger:name_type":"St","tiger:name_type_1":"St","tiger:reviewed":"no","tiger:zip_left":"52801","tiger:zip_right":"52801"},"geometry":{"type":"LineString","coordinates":[[-90.5755889,41.5224214],[-90.5755897,41.5223314],[-90.5755938,41.5218786],[-90.575594,41.521858],[-90.5755988,41.5214306],[-90.5756,41.5213182],[-90.5756003,41.5212419],[-90.5756022,41.5207737],[-90.5756023,41.520759],[-90.5756018,41.520317],[-90.5756017,41.5202706],[-90.5755961,41.5201792]]}},{"type":"Feature","properties":{"id":"way/16031571","highway":"residential","maxspeed":"25 mph","name":"West 13th Street","tiger:cfcc":"A41","tiger:county":"Scott, IA","tiger:name_base":"13th","tiger:name_direction_prefix":"W","tiger:name_type":"St","tiger:reviewed":"no","tiger:separated":"no","tiger:source":"tiger_import_dch_v0.6_20070810","tiger:tlid":"122707152:122726570:122726571:122726694:122726695:122707175","tiger:upload_uuid":"bulk_upload.pl-651ea7f4-3bc6-4759-8e6f-67fe900f82a8","tiger:zip_left":"52804","tiger:zip_right":"52804"},"geometry":{"type":"LineString","coordinates":[[-90.5858127,41.5329983],[-90.58658,41.532996],[-90.586649,41.532996],[-90.587363,41.532993],[-90.5889337,41.532986],[-90.5907986,41.53298],[-90.591475,41.532979]]}},{"type":"Feature","properties":{"id":"way/16031574","highway":"residential","maxspeed":"25 mph","name":"West 13th Street","surface":"bricks","tiger:cfcc":"A41","tiger:county":"Scott, IA","tiger:name_base":"13th","tiger:name_direction_prefix":"W","tiger:name_type":"St","tiger:reviewed":"no","tiger:zip_left":"52803","tiger:zip_right":"52803"},"geometry":{"type":"LineString","coordinates":[[-90.577222,41.533003],[-90.5778335,41.5330127],[-90.5785076,41.5330173]]}},{"type":"Feature","properties":{"id":"way/16031575","highway":"residential","maxspeed":"25 mph","name":"West 13th Street","tiger:cfcc":"A41","tiger:county":"Scott, IA","tiger:name_base":"13th","tiger:name_direction_prefix":"W","tiger:name_type":"St","tiger:reviewed":"no","tiger:separated":"no","tiger:source":"tiger_import_dch_v0.6_20070810","tiger:tlid":"122726376:122726377:122706480:122707082:122706485:122726572:122726574:122726575","tiger:upload_uuid":"bulk_upload.pl-651ea7f4-3bc6-4759-8e6f-67fe900f82a8","tiger:zip_left":"52804","tiger:zip_right":"52804"},"geometry":{"type":"LineString","coordinates":[[-90.591481,41.53266],[-90.592092,41.532668],[-90.592965,41.53268],[-90.593872,41.53269],[-90.596301,41.532701],[-90.598789,41.532709],[-90.601218,41.532711],[-90.601866,41.532713],[-90.6024801,41.5327138]]}},{"type":"Feature","properties":{"id":"way/16031579","highway":"residential","maxspeed":"25 mph","name":"West 13th Street","tiger:cfcc":"A41","tiger:county":"Scott, IA","tiger:name_base":"13th","tiger:name_direction_prefix":"W","tiger:name_type":"St","tiger:reviewed":"no","tiger:zip_left":"52803","tiger:zip_right":"52803"},"geometry":{"type":"LineString","coordinates":[[-90.579885,41.533531],[-90.5785027,41.5335259]]}},{"type":"Feature","properties":{"id":"way/16031580","highway":"residential","maxspeed":"25 mph","name":"West 13th Street","tiger:cfcc":"A41","tiger:county":"Scott, IA","tiger:name_base":"13th","tiger:name_direction_prefix":"W","tiger:name_type":"St","tiger:reviewed":"no","tiger:zip_left":"52803","tiger:zip_right":"52803"},"geometry":{"type":"LineString","coordinates":[[-90.574056,41.532921],[-90.5747,41.5329201],[-90.5755571,41.532919],[-90.5762126,41.5329181],[-90.5765566,41.5329196],[-90.5765933,41.5329194],[-90.5772277,41.5329167]]}},{"type":"Feature","properties":{"id":"way/16031592","highway":"residential","maxspeed":"25 mph","name":"West 13th Street","tiger:cfcc":"A41","tiger:county":"Scott, IA","tiger:name_base":"13th","tiger:name_direction_prefix":"W","tiger:name_type":"St","tiger:reviewed":"no","tiger:separated":"no","tiger:source":"tiger_import_dch_v0.6_20070810","tiger:tlid":"122726882:122726883","tiger:upload_uuid":"bulk_upload.pl-651ea7f4-3bc6-4759-8e6f-67fe900f82a8","tiger:zip_left":"52804","tiger:zip_right":"52804"},"geometry":{"type":"LineString","coordinates":[[-90.579886,41.532999],[-90.581046,41.533011],[-90.58221,41.533009],[-90.5828805,41.533008],[-90.583626,41.533007],[-90.584357,41.533005]]}},{"type":"Feature","properties":{"id":"way/16031811","highway":"residential","maxspeed":"25 mph","name":"Arbor Drive","tiger:cfcc":"A41","tiger:county":"Scott, IA","tiger:name_base":"Arbor","tiger:name_type":"Dr","tiger:reviewed":"no","tiger:separated":"no","tiger:source":"tiger_import_dch_v0.6_20070810","tiger:tlid":"122717613","tiger:upload_uuid":"bulk_upload.pl-651ea7f4-3bc6-4759-8e6f-67fe900f82a8","tiger:zip_left":"52803","tiger:zip_right":"52803"},"geometry":{"type":"LineString","coordinates":[[-90.5417605,41.5499276],[-90.539755,41.5499407]]}},{"type":"Feature","properties":{"id":"way/16031814","highway":"residential","maxspeed":"25 mph","name":"East 28th Place","tiger:cfcc":"A41","tiger:county":"Scott, IA","tiger:name_base":"28th","tiger:name_direction_prefix":"E","tiger:name_type":"St","tiger:reviewed":"no","tiger:zip_left":"52803","tiger:zip_right":"52803"},"geometry":{"type":"LineString","coordinates":[[-90.5441717,41.5484476],[-90.543407,41.548445],[-90.543264,41.548385],[-90.543136,41.54836],[-90.542959,41.548367],[-90.5417765,41.5483621]]}},{"type":"Feature","properties":{"id":"way/16032091","highway":"residential","maxspeed":"25 mph","name":"Grand Court","oneway":"yes","surface":"asphalt"},"geometry":{"type":"LineString","coordinates":[[-90.564729,41.541849],[-90.56365,41.541851],[-90.5625173,41.5418529],[-90.562417,41.541832],[-90.562294,41.541822],[-90.562191,41.541835],[-90.5621077,41.5418485],[-90.5600086,41.5418473],[-90.5599056,41.5419021]]}},{"type":"Feature","properties":{"id":"way/16032093","highway":"residential","maxspeed":"25 mph","name":"Grand Court","oneway":"yes","surface":"asphalt"},"geometry":{"type":"LineString","coordinates":[[-90.5599056,41.5419021],[-90.560015,41.5419401],[-90.562103,41.5419363]]}},{"type":"Feature","properties":{"id":"way/16032184","highway":"residential","maxspeed":"25 mph","name":"Glenwood Avenue","tiger:cfcc":"A41","tiger:county":"Scott, IA","tiger:name_base":"Glenwood","tiger:name_type":"Ave","tiger:reviewed":"no","tiger:zip_left":"52803","tiger:zip_right":"52803"},"geometry":{"type":"LineString","coordinates":[[-90.5400404,41.5317789],[-90.5400745,41.5318386],[-90.5401289,41.5318729],[-90.5402022,41.5318997],[-90.5403868,41.5319868],[-90.5405213,41.5321015],[-90.540611,41.532202],[-90.540799,41.532449]]}},{"type":"Feature","properties":{"id":"way/16032197","highway":"residential","maxspeed":"25 mph","name":"Bob Avenue","tiger:cfcc":"A41","tiger:county":"Scott, IA","tiger:name_base":"Bob","tiger:name_type":"Ave","tiger:reviewed":"no","tiger:zip_left":"52803","tiger:zip_right":"52803"},"geometry":{"type":"LineString","coordinates":[[-90.5646584,41.5285812],[-90.5646438,41.5290228],[-90.5646407,41.529459]]}},{"type":"Feature","properties":{"id":"way/16032275","highway":"residential","maxspeed":"25 mph","name":"East Pleasant Street","tiger:cfcc":"A41","tiger:county":"Scott, IA","tiger:name_base":"Pleasant","tiger:name_direction_prefix":"E","tiger:name_type":"St","tiger:reviewed":"no","tiger:zip_left":"52803","tiger:zip_right":"52803"},"geometry":{"type":"LineString","coordinates":[[-90.5737157,41.5397533],[-90.5735465,41.5397541],[-90.573279,41.5397789],[-90.5727215,41.5397789],[-90.5722813,41.539766],[-90.572151,41.539767],[-90.572038,41.539768],[-90.5718174,41.5397791],[-90.5713353,41.5397743],[-90.571307,41.539774],[-90.5708224,41.539776]]}},{"type":"Feature","properties":{"id":"way/16032278","highway":"residential","maxspeed":"25 mph","name":"East Pleasant Street","tiger:cfcc":"A41","tiger:county":"Scott, IA","tiger:name_base":"Pleasant","tiger:name_direction_prefix":"E","tiger:name_type":"St","tiger:reviewed":"no","tiger:separated":"no","tiger:source":"tiger_import_dch_v0.6_20070810","tiger:tlid":"122726994:122726995:122727120:122727121:122727126:122727127","tiger:upload_uuid":"bulk_upload.pl-651ea7f4-3bc6-4759-8e6f-67fe900f82a8","tiger:zip_left":"52803","tiger:zip_right":"52803"},"geometry":{"type":"LineString","coordinates":[[-90.5708244,41.539525],[-90.570232,41.539524],[-90.5696985,41.539522],[-90.5691287,41.5395164],[-90.5685365,41.539519],[-90.567886,41.5395193],[-90.5672157,41.5395176]]}},{"type":"Feature","properties":{"id":"way/16032280","highway":"residential","maxspeed":"25 mph","name":"East Pleasant Street","tiger:cfcc":"A41","tiger:county":"Scott, IA","tiger:name_base":"Pleasant","tiger:name_direction_prefix":"E","tiger:name_type":"St","tiger:reviewed":"no","tiger:zip_left":"52803","tiger:zip_right":"52803"},"geometry":{"type":"LineString","coordinates":[[-90.5623972,41.5392766],[-90.5618701,41.5392875],[-90.5611869,41.5393017]]}},{"type":"Feature","properties":{"id":"way/16032283","highway":"residential","maxspeed":"25 mph","name":"East Pleasant Street","tiger:cfcc":"A41","tiger:county":"Scott, IA","tiger:name_base":"Pleasant","tiger:name_direction_prefix":"E","tiger:name_type":"St","tiger:reviewed":"no","tiger:zip_left":"52803","tiger:zip_right":"52803"},"geometry":{"type":"LineString","coordinates":[[-90.546637,41.539406],[-90.5460841,41.5394118],[-90.546063,41.539412],[-90.5454833,41.5394197],[-90.545459,41.53942],[-90.544857,41.539427],[-90.544267,41.5394321],[-90.541899,41.539447]]}},{"type":"Feature","properties":{"id":"way/16032287","highway":"residential","maxspeed":"25 mph","name":"East Pleasant Street","oneway":"no","tiger:cfcc":"A41","tiger:county":"Scott, IA","tiger:name_base":"Pleasant","tiger:name_direction_prefix":"E","tiger:name_type":"St","tiger:reviewed":"no","tiger:separated":"no","tiger:source":"tiger_import_dch_v0.6_20070810","tiger:tlid":"122727452:122727454:122727455:122727404:122727405:122727418:122727419","tiger:upload_uuid":"bulk_upload.pl-651ea7f4-3bc6-4759-8e6f-67fe900f82a8","tiger:zip_left":"52803","tiger:zip_right":"52803"},"geometry":{"type":"LineString","coordinates":[[-90.5581604,41.5395584],[-90.5575438,41.539561],[-90.5569208,41.539566],[-90.556332,41.539574],[-90.555603,41.539577],[-90.554723,41.539579],[-90.552779,41.539588],[-90.5515182,41.5395919]]}},{"type":"Feature","properties":{"id":"way/16032292","highway":"residential","maxspeed":"25 mph","name":"East Pleasant Street","tiger:cfcc":"A41","tiger:county":"Scott, IA","tiger:name_base":"Pleasant","tiger:name_direction_prefix":"E","tiger:name_type":"St","tiger:reviewed":"no","tiger:zip_left":"52803","tiger:zip_right":"52803"},"geometry":{"type":"LineString","coordinates":[[-90.541346,41.5403344],[-90.5411399,41.5403339],[-90.5409936,41.5403413],[-90.5408611,41.5403346],[-90.540687,41.540301],[-90.540071,41.540088],[-90.539438,41.539876],[-90.539288,41.539846],[-90.539009,41.539833],[-90.536983,41.539839]]}},{"type":"Feature","properties":{"id":"way/16032333","alt_name":"North Perry Street","highway":"tertiary","lanes":"4","maxspeed":"25 mph","name":"Perry Street","sidewalk:both":"separate","tiger:cfcc":"A41","tiger:county":"Scott, IA","tiger:name_base":"Perry","tiger:name_base_1":"Perry","tiger:name_direction_prefix_1":"N","tiger:name_type":"St","tiger:name_type_1":"St","tiger:reviewed":"no","tiger:zip_left":"52801","tiger:zip_right":"52803"},"geometry":{"type":"LineString","coordinates":[[-90.5726511,41.520299],[-90.5726511,41.5203479],[-90.5726511,41.5205987],[-90.572651,41.520742],[-90.572651,41.5212356],[-90.5726509,41.521313]]}},{"type":"Feature","properties":{"id":"way/16032342","highway":"residential","lanes":"2","maxspeed":"25 mph","name":"East 13th Street","oneway":"no","tiger:cfcc":"A41","tiger:county":"Scott, IA","tiger:name_base":"13th","tiger:name_direction_prefix":"E","tiger:name_type":"St","tiger:reviewed":"no","tiger:zip_left":"52803","tiger:zip_right":"52803"},"geometry":{"type":"LineString","coordinates":[[-90.5625314,41.5328773],[-90.56174,41.532872],[-90.561048,41.53287],[-90.560354,41.532874],[-90.560191,41.5328787],[-90.5592163,41.532882],[-90.5578892,41.53289]]}},{"type":"Feature","properties":{"id":"way/16032346","highway":"residential","maxspeed":"25 mph","name":"East 13th Street","tiger:cfcc":"A41","tiger:county":"Scott, IA","tiger:name_base":"13th","tiger:name_direction_prefix":"E","tiger:name_type":"St","tiger:reviewed":"no","tiger:zip_left":"52803","tiger:zip_right":"52803"},"geometry":{"type":"LineString","coordinates":[[-90.5740594,41.5330605],[-90.5733711,41.5330548],[-90.5725989,41.5330484],[-90.5711548,41.5330365],[-90.569698,41.5330243],[-90.5684317,41.533014],[-90.5682348,41.5330123],[-90.567499,41.5330062],[-90.5672731,41.5330044],[-90.566759,41.5330001],[-90.5659259,41.5329932],[-90.5649502,41.5329919],[-90.5630782,41.5329697],[-90.5625318,41.532982]]}},{"type":"Feature","properties":{"id":"way/16032349","highway":"residential","maxspeed":"25 mph","name":"East 13th Street","surface":"paved","tiger:cfcc":"A41","tiger:county":"Scott, IA","tiger:name_base":"13th","tiger:name_direction_prefix":"E","tiger:name_type":"St","tiger:reviewed":"no"},"geometry":{"type":"LineString","coordinates":[[-90.545402,41.533153],[-90.546467,41.53316],[-90.5465316,41.5331605]]}},{"type":"Feature","properties":{"id":"way/16032351","highway":"residential","maxspeed":"25 mph","name":"East 13th Street","tiger:cfcc":"A41","tiger:county":"Scott, IA","tiger:name_base":"13th","tiger:name_direction_prefix":"E","tiger:name_type":"St","tiger:reviewed":"no","tiger:zip_left":"52803","tiger:zip_right":"52803"},"geometry":{"type":"LineString","coordinates":[[-90.5449569,41.5331487],[-90.544607,41.53315],[-90.5439321,41.5331441]]}},{"type":"Feature","properties":{"id":"way/16032370","highway":"residential","maxspeed":"25 mph","name":"Federal Street","tiger:cfcc":"A41","tiger:county":"Scott, IA","tiger:name_base":"Federal","tiger:name_type":"St","tiger:reviewed":"no","tiger:zip_left":"52803","tiger:zip_right":"52803"},"geometry":{"type":"LineString","coordinates":[[-90.5696922,41.5252686],[-90.568565,41.52527],[-90.568329,41.525258],[-90.568248,41.525247],[-90.5680319,41.5252262],[-90.5671278,41.5252223],[-90.5667771,41.5252206],[-90.5665317,41.5252134],[-90.566145,41.525202],[-90.5653796,41.525193],[-90.5653327,41.5251924],[-90.565126,41.52519],[-90.564862,41.525184],[-90.564655,41.5251649],[-90.564493,41.52515],[-90.5643711,41.5251246],[-90.564306,41.525111],[-90.5636884,41.5249012],[-90.5634197,41.5247939],[-90.5631725,41.5246958],[-90.5629892,41.5246112],[-90.562757,41.524504],[-90.562726,41.5244858],[-90.56255,41.524382]]}},{"type":"Feature","properties":{"id":"way/16032380","highway":"tertiary","maxspeed":"25 mph","name":"Pershing Avenue","sidewalk:both":"yes","surface":"paved","tiger:cfcc":"A41","tiger:county":"Scott, IA","tiger:name_base":"Pershing","tiger:name_type":"Ave","tiger:reviewed":"no","tiger:zip_left":"52801","tiger:zip_right":"52801"},"geometry":{"type":"LineString","coordinates":[[-90.571175,41.5213079],[-90.5711752,41.5214138],[-90.571176,41.521866],[-90.5711768,41.5223148],[-90.571177,41.52241]]}},{"type":"Feature","properties":{"id":"way/16032384","highway":"residential","maxspeed":"25 mph","name":"Pershing Avenue","tiger:cfcc":"A41","tiger:county":"Scott, IA","tiger:name_base":"Pershing","tiger:name_type":"Ave","tiger:reviewed":"no","tiger:zip_left":"52803","tiger:zip_right":"52803"},"geometry":{"type":"LineString","coordinates":[[-90.5708394,41.538279],[-90.5708356,41.5387201],[-90.5708244,41.539525],[-90.5708224,41.539776],[-90.5708132,41.5402647],[-90.5708052,41.5407249],[-90.5708281,41.5407505],[-90.5708408,41.5407899],[-90.5708353,41.5411722],[-90.570769,41.542216],[-90.5708027,41.5426468],[-90.5707887,41.5431291],[-90.5707807,41.5435489],[-90.5707657,41.5440514],[-90.5707605,41.5442756],[-90.5707507,41.544549],[-90.5707355,41.5450037],[-90.5707302,41.5454953],[-90.5707183,41.5460236],[-90.570678,41.547207],[-90.570664,41.548186]]}},{"type":"Feature","properties":{"id":"way/16032521","highway":"residential","maxspeed":"25 mph","name":"Fulton Court","tiger:cfcc":"A41","tiger:county":"Scott, IA","tiger:name_base":"Fulton","tiger:name_type":"Ct","tiger:reviewed":"no","tiger:zip_left":"52803","tiger:zip_right":"52803"},"geometry":{"type":"LineString","coordinates":[[-90.5537368,41.5357316],[-90.553092,41.53573],[-90.5526403,41.5357296],[-90.5526391,41.53607]]}},{"type":"Feature","properties":{"id":"way/16032522","highway":"residential","maxspeed":"25 mph","name":"Fulton Court","tiger:cfcc":"A41","tiger:county":"Scott, IA","tiger:name_base":"Fulton","tiger:name_type":"Ct","tiger:reviewed":"no","tiger:zip_left":"52803","tiger:zip_right":"52803"},"geometry":{"type":"LineString","coordinates":[[-90.5526464,41.5354769],[-90.5526403,41.5357296]]}},{"type":"Feature","properties":{"id":"way/16032529","highway":"residential","maxspeed":"25 mph","name":"East Colorado Street","oneway":"no","tiger:cfcc":"A41","tiger:county":"Scott, IA","tiger:name_base":"Colorado","tiger:name_direction_prefix":"E","tiger:name_type":"St","tiger:reviewed":"no","tiger:separated":"no","tiger:source":"tiger_import_dch_v0.6_20070810","tiger:tlid":"122708823","tiger:upload_uuid":"bulk_upload.pl-651ea7f4-3bc6-4759-8e6f-67fe900f82a8","tiger:zip_left":"52803","tiger:zip_right":"52803"},"geometry":{"type":"LineString","coordinates":[[-90.5598533,41.5453359],[-90.557965,41.545328]]}},{"type":"Feature","properties":{"id":"way/16032530","highway":"residential","maxspeed":"25 mph","name":"East Colorado Street","tiger:cfcc":"A41","tiger:county":"Scott, IA","tiger:name_base":"Colorado","tiger:name_direction_prefix":"E","tiger:name_type":"St","tiger:reviewed":"no","tiger:zip_left":"52803","tiger:zip_right":"52803"},"geometry":{"type":"LineString","coordinates":[[-90.567077,41.545163],[-90.566828,41.545158],[-90.5664316,41.5451596],[-90.5652809,41.5451644],[-90.564657,41.545167]]}},{"type":"Feature","properties":{"id":"way/16032584","highway":"residential","maxspeed":"25 mph","name":"East Laurel Street","tiger:cfcc":"A41","tiger:county":"Scott, IA","tiger:name_base":"Laurel","tiger:name_direction_prefix":"E","tiger:name_type":"St","tiger:reviewed":"no","tiger:zip_left":"52803","tiger:zip_right":"52803"},"geometry":{"type":"LineString","coordinates":[[-90.5623864,41.5400557],[-90.5618487,41.5400621],[-90.5616042,41.540065],[-90.5611816,41.5400673]]}},{"type":"Feature","properties":{"id":"way/16032586","highway":"residential","maxspeed":"25 mph","name":"East Laurel Street","tiger:cfcc":"A41","tiger:county":"Scott, IA","tiger:name_base":"Laurel","tiger:name_direction_prefix":"E","tiger:name_type":"St","tiger:reviewed":"no","tiger:separated":"no","tiger:source":"tiger_import_dch_v0.6_20070810","tiger:tlid":"122708547:122727218:122727219","tiger:upload_uuid":"bulk_upload.pl-651ea7f4-3bc6-4759-8e6f-67fe900f82a8","tiger:zip_left":"52803","tiger:zip_right":"52803"},"geometry":{"type":"LineString","coordinates":[[-90.5671997,41.5401316],[-90.5663273,41.540129],[-90.5656634,41.5401224],[-90.5647837,41.5401155]]}},{"type":"Feature","properties":{"id":"way/16032631","highway":"residential","maxspeed":"25 mph","name":"Scott Street","surface":"asphalt","tiger:cfcc":"A41","tiger:county":"Scott, IA","tiger:name_base":"Scott","tiger:name_type":"St","tiger:reviewed":"no","tiger:zip_left":"52801","tiger:zip_right":"52801"},"geometry":{"type":"LineString","coordinates":[[-90.5800121,41.5201853],[-90.5800125,41.5202829],[-90.5800069,41.5207622],[-90.5800049,41.5209527],[-90.580003,41.5211319],[-90.5800021,41.5212155],[-90.580001,41.5213188],[-90.5800011,41.5214224],[-90.579998,41.5216583],[-90.579996,41.521879],[-90.5799955,41.5219255],[-90.5799913,41.52228],[-90.5799907,41.5223293],[-90.5799898,41.5224052],[-90.5799893,41.5225201],[-90.5799891,41.5225683],[-90.5799876,41.5228909],[-90.5799872,41.522984]]}},{"type":"Feature","properties":{"id":"way/16032640","highway":"residential","maxspeed":"25 mph","name":"Scott Street","tiger:cfcc":"A41","tiger:county":"Scott, IA","tiger:name_base":"Scott","tiger:name_type":"St","tiger:reviewed":"no","tiger:zip_left":"52803","tiger:zip_right":"52803"},"geometry":{"type":"LineString","coordinates":[[-90.579972,41.5246456],[-90.579973,41.525182],[-90.579973,41.525712]]}},{"type":"Feature","properties":{"id":"way/16032646","highway":"residential","maxspeed":"25 mph","name":"Scott Street","tiger:cfcc":"A41","tiger:county":"Scott, IA","tiger:name_base":"Scott","tiger:name_type":"St","tiger:reviewed":"no","tiger:zip_left":"52803","tiger:zip_right":"52803"},"geometry":{"type":"LineString","coordinates":[[-90.579939,41.529893],[-90.579932,41.530444],[-90.5799228,41.5308577],[-90.579921,41.530941],[-90.5799233,41.5310159],[-90.579903,41.531474],[-90.57989,41.531978],[-90.5798916,41.532284],[-90.5798899,41.5325001],[-90.579886,41.532999],[-90.579885,41.533153],[-90.579885,41.533531],[-90.5799038,41.5340561]]}},{"type":"Feature","properties":{"id":"way/16032680","highway":"residential","maxspeed":"25 mph","name":"Northhaven Road","tiger:cfcc":"A41","tiger:county":"Scott, IA","tiger:name_base":"Northhaven","tiger:name_type":"Rd","tiger:reviewed":"no","tiger:separated":"no","tiger:source":"tiger_import_dch_v0.6_20070810","tiger:tlid":"122726398:122726399","tiger:upload_uuid":"bulk_upload.pl-651ea7f4-3bc6-4759-8e6f-67fe900f82a8","tiger:zip_left":"52804","tiger:zip_right":"52804"},"geometry":{"type":"LineString","coordinates":[[-90.595997,41.549833],[-90.595823,41.549829],[-90.595483,41.549883],[-90.595374,41.549926],[-90.595254,41.550002],[-90.59512,41.55014],[-90.594729,41.550633],[-90.594435,41.551004]]}},{"type":"Feature","properties":{"id":"way/16032713","highway":"residential","maxspeed":"25 mph","name":"West 5th Street","surface":"paved","tiger:cfcc":"A41","tiger:county":"Scott, IA","tiger:name_base":"5th","tiger:name_direction_prefix":"W","tiger:name_type":"St","tiger:reviewed":"no","tiger:zip_left":"52802","tiger:zip_right":"52802"},"geometry":{"type":"LineString","coordinates":[[-90.5740781,41.5246516],[-90.5742309,41.5246514],[-90.574823,41.5246508],[-90.5754226,41.5246502],[-90.5755627,41.5246501],[-90.5757613,41.5246499],[-90.5758516,41.5246498],[-90.5768735,41.5246488],[-90.577026,41.5246486]]}},{"type":"Feature","properties":{"id":"way/16032723","highway":"tertiary","lanes":"2","maxspeed":"25 mph","maxweightrating:hgv":"7 st","name":"Clay Street","tiger:cfcc":"A41","tiger:county":"Scott, IA","tiger:name_base":"Clay","tiger:name_type":"St","tiger:reviewed":"no","tiger:zip_left":"52804","tiger:zip_right":"52804"},"geometry":{"type":"LineString","coordinates":[[-90.5925007,41.527816],[-90.5924982,41.5280814],[-90.5925005,41.5283629],[-90.592505,41.52875],[-90.592535,41.528807],[-90.592644,41.528908],[-90.592948,41.529118],[-90.594009,41.529731],[-90.594761,41.530154],[-90.594971,41.530264],[-90.595162,41.530329],[-90.595949,41.530515],[-90.5961914,41.5305741],[-90.5962806,41.5306186],[-90.5963451,41.5306703]]}},{"type":"Feature","properties":{"id":"way/16032753","highway":"residential","maxspeed":"25 mph","name":"South Sturdevant Street","tiger:cfcc":"A41","tiger:county":"Scott, IA","tiger:name_base":"Sturdevant","tiger:name_direction_prefix":"S","tiger:name_type":"St","tiger:reviewed":"no","tiger:zip_left":"52802","tiger:zip_right":"52802"},"geometry":{"type":"LineString","coordinates":[[-90.59886,41.520474],[-90.598781,41.520404],[-90.5984985,41.5202028],[-90.5983826,41.5201252],[-90.598305,41.520065],[-90.59804,41.519859],[-90.597899,41.519713],[-90.597792,41.519552],[-90.5976503,41.5193818],[-90.59748,41.519143]]}},{"type":"Feature","properties":{"id":"way/16032755","highway":"service","tiger:cfcc":"A41","tiger:county":"Scott, IA","tiger:reviewed":"no","tiger:zip_left":"52802","tiger:zip_right":"52802"},"geometry":{"type":"LineString","coordinates":[[-90.59874,41.518615],[-90.598186,41.517906]]}},{"type":"Feature","properties":{"id":"way/16032812","highway":"residential","maxspeed":"25 mph","name":"Emerson Place","tiger:cfcc":"A41","tiger:county":"Scott, IA","tiger:name_base":"Emerson","tiger:name_type":"Pl","tiger:reviewed":"no","tiger:zip_left":"52801","tiger:zip_right":"52801"},"geometry":{"type":"LineString","coordinates":[[-90.572651,41.520742],[-90.5725316,41.520743],[-90.5713115,41.5207538],[-90.5712895,41.520754],[-90.571173,41.520755]]}},{"type":"Feature","properties":{"id":"way/16032929","highway":"residential","maxspeed":"25 mph","name":"Spring Court","tiger:cfcc":"A41","tiger:county":"Scott, IA","tiger:name_base":"Spring","tiger:name_type":"Ct","tiger:reviewed":"no","tiger:separated":"no","tiger:source":"tiger_import_dch_v0.6_20070810","tiger:tlid":"122713464","tiger:upload_uuid":"bulk_upload.pl-651ea7f4-3bc6-4759-8e6f-67fe900f82a8","tiger:zip_left":"52803","tiger:zip_right":"52803"},"geometry":{"type":"LineString","coordinates":[[-90.548701,41.543079],[-90.5487302,41.5425355]]}},{"type":"Feature","properties":{"id":"way/16033007","highway":"residential","maxspeed":"25 mph","maxweight":"7 st","name":"East 6th Street","surface":"paved","tiger:cfcc":"A41","tiger:county":"Scott, IA","tiger:name_base":"6th","tiger:name_direction_prefix":"E","tiger:name_type":"St","tiger:reviewed":"no","tiger:zip_left":"52803","tiger:zip_right":"52803"},"geometry":{"type":"LineString","coordinates":[[-90.574072,41.525716],[-90.5739366,41.5257151],[-90.5738011,41.5257143],[-90.5727799,41.5257079],[-90.572634,41.525707],[-90.5724761,41.5257065],[-90.571489,41.5257031],[-90.5713141,41.5257025],[-90.571172,41.525702],[-90.5710202,41.5257015],[-90.569695,41.525697],[-90.568245,41.525693],[-90.5667647,41.5256791]]}},{"type":"Feature","properties":{"id":"way/16033020","alt_name":"North Main Street","highway":"tertiary","maxspeed":"25 mph","name":"Main Street","ref":"US 6 Hist","tiger:cfcc":"A41","tiger:county":"Scott, IA","tiger:name_base":"Main","tiger:name_direction_prefix":"N","tiger:name_type":"St","tiger:reviewed":"no"},"geometry":{"type":"LineString","coordinates":[[-90.575576,41.523533],[-90.5755749,41.5236234],[-90.5755691,41.5241123],[-90.5755671,41.524283],[-90.5755667,41.5243165],[-90.5755641,41.5245336]]}},{"type":"Feature","properties":{"id":"way/16033021","alt_name":"North Main Street","highway":"residential","maxspeed":"25 mph","name":"Main Street","tiger:cfcc":"A41","tiger:county":"Scott, IA","tiger:name_base":"Main","tiger:name_direction_prefix":"N","tiger:name_type":"St","tiger:reviewed":"no","tiger:zip_left":"52803","tiger:zip_right":"52803"},"geometry":{"type":"LineString","coordinates":[[-90.575776,41.54552],[-90.575773,41.54604],[-90.575762,41.546681],[-90.575746,41.547652],[-90.5757333,41.548388],[-90.575729,41.548634],[-90.5757185,41.5496574]]}},{"type":"Feature","properties":{"id":"way/16033023","alt_name":"North Main Street","highway":"tertiary","lanes":"2","maxspeed":"30 mph","maxweight":"7 st","name":"Main Street","ref":"US 6 Hist","source:maxweight":"https://ecode360.com/39603137#39603137","tiger:cfcc":"A41","tiger:county":"Scott, IA","tiger:name_base":"Main","tiger:name_direction_prefix":"N","tiger:name_type":"St","tiger:reviewed":"no","tiger:zip_left":"52803","tiger:zip_right":"52803"},"geometry":{"type":"LineString","coordinates":[[-90.5755773,41.52682],[-90.5755937,41.5269079],[-90.5755858,41.528172],[-90.5755843,41.5282345],[-90.5755823,41.5283003],[-90.5755779,41.5290977],[-90.5755593,41.529743],[-90.5755704,41.5305099],[-90.5755552,41.5305979],[-90.5755377,41.5307114],[-90.5755414,41.5310272]]}},{"type":"Feature","properties":{"id":"way/16033041","alt_name":"North Main Street","highway":"residential","maxspeed":"25 mph","name":"Main Street","tiger:cfcc":"A41","tiger:county":"Scott, IA","tiger:name_base":"Main","tiger:name_direction_prefix":"N","tiger:name_type":"St","tiger:reviewed":"no","tiger:zip_left":"52803","tiger:zip_right":"52803"},"geometry":{"type":"LineString","coordinates":[[-90.5756291,41.5496614],[-90.5756247,41.5497448],[-90.5756043,41.5501613],[-90.575582,41.550667],[-90.5755705,41.5511374],[-90.57557,41.551159],[-90.575557,41.551658],[-90.575543,41.552184],[-90.575529,41.552708]]}},{"type":"Feature","properties":{"id":"way/16033064","highway":"residential","maxspeed":"25 mph","name":"Riverview Place","tiger:cfcc":"A41","tiger:county":"Scott, IA","tiger:name_base":"Riverview","tiger:name_type":"Pl","tiger:reviewed":"no","tiger:separated":"no","tiger:source":"tiger_import_dch_v0.6_20070810","tiger:tlid":"122727302","tiger:upload_uuid":"bulk_upload.pl-651ea7f4-3bc6-4759-8e6f-67fe900f82a8","tiger:zip_left":"52803","tiger:zip_right":"52803"},"geometry":{"type":"LineString","coordinates":[[-90.564837,41.530885],[-90.564224,41.530876],[-90.56409,41.530892],[-90.564062,41.530918],[-90.564043,41.531401]]}},{"type":"Feature","properties":{"id":"way/16033065","highway":"residential","maxspeed":"25 mph","name":"Riverview Place","tiger:cfcc":"A41","tiger:county":"Scott, IA","tiger:name_base":"Riverview","tiger:name_type":"Pl","tiger:reviewed":"no","tiger:separated":"no","tiger:source":"tiger_import_dch_v0.6_20070810","tiger:tlid":"122727303","tiger:upload_uuid":"bulk_upload.pl-651ea7f4-3bc6-4759-8e6f-67fe900f82a8","tiger:zip_left":"52803","tiger:zip_right":"52803"},"geometry":{"type":"LineString","coordinates":[[-90.564043,41.531401],[-90.564178,41.531389],[-90.564829,41.531395]]}},{"type":"Feature","properties":{"id":"way/16033123","highway":"residential","maxspeed":"25 mph","name":"Mound Street","tiger:cfcc":"A41","tiger:county":"Scott, IA","tiger:name_base":"Mound","tiger:name_type":"St","tiger:reviewed":"no","tiger:zip_left":"52803","tiger:zip_right":"52803"},"geometry":{"type":"LineString","coordinates":[[-90.54664,41.538378],[-90.546637,41.539406],[-90.546628,41.54114],[-90.546614,41.541501],[-90.5466121,41.5415503],[-90.546593,41.542045],[-90.546575,41.542553]]}},{"type":"Feature","properties":{"id":"way/16033126","highway":"residential","maxspeed":"25 mph","name":"Mound Street","tiger:cfcc":"A41","tiger:county":"Scott, IA","tiger:name_base":"Mound","tiger:name_type":"St","tiger:reviewed":"no","tiger:separated":"no","tiger:source":"tiger_import_dch_v0.6_20070810","tiger:tlid":"122713461","tiger:upload_uuid":"bulk_upload.pl-651ea7f4-3bc6-4759-8e6f-67fe900f82a8","tiger:zip_left":"52803","tiger:zip_left_1":"52803","tiger:zip_right":"52803"},"geometry":{"type":"LineString","coordinates":[[-90.54699,41.543229],[-90.546797,41.543358],[-90.546718,41.543432],[-90.546655,41.543537],[-90.546602,41.543668],[-90.5466033,41.5442016]]}},{"type":"Feature","properties":{"id":"way/16033128","bicycle":"yes","highway":"unclassified","name":"Mound Street","surface":"asphalt","tiger:cfcc":"A41","tiger:county":"Scott, IA","tiger:name_base":"Mound","tiger:name_type":"St","tiger:reviewed":"no","tiger:zip_left":"52803","tiger:zip_right":"52803"},"geometry":{"type":"LineString","coordinates":[[-90.5461616,41.528995],[-90.5462499,41.5290767],[-90.546293,41.52918],[-90.5463375,41.5292866],[-90.5463735,41.5294083],[-90.5464687,41.5296929],[-90.5464882,41.5298493],[-90.5464901,41.5298964],[-90.5464941,41.5299986]]}},{"type":"Feature","properties":{"id":"way/16033129","highway":"residential","maxspeed":"25 mph","name":"Mound Street","tiger:cfcc":"A41","tiger:county":"Scott, IA","tiger:name_base":"Mound","tiger:name_type":"St","tiger:reviewed":"no","tiger:separated":"no","tiger:source":"tiger_import_dch_v0.6_20070810","tiger:tlid":"122709323:122727698","tiger:upload_uuid":"bulk_upload.pl-651ea7f4-3bc6-4759-8e6f-67fe900f82a8","tiger:zip_left":"52803","tiger:zip_right":"52803"},"geometry":{"type":"LineString","coordinates":[[-90.5466585,41.5345309],[-90.5466494,41.5346723],[-90.546589,41.536719],[-90.546564,41.538379]]}},{"type":"Feature","properties":{"id":"way/16033143","highway":"residential","maxspeed":"25 mph","name":"West 11 1/2 Street","tiger:cfcc":"A41","tiger:county":"Scott, IA","tiger:name_base":"11 1/2","tiger:name_direction_prefix":"W","tiger:name_type":"St","tiger:reviewed":"no","tiger:separated":"no","tiger:source":"tiger_import_dch_v0.6_20070810","tiger:tlid":"122707434:122707437","tiger:upload_uuid":"bulk_upload.pl-651ea7f4-3bc6-4759-8e6f-67fe900f82a8","tiger:zip_left":"52803","tiger:zip_right":"52803"},"geometry":{"type":"LineString","coordinates":[[-90.579903,41.531474],[-90.5806662,41.531481],[-90.581218,41.531477]]}},{"type":"Feature","properties":{"id":"way/16033237","cycleway:both":"shared_lane","highway":"tertiary","lanes":"2","maxspeed":"30 mph","maxweightrating:hgv":"7 st","name":"Jersey Ridge Road","tiger:cfcc":"A41","tiger:county":"Scott, IA","tiger:name_base":"Jersey Ridge","tiger:name_type":"Rd","tiger:reviewed":"no","tiger:zip_left":"52807","tiger:zip_right":"52804"},"geometry":{"type":"LineString","coordinates":[[-90.543982,41.531081],[-90.54372,41.531506],[-90.543673,41.531606],[-90.543644,41.531668],[-90.543515,41.53212],[-90.543471,41.532282],[-90.5433981,41.5325804],[-90.5433794,41.5326462],[-90.5432173,41.5331608],[-90.5431767,41.5332385],[-90.5427891,41.5338087],[-90.5423309,41.534513],[-90.5423038,41.5345771],[-90.542289,41.5346739],[-90.542275,41.5350959],[-90.5422655,41.5353257],[-90.5422506,41.5354354],[-90.5422082,41.5355714],[-90.5420858,41.5358477],[-90.5420127,41.5359799],[-90.5418433,41.5361753],[-90.5416309,41.5364702],[-90.5415463,41.5366421],[-90.541445,41.536905],[-90.5413631,41.5372205],[-90.5412627,41.5374258],[-90.540941,41.537861],[-90.540835,41.538082],[-90.540758,41.538282],[-90.540725,41.538584],[-90.5407163,41.5391603],[-90.5407228,41.5393426],[-90.5407421,41.5394327],[-90.5407771,41.5395399],[-90.5408355,41.5396615],[-90.5408868,41.5397249]]}},{"type":"Feature","properties":{"id":"way/16033394","highway":"residential","maxspeed":"25 mph","name":"Belle Avenue","tiger:cfcc":"A41","tiger:county":"Scott, IA","tiger:name_base":"Belle","tiger:name_type":"Ave","tiger:reviewed":"no","tiger:zip_left":"52803","tiger:zip_right":"52803"},"geometry":{"type":"LineString","coordinates":[[-90.544282,41.5383819],[-90.5442745,41.5389043],[-90.544267,41.5394321],[-90.5442598,41.5399331],[-90.5442593,41.5399712],[-90.5442544,41.5403121],[-90.5442372,41.541518],[-90.5442296,41.542052],[-90.5442221,41.542575],[-90.5442163,41.542982],[-90.5442083,41.5435451],[-90.5442126,41.5442237],[-90.5442118,41.544283],[-90.5441717,41.5484476],[-90.5441604,41.5491581]]}},{"type":"Feature","properties":{"id":"way/16033407","highway":"residential","maxspeed":"25 mph","name":"Belle Avenue","tiger:cfcc":"A41","tiger:county":"Scott, IA","tiger:name_base":"Belle","tiger:name_type":"Ave","tiger:reviewed":"no","tiger:separated":"no","tiger:source":"tiger_import_dch_v0.6_20070810","tiger:tlid":"122716340:122709444:122709337","tiger:upload_uuid":"bulk_upload.pl-651ea7f4-3bc6-4759-8e6f-67fe900f82a8","tiger:zip_left":"52803","tiger:zip_right":"52803"},"geometry":{"type":"LineString","coordinates":[[-90.543936,41.532784],[-90.5439321,41.5331441],[-90.5439019,41.5359712],[-90.5438913,41.5369681],[-90.5438762,41.5383788]]}},{"type":"Feature","properties":{"id":"way/16033490","highway":"residential","maxspeed":"30 mph","maxweightrating:hgv":"7 st","name":"East 14th Street","oneway":"yes","tiger:cfcc":"A41","tiger:county":"Scott, IA","tiger:name_base":"14th","tiger:name_direction_prefix":"E","tiger:name_type":"St","tiger:reviewed":"no","tiger:zip_left":"52803","tiger:zip_right":"52803"},"geometry":{"type":"LineString","coordinates":[[-90.574055,41.534069],[-90.5733556,41.5340716],[-90.5732148,41.5340717],[-90.572607,41.534072],[-90.5719105,41.5340691],[-90.571167,41.534066],[-90.570339,41.534068],[-90.569709,41.534061],[-90.5682351,41.5340511]]}},{"type":"Feature","properties":{"id":"way/16033492","highway":"residential","maxspeed":"25 mph","name":"East 14th Street","tiger:cfcc":"A41","tiger:county":"Scott, IA","tiger:name_base":"14th","tiger:name_direction_prefix":"E","tiger:name_type":"St","tiger:reviewed":"no","tiger:zip_left":"52803","tiger:zip_right":"52803"},"geometry":{"type":"LineString","coordinates":[[-90.551575,41.53419],[-90.550593,41.534176],[-90.549754,41.534163],[-90.5492,41.534168],[-90.547506,41.534155],[-90.547354,41.534154],[-90.5472544,41.534149],[-90.5472078,41.53413]]}},{"type":"Feature","properties":{"id":"way/16033589","alt_name":"North Ripley Street","highway":"residential","maxspeed":"25 mph","name":"Ripley Street"},"geometry":{"type":"LineString","coordinates":[[-90.5787056,41.540408],[-90.5786288,41.5404074],[-90.5785981,41.5404071],[-90.5785637,41.5404198],[-90.5785275,41.5404762],[-90.5785285,41.5406598],[-90.5785271,41.5409159],[-90.5785257,41.5412023],[-90.578525,41.5413606],[-90.5785242,41.5415059],[-90.5785235,41.541666],[-90.5785226,41.5418426],[-90.578524,41.543078],[-90.5785321,41.5442865],[-90.5785246,41.5455187],[-90.5785011,41.5465179],[-90.5784871,41.5469032],[-90.5784886,41.5469409],[-90.5784596,41.5474607],[-90.5784471,41.5478432],[-90.5784309,41.5482399],[-90.5784138,41.5486343]]}},{"type":"Feature","properties":{"id":"way/16033592","highway":"tertiary","lanes":"2","maxspeed":"25 mph","name":"Ripley Street","surface":"asphalt"},"geometry":{"type":"LineString","coordinates":[[-90.5785177,41.523535],[-90.5785182,41.5234443],[-90.5785204,41.5230923],[-90.578521,41.5229855],[-90.5785218,41.5228647],[-90.5785236,41.5225602],[-90.5785238,41.5225306],[-90.5785244,41.5224195],[-90.5785249,41.5223418],[-90.5785251,41.5223155],[-90.5785277,41.5218781],[-90.5785304,41.5214306],[-90.5785311,41.521323],[-90.5785316,41.5212375],[-90.5785331,41.5209888],[-90.5785339,41.5208489],[-90.5785344,41.5207636],[-90.578537,41.5203364],[-90.5785373,41.520285],[-90.5785379,41.5201926]]}},{"type":"Feature","properties":{"id":"way/16033628","highway":"residential","maxspeed":"25 mph","name":"West 8th Street","tiger:cfcc":"A41","tiger:county":"Scott, IA","tiger:name_base":"8th","tiger:name_direction_prefix":"W","tiger:name_type":"St","tiger:reviewed":"no","tiger:zip_left":"52802","tiger:zip_right":"52802"},"geometry":{"type":"LineString","coordinates":[[-90.5770821,41.5278571],[-90.5777793,41.5278541],[-90.5778505,41.5278531],[-90.5785225,41.5278379],[-90.5815141,41.5278332],[-90.58293,41.527822],[-90.584391,41.527819],[-90.585888,41.5278213],[-90.587249,41.527826],[-90.587408,41.527819],[-90.58748,41.527816],[-90.587626,41.527792],[-90.587848,41.527733],[-90.588218,41.527582],[-90.588361,41.527509],[-90.588633,41.52739],[-90.588822,41.527356],[-90.588994,41.527347],[-90.589069,41.527343],[-90.589299,41.527378],[-90.589506,41.527442],[-90.590076,41.527708],[-90.590196,41.527737],[-90.590486,41.527807],[-90.590874,41.527811],[-90.5918718,41.5278141],[-90.5920847,41.5278147],[-90.5925007,41.527816],[-90.593301,41.527824],[-90.594294,41.527818],[-90.597026,41.5278],[-90.598399,41.527801],[-90.5997711,41.5278015],[-90.601142,41.527804],[-90.602434,41.527807],[-90.6036487,41.5278092]]}},{"type":"Feature","properties":{"id":"way/16033632","highway":"residential","maxspeed":"25 mph","name":"West 8th Street","tiger:cfcc":"A41","tiger:county":"Scott, IA","tiger:name_base":"8th","tiger:name_direction_prefix":"W","tiger:name_type":"St","tiger:reviewed":"no","tiger:zip_left":"52803","tiger:zip_right":"52803"},"geometry":{"type":"LineString","coordinates":[[-90.574036,41.528157],[-90.5742139,41.5281586],[-90.5745939,41.5281622],[-90.5746844,41.528163],[-90.5747714,41.5281638],[-90.5754999,41.5281704],[-90.5755858,41.528172]]}},{"type":"Feature","properties":{"id":"way/16033633","highway":"residential","maxspeed":"25 mph","name":"West 8th Street","tiger:cfcc":"A41","tiger:county":"Scott, IA","tiger:name_base":"8th","tiger:name_direction_prefix":"W","tiger:name_type":"St","tiger:reviewed":"no","tiger:separated":"no","tiger:source":"tiger_import_dch_v0.6_20070810","tiger:tlid":"122725230:122725231","tiger:upload_uuid":"bulk_upload.pl-651ea7f4-3bc6-4759-8e6f-67fe900f82a8","tiger:zip_left":"52803","tiger:zip_right":"52803"},"geometry":{"type":"LineString","coordinates":[[-90.5755823,41.5283003],[-90.576281,41.528297],[-90.577089,41.5283]]}},{"type":"Feature","properties":{"id":"way/16033637","highway":"residential","maxspeed":"25 mph","name":"Taylor Street","oneway":"yes","surface":"asphalt"},"geometry":{"type":"LineString","coordinates":[[-90.5919961,41.5223686],[-90.59199,41.5229073],[-90.5919914,41.5234687]]}},{"type":"Feature","properties":{"id":"way/16033639","highway":"residential","maxspeed":"25 mph","name":"Taylor Street","surface":"brick","tiger:cfcc":"A41","tiger:county":"Scott, IA","tiger:name_base":"Taylor","tiger:name_type":"St","tiger:reviewed":"no","tiger:zip_left":"52802","tiger:zip_right":"52802"},"geometry":{"type":"LineString","coordinates":[[-90.592516,41.5234642],[-90.5925165,41.5238351],[-90.5925155,41.524073],[-90.5925137,41.5245378],[-90.5925136,41.524556],[-90.5925133,41.524633]]}},{"type":"Feature","properties":{"id":"way/16033641","highway":"residential","maxspeed":"25 mph","name":"Taylor Street","tiger:cfcc":"A41","tiger:county":"Scott, IA","tiger:name_base":"Taylor","tiger:name_type":"St","tiger:reviewed":"no","tiger:zip_left":"52804","tiger:zip_right":"52804"},"geometry":{"type":"LineString","coordinates":[[-90.592601,41.536855],[-90.5925945,41.5378394],[-90.5925934,41.5380117],[-90.5925934,41.5382632]]}},{"type":"Feature","properties":{"id":"way/16033643","highway":"residential","maxspeed":"25 mph","name":"Taylor Street","tiger:cfcc":"A41","tiger:county":"Scott, IA","tiger:name_base":"Taylor","tiger:name_type":"St","tiger:reviewed":"no","tiger:separated":"no","tiger:source":"tiger_import_dch_v0.6_20070810","tiger:tlid":"122706726","tiger:upload_uuid":"bulk_upload.pl-651ea7f4-3bc6-4759-8e6f-67fe900f82a8","tiger:zip_left":"52804","tiger:zip_right":"52804"},"geometry":{"type":"LineString","coordinates":[[-90.592352,41.54864],[-90.592346,41.548792],[-90.592289,41.549026],[-90.5922004,41.5491891],[-90.592045,41.549383],[-90.591786,41.549655]]}},{"type":"Feature","properties":{"id":"way/16033673","highway":"residential","maxspeed":"25 mph","name":"East Denison Avenue","oneway":"no","tiger:cfcc":"A41","tiger:county":"Scott, IA","tiger:name_base":"Denison","tiger:name_direction_prefix":"E","tiger:name_type":"Ave","tiger:reviewed":"no","tiger:zip_left":"52803","tiger:zip_right":"52803"},"geometry":{"type":"LineString","coordinates":[[-90.5598799,41.543765],[-90.5592672,41.543758],[-90.558,41.543768],[-90.557333,41.5437637],[-90.5567529,41.54376]]}},{"type":"Feature","properties":{"id":"way/16033675","highway":"residential","maxspeed":"25 mph","name":"East Denison Avenue","tiger:cfcc":"A41","tiger:county":"Scott, IA","tiger:name_base":"Denison","tiger:name_direction_prefix":"E","tiger:name_type":"Ave","tiger:reviewed":"no","tiger:zip_left":"52803","tiger:zip_right":"52803"},"geometry":{"type":"LineString","coordinates":[[-90.564678,41.54391],[-90.564051,41.5439094],[-90.563458,41.5439087],[-90.562855,41.5439081],[-90.5622819,41.5438989],[-90.5617083,41.5439029],[-90.5610961,41.5439063],[-90.5604859,41.5439057],[-90.5598748,41.543908]]}},{"type":"Feature","properties":{"id":"way/16033677","highway":"residential","maxspeed":"25 mph","name":"East Denison Avenue","tiger:cfcc":"A41","tiger:county":"Scott, IA","tiger:name_base":"Denison","tiger:name_direction_prefix":"E","tiger:name_type":"Ave","tiger:reviewed":"no","tiger:zip_left":"52803","tiger:zip_right":"52803"},"geometry":{"type":"LineString","coordinates":[[-90.57308,41.543564],[-90.572293,41.543566],[-90.571567,41.543569],[-90.5707807,41.5435489]]}},{"type":"Feature","properties":{"id":"way/16033681","highway":"residential","maxspeed":"25 mph","name":"West 17th Street","tiger:cfcc":"A41","tiger:county":"Scott, IA","tiger:name_base":"17th","tiger:name_direction_prefix":"W","tiger:name_type":"St","tiger:reviewed":"no","tiger:zip_left":"52804","tiger:zip_right":"52804"},"geometry":{"type":"LineString","coordinates":[[-90.5785107,41.5372116],[-90.5798489,41.5372273],[-90.5828405,41.5372055],[-90.5856401,41.5371983],[-90.5857515,41.537198],[-90.5858317,41.5371978],[-90.5872906,41.5371954],[-90.588874,41.5371905],[-90.5907631,41.5371857],[-90.591428,41.537184]]}},{"type":"Feature","properties":{"id":"way/16033685","highway":"residential","maxspeed":"25 mph","name":"West 17th Street","tiger:cfcc":"A41","tiger:county":"Scott, IA","tiger:name_base":"17th","tiger:name_direction_prefix":"W","tiger:name_type":"St","tiger:reviewed":"no","tiger:zip_left":"52804","tiger:zip_right":"52804"},"geometry":{"type":"LineString","coordinates":[[-90.591435,41.536845],[-90.592016,41.53685],[-90.592601,41.536855],[-90.593164,41.53686],[-90.59383,41.5368645],[-90.594464,41.536867],[-90.5950549,41.5368751],[-90.595608,41.536871],[-90.5958763,41.5368772],[-90.5962642,41.5368862],[-90.5969226,41.5368771],[-90.598069,41.536884],[-90.5987488,41.5368868],[-90.599373,41.536887],[-90.599936,41.536887],[-90.6005181,41.5368884],[-90.601172,41.53689],[-90.6016581,41.5368879],[-90.6018029,41.5368873],[-90.602173,41.536891],[-90.6024,41.53688],[-90.602604,41.53687],[-90.602995,41.536872],[-90.603601,41.536874],[-90.604721,41.536872],[-90.60527,41.536869],[-90.605753,41.536872],[-90.605796,41.536884]]}},{"type":"Feature","properties":{"id":"way/16033713","highway":"unclassified","name":"Gaines Street","tiger:cfcc":"A41","tiger:county":"Scott, IA","tiger:name_base":"St Vincent Home","tiger:name_type":"Rd","tiger:reviewed":"no"},"geometry":{"type":"LineString","coordinates":[[-90.5827853,41.54552],[-90.582746,41.546586],[-90.5827459,41.5474508]]}},{"type":"Feature","properties":{"id":"way/16033714","highway":"service","name":"St Vincent Home Road","tiger:cfcc":"A41","tiger:county":"Scott, IA","tiger:name_base":"St Vincent Home","tiger:name_type":"Rd","tiger:reviewed":"no"},"geometry":{"type":"LineString","coordinates":[[-90.583627,41.545521],[-90.5836204,41.5458962],[-90.583612,41.546372],[-90.583607,41.546657],[-90.58442,41.546656]]}},{"type":"Feature","properties":{"id":"way/16033719","highway":"service","surface":"paved"},"geometry":{"type":"LineString","coordinates":[[-90.5864771,41.5467375],[-90.5868293,41.546995],[-90.5870283,41.5471405],[-90.5871405,41.5472225],[-90.5870537,41.5473473],[-90.5869892,41.5474516]]}},{"type":"Feature","properties":{"id":"way/16033720","highway":"service","surface":"paved"},"geometry":{"type":"LineString","coordinates":[[-90.586483,41.545519],[-90.5864771,41.5467375]]}},{"type":"Feature","properties":{"id":"way/16033804","alt_name":"North Gaines Street","highway":"residential","maxspeed":"25 mph","name":"South Gaines Street","surface":"asphalt"},"geometry":{"type":"LineString","coordinates":[[-90.5830767,41.5191417],[-90.5830683,41.5193081],[-90.583077,41.5194045],[-90.5830772,41.5194857],[-90.5830185,41.5197031],[-90.5830211,41.5198538],[-90.5830189,41.5201094],[-90.5830184,41.5201685]]}},{"type":"Feature","properties":{"id":"way/16033827","highway":"residential","maxspeed":"25 mph","name":"Prospect Terrace","tiger:cfcc":"A41","tiger:county":"Scott, IA","tiger:name_base":"Prospect","tiger:name_type":"Ter","tiger:reviewed":"no","tiger:zip_left":"52803","tiger:zip_right":"52803"},"geometry":{"type":"LineString","coordinates":[[-90.5525134,41.5293801],[-90.5517222,41.5293749],[-90.5516211,41.5293464],[-90.5515692,41.5293248],[-90.5514754,41.5292633],[-90.5514331,41.5292111],[-90.5514126,41.529159],[-90.5514076,41.5290712],[-90.5514295,41.5289733],[-90.5514875,41.5288947],[-90.5515774,41.5288209],[-90.5516801,41.5287718]]}},{"type":"Feature","properties":{"id":"way/16033829","highway":"residential","maxspeed":"25 mph","name":"Prospect Terrace","tiger:cfcc":"A41","tiger:county":"Scott, IA","tiger:name_base":"Prospect","tiger:name_type":"Ter","tiger:reviewed":"no","tiger:zip_left":"52803","tiger:zip_right":"52803"},"geometry":{"type":"LineString","coordinates":[[-90.5526495,41.531243],[-90.552767,41.531312],[-90.552895,41.531344]]}},{"type":"Feature","properties":{"id":"way/16033832","highway":"residential","maxspeed":"25 mph","name":"Prospect Terrace","tiger:cfcc":"A41","tiger:county":"Scott, IA","tiger:name_base":"Prospect","tiger:name_type":"Ter","tiger:reviewed":"no","tiger:zip_left":"52803","tiger:zip_right":"52803"},"geometry":{"type":"LineString","coordinates":[[-90.5525191,41.5287005],[-90.5525134,41.5293801],[-90.5525151,41.5294642],[-90.5525514,41.5295473],[-90.5526228,41.5296811],[-90.552656,41.529774],[-90.552678,41.5299072],[-90.5526684,41.5305278],[-90.5526531,41.5305965],[-90.5526495,41.531243]]}},{"type":"Feature","properties":{"id":"way/16033953","highway":"residential","maxspeed":"25 mph","name":"West 4 1/2 Street","tiger:cfcc":"A41","tiger:county":"Scott, IA","tiger:name_base":"4 1/2","tiger:name_direction_prefix":"W","tiger:name_type":"St","tiger:reviewed":"no","tiger:separated":"no","tiger:source":"tiger_import_dch_v0.6_20070810","tiger:tlid":"122707132","tiger:upload_uuid":"bulk_upload.pl-651ea7f4-3bc6-4759-8e6f-67fe900f82a8","tiger:zip_left":"52802","tiger:zip_right":"52802"},"geometry":{"type":"LineString","coordinates":[[-90.5925165,41.5238351],[-90.5943517,41.52384]]}},{"type":"Feature","properties":{"id":"way/16033954","highway":"residential","maxspeed":"25 mph","name":"West 4 1/2 Street","tiger:cfcc":"A41","tiger:county":"Scott, IA","tiger:name_base":"4 1/2","tiger:name_direction_prefix":"W","tiger:name_type":"St","tiger:reviewed":"no","tiger:separated":"no","tiger:source":"tiger_import_dch_v0.6_20070810","tiger:tlid":"122707210:122707212","tiger:upload_uuid":"bulk_upload.pl-651ea7f4-3bc6-4759-8e6f-67fe900f82a8","tiger:zip_left":"52802","tiger:zip_right":"52802"},"geometry":{"type":"LineString","coordinates":[[-90.589524,41.524078],[-90.590893,41.524076],[-90.5925155,41.524073]]}},{"type":"Feature","properties":{"id":"way/16033975","highway":"tertiary","maxspeed":"25 mph","maxweight":"7 st","name":"East 3rd Street","oneway":"no","ref":"US 6 Hist","source:maxweight":"https://ecode360.com/39603137#39603137","tiger:cfcc":"A41","tiger:county":"Scott, IA","tiger:name_base":"3rd","tiger:name_direction_prefix":"E","tiger:name_type":"St","tiger:zip_left":"52801","tiger:zip_right":"52801"},"geometry":{"type":"LineString","coordinates":[[-90.574078,41.522427],[-90.573977,41.5224263],[-90.5728984,41.5224198],[-90.571677,41.5224124],[-90.5713121,41.5224106],[-90.571177,41.52241]]}},{"type":"Feature","properties":{"id":"way/16034005","highway":"residential","maxspeed":"25 mph","name":"East 9th Street","surface":"brick","tiger:cfcc":"A41","tiger:county":"Scott, IA","tiger:name_base":"9th","tiger:name_direction_prefix":"E","tiger:name_type":"St","tiger:reviewed":"no","tiger:zip_left":"52803","tiger:zip_right":"52803"},"geometry":{"type":"LineString","coordinates":[[-90.5578776,41.5290008],[-90.5564423,41.5290025],[-90.5556486,41.529002],[-90.5548847,41.5290079],[-90.5545467,41.5290091],[-90.5538296,41.5290116]]}},{"type":"Feature","properties":{"id":"way/16034007","highway":"residential","maxspeed":"25 mph","name":"East 9th Street","surface":"bricks","tiger:cfcc":"A41","tiger:county":"Scott, IA","tiger:name_base":"9th","tiger:name_direction_prefix":"E","tiger:name_type":"St","tiger:reviewed":"no","tiger:zip_left":"52803","tiger:zip_right":"52803"},"geometry":{"type":"LineString","coordinates":[[-90.571151,41.52886],[-90.5697023,41.5288585]]}},{"type":"Feature","properties":{"id":"way/16034010","highway":"residential","maxspeed":"25 mph","name":"East 9th Street","tiger:cfcc":"A41","tiger:county":"Scott, IA","tiger:name_base":"9th","tiger:name_direction_prefix":"E","tiger:name_type":"St","tiger:reviewed":"no","tiger:zip_left":"52803","tiger:zip_right":"52803"},"geometry":{"type":"LineString","coordinates":[[-90.5667679,41.5285311],[-90.566023,41.528351],[-90.56598,41.52834],[-90.5659541,41.5283338],[-90.565354,41.528189],[-90.564877,41.528073],[-90.564769,41.528071],[-90.564598,41.528067],[-90.564555,41.52807],[-90.563205,41.528166],[-90.56292,41.528193]]}},{"type":"Feature","properties":{"id":"way/16034011","highway":"residential","maxspeed":"25 mph","name":"East 9th Street","tiger:cfcc":"A41","tiger:county":"Scott, IA","tiger:name_base":"9th","tiger:name_direction_prefix":"E","tiger:name_type":"St","tiger:reviewed":"no","tiger:zip_left":"52803","tiger:zip_right":"52803"},"geometry":{"type":"LineString","coordinates":[[-90.572616,41.5287278],[-90.5718788,41.5287361],[-90.5714961,41.5287324],[-90.571151,41.528729]]}},{"type":"Feature","properties":{"id":"way/16034026","highway":"residential","maxspeed":"25 mph","name":"Garfield Court","surface":"asphalt"},"geometry":{"type":"LineString","coordinates":[[-90.589192,41.548918],[-90.589184,41.548828],[-90.589215,41.548707],[-90.589279,41.548599],[-90.589356,41.548548],[-90.589464,41.548524],[-90.589614,41.548519],[-90.589785,41.548557],[-90.589928,41.548601],[-90.59012,41.548628],[-90.59118,41.548631]]}},{"type":"Feature","properties":{"id":"way/16034028","highway":"residential","maxspeed":"25 mph","name":"Garfield Court","surface":"asphalt"},"geometry":{"type":"LineString","coordinates":[[-90.5901483,41.5491119],[-90.5901097,41.5490192],[-90.59012,41.548628]]}},{"type":"Feature","properties":{"id":"way/16034076","NHS":"yes","highway":"primary","lanes":"4","maxspeed":"35 mph","name":"East River Drive","oneway":"yes","ref":"US 67","sidewalk:both":"separate","tiger:cfcc":"A21","tiger:county":"Scott, IA","tiger:name_base":"River","tiger:name_base_1":"United States Highway 67","tiger:name_direction_prefix":"E","tiger:name_type":"Dr","tiger:reviewed":"no","tiger:zip_left":"52803","tiger:zip_right":"52803"},"geometry":{"type":"LineString","coordinates":[[-90.5697057,41.5205771],[-90.5700915,41.5205382],[-90.5709163,41.520358],[-90.5710488,41.520332],[-90.571112,41.5203227],[-90.5711774,41.5203193],[-90.5725277,41.5203009],[-90.5726511,41.520299]]}},{"type":"Feature","properties":{"id":"way/16034078","highway":"residential","lanes":"2","maxspeed":"25 mph","name":"East River Street","tiger:cfcc":"A41","tiger:county":"Scott, IA","tiger:name_base":"River","tiger:name_direction_prefix":"E","tiger:name_type":"Dr","tiger:reviewed":"no","tiger:zip_left":"52803"},"geometry":{"type":"LineString","coordinates":[[-90.5419533,41.531043],[-90.5398872,41.529651]]}},{"type":"Feature","properties":{"id":"way/16034105","highway":"tertiary","lanes":"2","maxspeed":"30 mph","maxweightrating:hgv":"7 st","name":"West Lombard Street","tiger:cfcc":"A41","tiger:county":"Scott, IA","tiger:name_base":"Lombard","tiger:name_direction_prefix":"W","tiger:name_type":"St","tiger:reviewed":"no","tiger:zip_left":"52804"},"geometry":{"type":"LineString","coordinates":[[-90.5827992,41.5418703],[-90.5828951,41.5418742],[-90.5831542,41.5418886],[-90.5835002,41.5418981],[-90.5842584,41.5418911],[-90.5849803,41.5418916],[-90.5856042,41.5418944],[-90.5856891,41.5418968],[-90.5857828,41.5418962],[-90.5863494,41.5418917],[-90.5865261,41.5418927],[-90.5872196,41.5418916],[-90.5879198,41.5418939],[-90.5884716,41.5418947],[-90.588592,41.5418963],[-90.5886766,41.5418949],[-90.5893121,41.541895],[-90.5899088,41.5418905],[-90.5900027,41.5418876],[-90.5900796,41.54189],[-90.5907066,41.5418859],[-90.5912427,41.5418879],[-90.5913423,41.5418903],[-90.5921423,41.5418895],[-90.5937374,41.5418908],[-90.5944383,41.5418876],[-90.5953482,41.5418862],[-90.5961683,41.5418809],[-90.5986223,41.5418813],[-90.5991541,41.5418795],[-90.5996652,41.5418799],[-90.5998181,41.5418809],[-90.6002033,41.5418759],[-90.6010032,41.5418799]]}},{"type":"Feature","properties":{"id":"way/16034120","alt_name":"Columbia Court","highway":"residential","maxspeed":"25 mph","name":"West Columbia Court","tiger:cfcc":"A41","tiger:county":"Scott, IA","tiger:name_base":"Columbia","tiger:name_base_1":"Columbia","tiger:name_direction_prefix":"W","tiger:name_type":"Ct","tiger:name_type_1":"Ct","tiger:reviewed":"no","tiger:zip_left":"52804","tiger:zip_right":"52804"},"geometry":{"type":"LineString","coordinates":[[-90.591214,41.546316],[-90.592524,41.546308]]}},{"type":"Feature","properties":{"id":"way/16034193","highway":"residential","maxspeed":"25 mph","name":"East 17th Street","tiger:cfcc":"A41","tiger:county":"Scott, IA","tiger:name_base":"17th","tiger:name_direction_prefix":"E","tiger:name_type":"St","tiger:reviewed":"no","tiger:zip_left":"52803","tiger:zip_right":"52803"},"geometry":{"type":"LineString","coordinates":[[-90.5740666,41.5367643],[-90.5726458,41.5367803],[-90.5716824,41.5367868],[-90.5711771,41.5367929]]}},{"type":"Feature","properties":{"id":"way/16034204","highway":"residential","maxspeed":"25 mph","name":"East 12 1/2 Street","tiger:cfcc":"A41","tiger:county":"Scott, IA","tiger:name_base":"12 1/2","tiger:name_direction_prefix":"E","tiger:name_type":"St","tiger:reviewed":"no","tiger:separated":"no","tiger:source":"tiger_import_dch_v0.6_20070810","tiger:tlid":"122708957","tiger:upload_uuid":"bulk_upload.pl-651ea7f4-3bc6-4759-8e6f-67fe900f82a8","tiger:zip_left":"52803","tiger:zip_right":"52803"},"geometry":{"type":"LineString","coordinates":[[-90.5551175,41.5325288],[-90.5544104,41.5325308]]}},{"type":"Feature","properties":{"id":"way/16034334","highway":"residential","maxspeed":"25 mph","name":"Berg Place","tiger:cfcc":"A41","tiger:county":"Scott, IA","tiger:name_base":"Berg","tiger:name_type":"Pl","tiger:reviewed":"no","tiger:separated":"no","tiger:source":"tiger_import_dch_v0.6_20070810","tiger:tlid":"122706993:122706978","tiger:upload_uuid":"bulk_upload.pl-651ea7f4-3bc6-4759-8e6f-67fe900f82a8","tiger:zip_left":"52804","tiger:zip_right":"52804"},"geometry":{"type":"LineString","coordinates":[[-90.588006,41.542759],[-90.588188,41.542829],[-90.588317,41.54284],[-90.588815,41.542844],[-90.5900008,41.5428442]]}},{"type":"Feature","properties":{"id":"way/16034359","highway":"residential","maxspeed":"25 mph","name":"Carey Avenue","oneway":"no","surface":"bricks","tiger:cfcc":"A41","tiger:county":"Scott, IA","tiger:name_base":"Carey","tiger:name_type":"Ave","tiger:reviewed":"no","tiger:zip_left":"52803","tiger:zip_right":"52803"},"geometry":{"type":"LineString","coordinates":[[-90.560191,41.5328787],[-90.5601976,41.5334307],[-90.560198,41.5340293]]}},{"type":"Feature","properties":{"id":"way/16034361","highway":"residential","maxspeed":"25 mph","name":"Carey Avenue","tiger:cfcc":"A41","tiger:county":"Scott, IA","tiger:name_base":"Carey","tiger:name_type":"Ave","tiger:reviewed":"no","tiger:zip_left":"52803","tiger:zip_right":"52803"},"geometry":{"type":"LineString","coordinates":[[-90.5599568,41.5382865],[-90.5599438,41.538807],[-90.5599363,41.5394559],[-90.5598971,41.5409085],[-90.5599178,41.540977],[-90.5599348,41.5410495],[-90.5599192,41.541425],[-90.5599056,41.5419021],[-90.5599009,41.54238],[-90.5598963,41.542843],[-90.5598809,41.543306],[-90.5598799,41.543765],[-90.5598748,41.543908],[-90.5598688,41.544673],[-90.559852,41.545096],[-90.5598506,41.5451893],[-90.5598533,41.5453359],[-90.559851,41.545576],[-90.5598435,41.5459575],[-90.5598405,41.5465283],[-90.5598297,41.547096],[-90.5598257,41.547654],[-90.5598187,41.5482054],[-90.5598155,41.5487088],[-90.5598108,41.5492105],[-90.5598076,41.5496579]]}},{"type":"Feature","properties":{"id":"way/16034362","highway":"residential","maxspeed":"25 mph","name":"Carey Avenue","tiger:cfcc":"A41","tiger:county":"Scott, IA","tiger:name_base":"Carey","tiger:name_type":"Ave","tiger:reviewed":"no","tiger:zip_left":"52803","tiger:zip_right":"52803"},"geometry":{"type":"LineString","coordinates":[[-90.5601619,41.5259386],[-90.560219,41.526],[-90.5602517,41.5260999],[-90.560258,41.526366],[-90.5602601,41.526532],[-90.5602527,41.5267985]]}},{"type":"Feature","properties":{"id":"way/16034443","highway":"residential","maxspeed":"25 mph","name":"East Street","surface":"bricks","tiger:cfcc":"A41","tiger:county":"Scott, IA","tiger:name_base":"East","tiger:name_type":"St","tiger:reviewed":"no","tiger:zip_left":"52803","tiger:zip_right":"52803"},"geometry":{"type":"LineString","coordinates":[[-90.5439019,41.5359712],[-90.543009,41.535964],[-90.542239,41.535959],[-90.5421165,41.5359662],[-90.5420127,41.5359799],[-90.5418019,41.5360259],[-90.541415,41.536086],[-90.541044,41.536138],[-90.5407,41.536161],[-90.540623,41.536167],[-90.540327,41.536157],[-90.540133,41.536172],[-90.540009,41.536192],[-90.539936,41.5362152],[-90.539921,41.53622],[-90.5396135,41.5364347],[-90.539497,41.536461],[-90.539357,41.53647],[-90.5380752,41.5364741]]}},{"type":"Feature","properties":{"id":"way/16034483","NHS":"yes","highway":"trunk","lanes":"4","maxspeed":"35 mph","name":"West River Drive","oneway":"yes","ref":"US 67;US 61 Business","tiger:cfcc":"A21","tiger:county":"Scott, IA","tiger:name_base":"River","tiger:name_base_1":"United States Highway 61","tiger:name_direction_prefix":"W","tiger:name_type":"Dr","tiger:reviewed":"no","tiger:zip_left":"52802","tiger:zip_right":"52802"},"geometry":{"type":"LineString","coordinates":[[-90.5741253,41.5202691],[-90.5742489,41.5202692],[-90.5754742,41.5202705],[-90.5756017,41.5202706],[-90.5757232,41.5202715],[-90.5769463,41.5202804],[-90.5770647,41.5202813],[-90.5772039,41.5202816],[-90.5784158,41.5202847],[-90.5785373,41.520285],[-90.5786513,41.5202848],[-90.579013,41.520284],[-90.5792108,41.5202838],[-90.5800125,41.5202829],[-90.5813986,41.5202823],[-90.5815105,41.5202822]]}},{"type":"Feature","properties":{"id":"way/16034523","highway":"residential","maxspeed":"25 mph","name":"Jefferson Avenue","tiger:cfcc":"A41","tiger:county":"Scott, IA","tiger:name_base":"Jefferson","tiger:name_type":"Ave","tiger:reviewed":"no","tiger:separated":"no","tiger:source":"tiger_import_dch_v0.6_20070810","tiger:tlid":"122708215:122708217:122708494:122727160:122727161:122708205:122727158","tiger:upload_uuid":"bulk_upload.pl-651ea7f4-3bc6-4759-8e6f-67fe900f82a8","tiger:zip_left":"52803","tiger:zip_right":"52803"},"geometry":{"type":"LineString","coordinates":[[-90.565842,41.5459292],[-90.565838,41.546212],[-90.56583,41.546748],[-90.565825,41.5470747],[-90.565809,41.548183],[-90.5657947,41.5491711],[-90.565792,41.550984],[-90.565773,41.552793]]}},{"type":"Feature","properties":{"id":"way/16034524","highway":"residential","maxspeed":"25 mph","name":"Jefferson Avenue","surface":"asphalt"},"geometry":{"type":"LineString","coordinates":[[-90.5656634,41.5401224],[-90.5656522,41.5407086],[-90.5656256,41.542029],[-90.5656216,41.5426075],[-90.565572,41.544317]]}},{"type":"Feature","properties":{"id":"way/16034552","highway":"residential","maxspeed":"15 mph","name":"East 8 1/2 Street","tiger:cfcc":"A41","tiger:county":"Scott, IA","tiger:name_base":"8 1/2","tiger:name_direction_prefix":"E","tiger:name_type":"St","tiger:reviewed":"no","tiger:zip_left":"52803","tiger:zip_right":"52803"},"geometry":{"type":"LineString","coordinates":[[-90.571148,41.528334],[-90.5705704,41.528334],[-90.5697034,41.5283378]]}},{"type":"Feature","properties":{"id":"way/16034633","highway":"residential","maxspeed":"25 mph","name":"Arlington Avenue","oneway":"yes","surface":"asphalt"},"geometry":{"type":"LineString","coordinates":[[-90.5623158,41.5414163],[-90.562199,41.541495],[-90.5621406,41.5416007],[-90.5621159,41.5416932],[-90.5621077,41.5418485],[-90.562103,41.5419363],[-90.5621204,41.5420903],[-90.5621522,41.542219],[-90.5622455,41.5423356],[-90.5623192,41.5423778]]}},{"type":"Feature","properties":{"id":"way/16034635","highway":"residential","maxspeed":"25 mph","name":"Arlington Avenue","surface":"asphalt"},"geometry":{"type":"LineString","coordinates":[[-90.5623192,41.5423778],[-90.5623049,41.5428258],[-90.5623024,41.5433116],[-90.5622982,41.5434306],[-90.5622819,41.5438989],[-90.562219,41.545555],[-90.5622081,41.5459474],[-90.5622179,41.5470947],[-90.56219,41.548199],[-90.5621738,41.5491948],[-90.562152,41.5502643],[-90.562137,41.551003],[-90.5621085,41.5528169]]}},{"type":"Feature","properties":{"id":"way/16034636","highway":"residential","maxspeed":"25 mph","name":"Arlington Avenue","surface":"bricks","tiger:cfcc":"A41","tiger:county":"Scott, IA","tiger:name_base":"Arlington","tiger:name_type":"Ave","tiger:reviewed":"no","tiger:zip_left":"52803","tiger:zip_right":"52803"},"geometry":{"type":"LineString","coordinates":[[-90.5625197,41.5299229],[-90.5625286,41.5318443],[-90.5625364,41.5324612],[-90.5625314,41.5328773]]}},{"type":"Feature","properties":{"id":"way/16034658","highway":"residential","maxspeed":"25 mph","name":"Spalding Boulevard","tiger:cfcc":"A41","tiger:county":"Scott, IA","tiger:name_base":"Spaulding","tiger:name_type":"Blvd","tiger:reviewed":"no","tiger:zip_left":"52804","tiger:zip_right":"52804"},"geometry":{"type":"LineString","coordinates":[[-90.5827608,41.542363],[-90.5828318,41.5423876],[-90.584909,41.542957],[-90.585695,41.543157],[-90.585851,41.543196],[-90.586033,41.543226],[-90.586316,41.543244],[-90.5863517,41.5432444],[-90.586702,41.543248],[-90.587041,41.543221],[-90.587285,41.543177],[-90.58748,41.543121],[-90.587687,41.543031],[-90.587846,41.542928],[-90.588006,41.542759],[-90.58821,41.542543],[-90.588311,41.542401],[-90.588408,41.542267],[-90.5885323,41.5420659],[-90.588571,41.5419413],[-90.588592,41.5418963]]}},{"type":"Feature","properties":{"id":"way/16034860","highway":"residential","maxspeed":"25 mph","name":"Christie Street","surface":"bricks","tiger:cfcc":"A41","tiger:county":"Scott, IA","tiger:name_base":"Christie","tiger:name_type":"St","tiger:reviewed":"no","tiger:zip_left":"52803","tiger:zip_right":"52803"},"geometry":{"type":"LineString","coordinates":[[-90.5454538,41.532142],[-90.545402,41.532661],[-90.545402,41.533153]]}},{"type":"Feature","properties":{"id":"way/16034862","highway":"residential","maxspeed":"25 mph","name":"Christie Street","tiger:cfcc":"A41","tiger:county":"Scott, IA","tiger:name_base":"Christie","tiger:name_type":"St","tiger:reviewed":"no","tiger:zip_left":"52803","tiger:zip_right":"52803"},"geometry":{"type":"LineString","coordinates":[[-90.545119,41.5310893],[-90.5451128,41.5316199],[-90.5451115,41.5317302],[-90.5451101,41.5321391]]}},{"type":"Feature","properties":{"id":"way/16034865","highway":"residential","maxspeed":"25 mph","name":"Christie Street","tiger:cfcc":"A41","tiger:county":"Scott, IA","tiger:name_base":"Christie","tiger:name_type":"St","tiger:reviewed":"no","tiger:zip_left":"52803","tiger:zip_right":"52803"},"geometry":{"type":"LineString","coordinates":[[-90.545402,41.533153],[-90.545326,41.533246],[-90.545284,41.533306],[-90.5452295,41.5334223],[-90.5451848,41.5366863],[-90.5451797,41.5383765]]}},{"type":"Feature","properties":{"id":"way/16034875","highway":"residential","maxspeed":"25 mph","name":"West 12th Street","tiger:cfcc":"A41","tiger:county":"Scott, IA","tiger:name_base":"12th","tiger:name_direction_prefix":"W","tiger:name_type":"St","tiger:reviewed":"no","tiger:zip_left":"52804","tiger:zip_right":"52804"},"geometry":{"type":"LineString","coordinates":[[-90.587428,41.531538],[-90.587454,41.531562],[-90.587516,41.531605],[-90.587617,41.531638],[-90.5879365,41.5316365],[-90.5884614,41.5316337],[-90.58859,41.531633],[-90.588953,41.531632],[-90.589961,41.531632],[-90.5905068,41.5316346],[-90.59081,41.531636],[-90.591499,41.531633],[-90.592085,41.531633],[-90.592993,41.531638],[-90.593879,41.531641],[-90.595467,41.53164],[-90.596316,41.531652],[-90.5972666,41.5316567],[-90.598145,41.531661],[-90.598804,41.531667],[-90.5997889,41.5316757],[-90.6010974,41.5316709],[-90.6012047,41.5316609]]}},{"type":"Feature","properties":{"id":"way/16034877","highway":"residential","maxspeed":"25 mph","name":"West 12th Street","surface":"asphalt"},"geometry":{"type":"LineString","coordinates":[[-90.5755578,41.531943],[-90.576212,41.531949],[-90.576278,41.53195],[-90.5765609,41.5319523],[-90.5767958,41.531951],[-90.57723,41.5319697],[-90.5774932,41.5319704],[-90.5776892,41.5319705],[-90.577838,41.5319702],[-90.5785124,41.5319699],[-90.57918,41.531973],[-90.57989,41.531978]]}},{"type":"Feature","properties":{"id":"way/16034878","highway":"residential","maxspeed":"25 mph","name":"West 12th Street"},"geometry":{"type":"LineString","coordinates":[[-90.5798916,41.532284],[-90.580659,41.5322893]]}},{"type":"Feature","properties":{"id":"way/16034879","highway":"residential","maxspeed":"25 mph","name":"West 12th Street","tiger:cfcc":"A41","tiger:county":"Scott, IA","tiger:name_base":"12th","tiger:name_direction_prefix":"W","tiger:name_type":"St","tiger:reviewed":"no","tiger:separated":"no","tiger:source":"tiger_import_dch_v0.6_20070810","tiger:tlid":"122726890:122726891","tiger:upload_uuid":"bulk_upload.pl-651ea7f4-3bc6-4759-8e6f-67fe900f82a8","tiger:zip_left":"52803","tiger:zip_right":"52804"},"geometry":{"type":"LineString","coordinates":[[-90.5828886,41.532162],[-90.583635,41.532166],[-90.584368,41.53217]]}},{"type":"Feature","properties":{"id":"way/16034938","highway":"residential","maxspeed":"25 mph","name":"Sylvan Avenue","tiger:cfcc":"A41","tiger:county":"Scott, IA","tiger:name_base":"Sylvan","tiger:name_type":"Ave","tiger:reviewed":"no","tiger:zip_left":"52803","tiger:zip_right":"52803"},"geometry":{"type":"LineString","coordinates":[[-90.5624665,41.5272484],[-90.5625362,41.5273559],[-90.562718,41.527763],[-90.56292,41.528193],[-90.563156,41.528694],[-90.563367,41.529126],[-90.56348,41.529391],[-90.563507,41.5294536],[-90.5636783,41.5298096],[-90.563685,41.5298317],[-90.5636877,41.5298608],[-90.5636884,41.5299111]]}},{"type":"Feature","properties":{"id":"way/16034945","highway":"residential","maxspeed":"25 mph","name":"West Beiderbecke Drive","tiger:cfcc":"A41","tiger:county":"Scott, IA","tiger:name_base":"Biederbeck","tiger:name_type":"Dr","tiger:reviewed":"no","tiger:zip_left":"52802","tiger:zip_right":"52802"},"geometry":{"type":"LineString","coordinates":[[-90.575603,41.519483],[-90.5757293,41.5194751],[-90.575875,41.519466],[-90.576413,41.5194291],[-90.577064,41.519367],[-90.5784274,41.5192814],[-90.578546,41.5192739],[-90.5786566,41.519268],[-90.5798459,41.519205],[-90.5799473,41.5191963],[-90.5800658,41.5191846],[-90.5802733,41.5191374],[-90.5802857,41.5191322],[-90.5803664,41.5190983],[-90.5804499,41.5190605],[-90.5805912,41.5189689]]}},{"type":"Feature","properties":{"id":"way/16035049","highway":"residential","maxspeed":"25 mph","name":"West Pleasant Street","surface":"paved","tiger:cfcc":"A41","tiger:county":"Scott, IA","tiger:name_base":"Pleasant","tiger:name_direction_prefix":"W","tiger:name_type":"St","tiger:reviewed":"no"},"geometry":{"type":"LineString","coordinates":[[-90.593763,41.539467],[-90.5938943,41.5394666],[-90.5961106,41.5394607],[-90.5962099,41.5394604],[-90.5963504,41.5394606],[-90.59866,41.539463],[-90.600243,41.539461]]}},{"type":"Feature","properties":{"id":"way/16035050","highway":"residential","maxspeed":"25 mph","name":"West Pleasant Street","tiger:cfcc":"A41","tiger:county":"Scott, IA","tiger:name_base":"Pleasant","tiger:name_direction_prefix":"W","tiger:name_type":"St","tiger:reviewed":"no","tiger:zip_left":"52803","tiger:zip_right":"52803"},"geometry":{"type":"LineString","coordinates":[[-90.5740163,41.5394693],[-90.5747831,41.5394743],[-90.5755807,41.5394715],[-90.5763079,41.5394714],[-90.576603,41.5394712],[-90.5772946,41.5394688],[-90.5773855,41.5394686],[-90.5779168,41.5394675],[-90.5785201,41.539468]]}},{"type":"Feature","properties":{"id":"way/16035172","highway":"residential","maxspeed":"25 mph","name":"West 9 1/2 Street","tiger:cfcc":"A41","tiger:county":"Scott, IA","tiger:name_base":"9 1/2","tiger:name_direction_prefix":"W","tiger:name_type":"St","tiger:reviewed":"no","tiger:zip_left":"52804","tiger:zip_right":"52804"},"geometry":{"type":"LineString","coordinates":[[-90.585866,41.5293293],[-90.586458,41.529326],[-90.586661,41.529349],[-90.5867438,41.5293623],[-90.586848,41.529379],[-90.587372,41.529385]]}},{"type":"Feature","properties":{"id":"way/16035222","highway":"residential","maxspeed":"25 mph","name":"Douglas Court","tiger:cfcc":"A41","tiger:county":"Scott, IA","tiger:name_base":"Douglas","tiger:name_type":"Ct","tiger:reviewed":"no","tiger:separated":"no","tiger:source":"tiger_import_dch_v0.6_20070810","tiger:tlid":"122708556","tiger:upload_uuid":"bulk_upload.pl-651ea7f4-3bc6-4759-8e6f-67fe900f82a8","tiger:zip_left":"52803","tiger:zip_right":"52803"},"geometry":{"type":"LineString","coordinates":[[-90.5659636,41.5371917],[-90.5649726,41.537186]]}},{"type":"Feature","properties":{"id":"way/16035237","highway":"residential","maxspeed":"25 mph","name":"Walling Court","tiger:cfcc":"A41","tiger:county":"Scott, IA","tiger:name_base":"Walling","tiger:name_type":"Ct","tiger:reviewed":"no","tiger:zip_left":"52803","tiger:zip_right":"52803"},"geometry":{"type":"LineString","coordinates":[[-90.5658292,41.538275],[-90.5658211,41.5392241],[-90.5658211,41.5393584],[-90.5657989,41.5394334],[-90.5657548,41.5394957],[-90.5656687,41.5395822],[-90.5655858,41.5396494],[-90.565508,41.539697],[-90.5653378,41.5397804],[-90.5652274,41.5398124],[-90.565002,41.5398519],[-90.564887,41.5398562],[-90.5647856,41.5398538]]}},{"type":"Feature","properties":{"id":"way/16035242","highway":"residential","maxspeed":"25 mph","name":"East 12th Street","tiger:cfcc":"A41","tiger:county":"Scott, IA","tiger:name_base":"12th","tiger:name_direction_prefix":"E","tiger:name_type":"St","tiger:reviewed":"no","tiger:zip_left":"52803","tiger:zip_right":"52803"},"geometry":{"type":"LineString","coordinates":[[-90.5625286,41.5318443],[-90.5618046,41.5318402],[-90.5610595,41.5318483]]}},{"type":"Feature","properties":{"id":"way/16035244","highway":"residential","maxspeed":"25 mph","name":"East 12th Street","tiger:cfcc":"A41","tiger:county":"Scott, IA","tiger:name_base":"12th","tiger:name_direction_prefix":"E","tiger:name_type":"St","tiger:reviewed":"no","tiger:zip_left":"52803","tiger:zip_right":"52803"},"geometry":{"type":"LineString","coordinates":[[-90.574029,41.532002],[-90.5738445,41.5320016],[-90.573363,41.5320006],[-90.572595,41.531999],[-90.5720966,41.5320019],[-90.571919,41.532003],[-90.5711649,41.531999],[-90.5696976,41.5319964],[-90.5682354,41.531987],[-90.5677023,41.5319856],[-90.5675144,41.531975],[-90.5667673,41.5319731],[-90.5660608,41.5319601],[-90.5648398,41.531939]]}},{"type":"Feature","properties":{"id":"way/16035312","highway":"residential","maxspeed":"25 mph","maxweightrating:hgv":"7 st","name":"West 15th Street","oneway":"yes","tiger:cfcc":"A41","tiger:county":"Scott, IA","tiger:name_base":"15th","tiger:name_direction_prefix":"W","tiger:name_type":"St","tiger:reviewed":"no","tiger:zip_left":"52804","tiger:zip_right":"52804"},"geometry":{"type":"LineString","coordinates":[[-90.591458,41.534763],[-90.593843,41.534771],[-90.596277,41.534791],[-90.59709,41.534796],[-90.598083,41.534783],[-90.598758,41.534786],[-90.6004,41.534794],[-90.601202,41.534789]]}},{"type":"Feature","properties":{"id":"way/16035319","highway":"residential","lanes":"1","maxspeed":"25 mph","maxweightrating:hgv":"7 st","name":"West 15th Street","oneway":"yes","tiger:cfcc":"A41","tiger:county":"Scott, IA","tiger:name_base":"15th","tiger:name_direction_prefix":"W","tiger:name_type":"St","tiger:reviewed":"no","tiger:zip_left":"52804","tiger:zip_right":"52804"},"geometry":{"type":"LineString","coordinates":[[-90.57725,41.535103],[-90.57785,41.5351062],[-90.5785027,41.5350969],[-90.57917,41.5350936],[-90.5792082,41.5350934],[-90.5799103,41.5351002],[-90.5827288,41.5350923],[-90.5828595,41.5351101],[-90.5829775,41.5351235],[-90.5853883,41.5351198],[-90.5857796,41.5351128],[-90.5862504,41.5351155],[-90.5863595,41.5351124],[-90.5865781,41.5350937],[-90.5866492,41.5350901],[-90.5869904,41.5350854],[-90.5873414,41.5350849],[-90.5889042,41.5350662],[-90.590781,41.5350668],[-90.591456,41.535067]]}},{"type":"Feature","properties":{"id":"way/16035321","highway":"tertiary","maxspeed":"25 mph","maxweightrating:hgv":"7 st","name":"West 15th Street","oneway":"yes","tiger:cfcc":"A41","tiger:county":"Scott, IA","tiger:name_base":"15th","tiger:name_direction_prefix":"W","tiger:name_type":"St","tiger:reviewed":"no","tiger:zip_left":"52803","tiger:zip_right":"52803"},"geometry":{"type":"LineString","coordinates":[[-90.574057,41.534907],[-90.5744667,41.5349038],[-90.5747,41.534902],[-90.5748462,41.5349011],[-90.5755558,41.534897],[-90.5762536,41.534903],[-90.5766017,41.5349013],[-90.577247,41.534905]]}},{"type":"Feature","properties":{"id":"way/16035400","highway":"residential","maxspeed":"25 mph","name":"East Central Park Avenue","tiger:cfcc":"A41","tiger:county":"Scott, IA","tiger:name_base":"Central Park","tiger:name_direction_prefix":"E","tiger:name_type":"Ave","tiger:reviewed":"no","tiger:zip_left":"52803","tiger:zip_right":"52803"},"geometry":{"type":"LineString","coordinates":[[-90.5442118,41.544283],[-90.5430635,41.5442881]]}},{"type":"Feature","properties":{"id":"way/16035401","highway":"residential","maxspeed":"25 mph","name":"East Central Park Avenue","surface":"concrete","tiger:cfcc":"A41","tiger:county":"Scott, IA","tiger:name_base":"Central Park","tiger:name_direction_prefix":"E","tiger:name_type":"Ave","tiger:reviewed":"no","tiger:zip_left":"52803","tiger:zip_right":"52803"},"geometry":{"type":"LineString","coordinates":[[-90.5418169,41.5442993],[-90.5369864,41.5442589],[-90.5357313,41.5442194],[-90.5345513,41.5442243],[-90.5328914,41.5442362]]}},{"type":"Feature","properties":{"id":"way/16035403","highway":"secondary","lanes":"4","maxspeed":"30 mph","name":"East Central Park Avenue","tiger:cfcc":"A41","tiger:county":"Scott, IA","tiger:name_base":"Central Park","tiger:name_direction_prefix":"E","tiger:name_type":"Ave","tiger:reviewed":"no","tiger:zip_left":"52803","tiger:zip_right":"52803"},"geometry":{"type":"LineString","coordinates":[[-90.5733203,41.5455185],[-90.5725741,41.5455175],[-90.5724131,41.5455217],[-90.5723481,41.5455282]]}},{"type":"Feature","properties":{"id":"way/16035405","highway":"tertiary","lanes":"2","maxspeed":"25 mph","name":"East Central Park Avenue","oneway":"no","tiger:cfcc":"A41","tiger:county":"Scott, IA","tiger:name_base":"Central Park","tiger:name_direction_prefix":"E","tiger:name_type":"Ave","tiger:reviewed":"no","tiger:zip_left":"52803","tiger:zip_right":"52803"},"geometry":{"type":"LineString","coordinates":[[-90.5670778,41.5459217],[-90.565842,41.5459292],[-90.56523,41.5459322],[-90.564644,41.5459352],[-90.564024,41.5459383],[-90.563434,41.5459413],[-90.5628261,41.5459443],[-90.5622081,41.5459474],[-90.5616488,41.5459435],[-90.5610434,41.5459533],[-90.5604042,41.5459565],[-90.5598435,41.5459575],[-90.5579551,41.5459688]]}},{"type":"Feature","properties":{"id":"way/16035407","highway":"residential","maxspeed":"25 mph","name":"East Central Park Avenue","tiger:cfcc":"A41","tiger:county":"Scott, IA","tiger:name_base":"Central Park","tiger:name_direction_prefix":"E","tiger:name_type":"Ave","tiger:reviewed":"no","tiger:separated":"no","tiger:source":"tiger_import_dch_v0.6_20070810","tiger:tlid":"122709291:122709293","tiger:upload_uuid":"bulk_upload.pl-651ea7f4-3bc6-4759-8e6f-67fe900f82a8"},"geometry":{"type":"LineString","coordinates":[[-90.5466033,41.5442016],[-90.5465163,41.5442057],[-90.5464443,41.5442093],[-90.545381,41.544223],[-90.5442126,41.5442237]]}},{"type":"Feature","properties":{"id":"way/16035514","highway":"residential","maxspeed":"25 mph","name":"East Dover Court","oneway":"no","tiger:cfcc":"A41","tiger:county":"Scott, IA","tiger:name_base":"Dover","tiger:name_direction_prefix":"E","tiger:name_type":"Ct","tiger:reviewed":"no","tiger:zip_left":"52803","tiger:zip_right":"52803"},"geometry":{"type":"LineString","coordinates":[[-90.5598688,41.544673],[-90.559222,41.5446709],[-90.55798,41.5446666],[-90.55638,41.544661]]}},{"type":"Feature","properties":{"id":"way/16035515","highway":"residential","maxspeed":"25 mph","name":"East Dover Court","surface":"asphalt"},"geometry":{"type":"LineString","coordinates":[[-90.5707605,41.5442756],[-90.5701153,41.54428],[-90.5694936,41.544275],[-90.568954,41.544278],[-90.5684618,41.5442801],[-90.567776,41.544286],[-90.5672163,41.5442818],[-90.5671173,41.544303],[-90.5664725,41.544315],[-90.566329,41.544312],[-90.565572,41.544317],[-90.5652916,41.5443189],[-90.564671,41.544323]]}},{"type":"Feature","properties":{"id":"way/16035518","highway":"residential","maxspeed":"25 mph","name":"East Dover Court","tiger:cfcc":"A41","tiger:county":"Scott, IA","tiger:name_base":"Dover","tiger:name_direction_prefix":"E","tiger:name_type":"Ct","tiger:reviewed":"no","tiger:zip_left":"52803","tiger:zip_right":"52803"},"geometry":{"type":"LineString","coordinates":[[-90.5727283,41.5445497],[-90.5719668,41.5445461],[-90.5707507,41.544549]]}},{"type":"Feature","properties":{"id":"way/16035548","highway":"residential","maxspeed":"25 mph","name":"Armil Place","tiger:cfcc":"A41","tiger:county":"Scott, IA","tiger:name_base":"Armil","tiger:name_type":"Pl","tiger:reviewed":"no","tiger:zip_left":"52804","tiger:zip_right":"52804"},"geometry":{"type":"LineString","coordinates":[[-90.5836102,41.5435437],[-90.5836088,41.5436121],[-90.5835954,41.5454335],[-90.5835958,41.545521]]}},{"type":"Feature","properties":{"id":"way/16035663","highway":"residential","lanes":"2","maxspeed":"25 mph","name":"Fillmore Street","tiger:cfcc":"A41","tiger:county":"Scott, IA","tiger:name_base":"Fillmore","tiger:name_type":"St","tiger:reviewed":"no","tiger:zip_left":"52802","tiger:zip_right":"52802"},"geometry":{"type":"LineString","coordinates":[[-90.5943364,41.5245976],[-90.594326,41.525154],[-90.594318,41.525658],[-90.594312,41.526214],[-90.5943181,41.52676],[-90.5943127,41.5272885],[-90.594294,41.527818]]}},{"type":"Feature","properties":{"id":"way/16035666","highway":"service","tiger:cfcc":"A41","tiger:county":"Scott, IA","tiger:reviewed":"no","tiger:zip_left":"52802","tiger:zip_right":"52802"},"geometry":{"type":"LineString","coordinates":[[-90.5949865,41.5197297],[-90.595516,41.5211064]]}},{"type":"Feature","properties":{"id":"way/16035717","highway":"residential","maxspeed":"25 mph","name":"West High Street","surface":"paved","tiger:cfcc":"A41","tiger:county":"Scott, IA","tiger:name_base":"High","tiger:name_direction_prefix":"W","tiger:name_type":"St","tiger:reviewed":"no","tiger:zip_left":"52804","tiger:zip_right":"52804"},"geometry":{"type":"LineString","coordinates":[[-90.585707,41.540684],[-90.5858211,41.5406839],[-90.586524,41.540683],[-90.5871733,41.5406821],[-90.587222,41.540682],[-90.5872915,41.540682],[-90.587925,41.540682],[-90.5885314,41.5406813],[-90.5885722,41.5406812],[-90.5886282,41.5406811],[-90.5887076,41.5406812],[-90.5887361,41.5406812],[-90.5893304,41.5406822],[-90.5899287,41.5406821],[-90.590041,41.5406821],[-90.590114,41.540682],[-90.5907078,41.5406812],[-90.5912526,41.5406785],[-90.591355,41.540678],[-90.5915069,41.5406774],[-90.592149,41.540675],[-90.593105,41.540675],[-90.5936481,41.5406759],[-90.593738,41.540676],[-90.5938743,41.540676],[-90.594429,41.540676],[-90.5960611,41.5406732],[-90.596192,41.540673],[-90.5963253,41.5406715],[-90.596819,41.540666],[-90.5985245,41.540666],[-90.598633,41.540666],[-90.5987656,41.540666],[-90.599151,41.540666],[-90.599661,41.540666],[-90.600213,41.540666],[-90.6008876,41.540666],[-90.601006,41.540666],[-90.601165,41.540666],[-90.601579,41.540666],[-90.602131,41.540667],[-90.602427,41.540667],[-90.602694,41.540667],[-90.6030994,41.540669],[-90.603263,41.54067],[-90.603815,41.540677],[-90.6040613,41.540668],[-90.6041294,41.5406655],[-90.6042182,41.5406622]]}},{"type":"Feature","properties":{"id":"way/16035720","highway":"residential","maxspeed":"25 mph","name":"West High Street","tiger:cfcc":"A41","tiger:county":"Scott, IA","tiger:name_base":"High","tiger:name_direction_prefix":"W","tiger:name_type":"St","tiger:reviewed":"no","tiger:zip_left":"52803","tiger:zip_right":"52803"},"geometry":{"type":"LineString","coordinates":[[-90.57398,41.540659],[-90.5747765,41.54066],[-90.5755784,41.5406643],[-90.5764491,41.540666],[-90.5773035,41.5406653],[-90.5778843,41.540663],[-90.57792,41.540663],[-90.5784211,41.5406604],[-90.5785285,41.5406598]]}},{"type":"Feature","properties":{"id":"way/16035724","highway":"residential","maxspeed":"25 mph","name":"West High Street","tiger:cfcc":"A41","tiger:county":"Scott, IA","tiger:name_base":"High","tiger:name_direction_prefix":"W","tiger:name_type":"St","tiger:reviewed":"no","tiger:zip_left":"52804","tiger:zip_right":"52804"},"geometry":{"type":"LineString","coordinates":[[-90.58281,41.5403632],[-90.5828736,41.5403621],[-90.5835551,41.5403626],[-90.5841901,41.540362],[-90.584283,41.540362],[-90.5843478,41.5403621],[-90.584963,41.540363],[-90.5856443,41.5403648],[-90.585712,41.540365]]}},{"type":"Feature","properties":{"id":"way/16035734","highway":"residential","maxspeed":"25 mph","name":"East 5th Street","surface":"paving_stones","tiger:cfcc":"A41","tiger:county":"Scott, IA","tiger:name_base":"5th","tiger:name_direction_prefix":"E","tiger:name_type":"St","tiger:reviewed":"no","tiger:zip_left":"52801","tiger:zip_right":"52801"},"geometry":{"type":"LineString","coordinates":[[-90.5740781,41.5246516],[-90.5739101,41.5246512],[-90.5733428,41.5246498],[-90.5727933,41.5246484],[-90.572625,41.524648]]}},{"type":"Feature","properties":{"id":"way/16035742","highway":"service","service":"alley","tiger:cfcc":"A41","tiger:county":"Scott, IA","tiger:reviewed":"no"},"geometry":{"type":"LineString","coordinates":[[-90.5578621,41.5284752],[-90.556521,41.528484],[-90.5562362,41.5284951]]}},{"type":"Feature","properties":{"id":"way/16035757","highway":"residential","maxspeed":"25 mph","name":"Kraftmeyer Drive","tiger:cfcc":"A41","tiger:county":"Scott, IA","tiger:name_base":"Kraftmeyer","tiger:name_type":"Dr","tiger:reviewed":"no","tiger:separated":"no","tiger:source":"tiger_import_dch_v0.6_20070810","tiger:tlid":"122709371","tiger:upload_uuid":"bulk_upload.pl-651ea7f4-3bc6-4759-8e6f-67fe900f82a8","tiger:zip_left":"52803","tiger:zip_right":"52803"},"geometry":{"type":"LineString","coordinates":[[-90.540071,41.540088],[-90.539984,41.540233],[-90.539988,41.540278],[-90.540017,41.540374],[-90.540197,41.540741],[-90.540299,41.54102],[-90.540338,41.541256],[-90.540348,41.541419],[-90.54034,41.541699]]}},{"type":"Feature","properties":{"id":"way/16035795","highway":"residential","maxspeed":"25 mph","name":"Judson Street","tiger:cfcc":"A41","tiger:county":"Scott, IA","tiger:name_base":"Judson","tiger:name_type":"St","tiger:reviewed":"no","tiger:zip_left":"52803","tiger:zip_right":"52803"},"geometry":{"type":"LineString","coordinates":[[-90.5501901,41.5356792],[-90.5501802,41.536519],[-90.550137,41.537144],[-90.5501359,41.5377756],[-90.5501355,41.5380648]]}},{"type":"Feature","properties":{"id":"way/16035797","highway":"residential","maxspeed":"25 mph","name":"Judson Street","tiger:cfcc":"A41","tiger:county":"Scott, IA","tiger:name_base":"Judson","tiger:name_type":"St","tiger:reviewed":"no","tiger:zip_left":"52803","tiger:zip_right":"52803"},"geometry":{"type":"LineString","coordinates":[[-90.5506088,41.5311348],[-90.5506091,41.5316456],[-90.5506045,41.5321643]]}},{"type":"Feature","properties":{"id":"way/16035804","highway":"residential","maxspeed":"25 mph","name":"Swits Street","tiger:cfcc":"A41","tiger:county":"Scott, IA","tiger:name_base":"Swits","tiger:name_type":"St","tiger:reviewed":"no","tiger:zip_left":"52803","tiger:zip_right":"52803"},"geometry":{"type":"LineString","coordinates":[[-90.5634197,41.5247939],[-90.5622339,41.5255315],[-90.5618791,41.5257444],[-90.5617112,41.5258525],[-90.5615582,41.5259509],[-90.5615163,41.5259779],[-90.5614508,41.5259887]]}},{"type":"Feature","properties":{"id":"way/16035811","highway":"residential","maxspeed":"25 mph","name":"Cambria Court","tiger:cfcc":"A41","tiger:county":"Scott, IA","tiger:name_base":"Cambria","tiger:name_type":"Ct","tiger:reviewed":"no","tiger:zip_left":"52803","tiger:zip_right":"52803"},"geometry":{"type":"LineString","coordinates":[[-90.5614458,41.5256948],[-90.56087,41.5260848],[-90.5606097,41.5262595],[-90.5605617,41.5262917],[-90.5604504,41.5263664],[-90.560258,41.526366]]}},{"type":"Feature","properties":{"id":"way/16035819","highway":"residential","maxspeed":"25 mph","name":"Hayes Court","tiger:cfcc":"A41","tiger:county":"Scott, IA","tiger:name_base":"Hayes","tiger:name_type":"Ct","tiger:reviewed":"no","tiger:separated":"no","tiger:source":"tiger_import_dch_v0.6_20070810","tiger:tlid":"122706961","tiger:upload_uuid":"bulk_upload.pl-651ea7f4-3bc6-4759-8e6f-67fe900f82a8","tiger:zip_left":"52804","tiger:zip_right":"52804"},"geometry":{"type":"LineString","coordinates":[[-90.591202,41.547078],[-90.59249,41.547083]]}},{"type":"Feature","properties":{"id":"way/16035827","highway":"residential","maxspeed":"25 mph","maxweightrating:hgv":"7 st","name":"Florence Lane","tiger:cfcc":"A41","tiger:county":"Scott, IA","tiger:name_base":"Florence","tiger:name_type":"Ln","tiger:reviewed":"no","tiger:zip_left":"52804","tiger:zip_right":"52804"},"geometry":{"type":"LineString","coordinates":[[-90.596145,41.542785],[-90.596825,41.542791],[-90.597161,41.542825],[-90.597435,41.542832],[-90.59801,41.542839],[-90.59858,41.542839],[-90.5992194,41.542839],[-90.59978,41.542839],[-90.600365,41.542839],[-90.6009925,41.542843]]}},{"type":"Feature","properties":{"id":"way/16035927","highway":"residential","maxspeed":"25 mph","name":"Hildreth Street","tiger:cfcc":"A41","tiger:county":"Scott, IA","tiger:name_base":"Hildreth","tiger:name_type":"St","tiger:reviewed":"no","tiger:separated":"no","tiger:source":"tiger_import_dch_v0.6_20070810","tiger:tlid":"122727544:122727545:122727548:122727549","tiger:upload_uuid":"bulk_upload.pl-651ea7f4-3bc6-4759-8e6f-67fe900f82a8","tiger:zip_left":"52803","tiger:zip_right":"52803"},"geometry":{"type":"LineString","coordinates":[[-90.547808,41.5311084],[-90.5478116,41.5316358],[-90.5478151,41.5321528],[-90.5478186,41.5326727],[-90.547822,41.5331619]]}},{"type":"Feature","properties":{"id":"way/16035953","NHS":"yes","highway":"trunk","lanes":"4","maxspeed":"25 mph","name":"Brown Street","ref":"US 67","tiger:cfcc":"A41","tiger:county":"Scott, IA","tiger:name_base":"Brown","tiger:name_type":"St","tiger:reviewed":"no","tiger:zip_left":"52804","tiger:zip_right":"52804"},"geometry":{"type":"LineString","coordinates":[[-90.5844886,41.5201626],[-90.5844877,41.5202529],[-90.584486,41.5202973],[-90.5844761,41.5205489],[-90.584474,41.5207426],[-90.5844732,41.5208188]]}},{"type":"Feature","properties":{"id":"way/16035966","highway":"residential","maxspeed":"25 mph","name":"Brown Street","tiger:cfcc":"A41","tiger:county":"Scott, IA","tiger:name_base":"Brown","tiger:name_type":"St","tiger:reviewed":"no","tiger:zip_left":"52804","tiger:zip_right":"52804"},"geometry":{"type":"LineString","coordinates":[[-90.584302,41.538273],[-90.5843046,41.5383429],[-90.58431,41.538487],[-90.584305,41.538791],[-90.5842838,41.5403048],[-90.584283,41.540362],[-90.5842824,41.5404044],[-90.584273,41.541027],[-90.584242,41.5418291],[-90.5842584,41.5418911]]}},{"type":"Feature","properties":{"id":"way/16035999","highway":"residential","maxspeed":"25 mph","name":"West 7th Street","tiger:cfcc":"A41","tiger:county":"Scott, IA","tiger:name_base":"7th","tiger:name_direction_prefix":"W","tiger:name_type":"St","tiger:reviewed":"no","tiger:zip_left":"52802","tiger:zip_right":"52802"},"geometry":{"type":"LineString","coordinates":[[-90.5785032,41.5268002],[-90.5799549,41.5268005],[-90.5814499,41.5267911],[-90.5815194,41.5267924],[-90.5829399,41.526783],[-90.584418,41.526781]]}},{"type":"Feature","properties":{"id":"way/16036001","highway":"residential","maxspeed":"25 mph","name":"West 7th Street","oneway":"yes","tiger:cfcc":"A41","tiger:county":"Scott, IA","tiger:name_base":"7th","tiger:name_direction_prefix":"W","tiger:name_type":"St","tiger:reviewed":"no","tiger:zip_left":"52803","tiger:zip_right":"52803"},"geometry":{"type":"LineString","coordinates":[[-90.5755773,41.52682],[-90.5752492,41.5268169],[-90.5747767,41.5268122],[-90.5743848,41.5268083],[-90.574054,41.526805]]}},{"type":"Feature","properties":{"id":"way/16036021","highway":"residential","maxspeed":"25 mph","name":"West 16th Street","surface":"asphalt","tiger:cfcc":"A41","tiger:county":"Scott, IA","tiger:name_base":"16th","tiger:name_direction_prefix":"W","tiger:name_type":"St","tiger:reviewed":"no","tiger:zip_left":"52804","tiger:zip_right":"52804"},"geometry":{"type":"LineString","coordinates":[[-90.5772771,41.536169],[-90.5773871,41.5361689],[-90.57785,41.5361685],[-90.5785086,41.5361645],[-90.57918,41.5361643],[-90.5798414,41.5361626],[-90.5799163,41.5361624],[-90.5826962,41.5361558],[-90.5828505,41.5361554],[-90.5830146,41.536155],[-90.5856392,41.5361483],[-90.5857668,41.536148],[-90.5858621,41.5361478],[-90.587302,41.5361442],[-90.5888889,41.5361406],[-90.590772,41.5361358],[-90.591449,41.536134]]}},{"type":"Feature","properties":{"id":"way/16036023","highway":"residential","maxspeed":"25 mph","name":"West 16th Street","surface":"asphalt","tiger:cfcc":"A41","tiger:county":"Scott, IA","tiger:name_base":"16th","tiger:name_direction_prefix":"W","tiger:name_type":"St","tiger:reviewed":"no","tiger:zip_left":"52803","tiger:zip_right":"52803"},"geometry":{"type":"LineString","coordinates":[[-90.5755581,41.5358903],[-90.5756907,41.5358897],[-90.5762581,41.535895],[-90.5770982,41.5358905],[-90.5772748,41.5358896]]}},{"type":"Feature","properties":{"id":"way/16036029","highway":"residential","maxspeed":"25 mph","name":"West 16th Street","tiger:cfcc":"A41","tiger:county":"Scott, IA","tiger:name_base":"16th","tiger:name_direction_prefix":"W","tiger:name_type":"St","tiger:reviewed":"no","tiger:separated":"no","tiger:source":"tiger_import_dch_v0.6_20070810","tiger:tlid":"122706450:122706452:122706474:122707136:122707066:122706468:122706398","tiger:upload_uuid":"bulk_upload.pl-651ea7f4-3bc6-4759-8e6f-67fe900f82a8","tiger:zip_left":"52804","tiger:zip_right":"52804"},"geometry":{"type":"LineString","coordinates":[[-90.591452,41.535798],[-90.593822,41.535817],[-90.596272,41.5358437],[-90.5987651,41.535842],[-90.601192,41.535838],[-90.603615,41.535827],[-90.604735,41.535829],[-90.605492,41.53583],[-90.606232,41.535853]]}},{"type":"Feature","properties":{"id":"way/16036035","highway":"residential","maxspeed":"25 mph","name":"West Dover Court","tiger:cfcc":"A41","tiger:county":"Scott, IA","tiger:name_base":"Dover","tiger:name_direction_prefix":"W","tiger:name_type":"Ct","tiger:reviewed":"no","tiger:separated":"no","tiger:source":"tiger_import_dch_v0.6_20070810","tiger:tlid":"122726724:122726725:122726728:122726729:122726800:122726801:122726796:122726797:122726798","tiger:upload_uuid":"bulk_upload.pl-651ea7f4-3bc6-4759-8e6f-67fe900f82a8","tiger:zip_left":"52803","tiger:zip_right":"52803"},"geometry":{"type":"LineString","coordinates":[[-90.577052,41.544293],[-90.5778112,41.5442935],[-90.577858,41.544293],[-90.5785321,41.5442865],[-90.579192,41.544294],[-90.579839,41.544294],[-90.580433,41.544295],[-90.5810395,41.5442963],[-90.581603,41.544297],[-90.582313,41.544297]]}},{"type":"Feature","properties":{"id":"way/16036054","highway":"residential","maxspeed":"25 mph","name":"Sylvan Court","tiger:cfcc":"A41","tiger:county":"Scott, IA","tiger:name_base":"Sylvan","tiger:name_type":"Ct","tiger:reviewed":"no","tiger:zip_left":"52803","tiger:zip_right":"52803"},"geometry":{"type":"LineString","coordinates":[[-90.5646438,41.5290228],[-90.5645937,41.5290268],[-90.5634433,41.5291192],[-90.563367,41.529126]]}},{"type":"Feature","properties":{"id":"way/16036065","highway":"residential","maxspeed":"25 mph","name":"Priester Drive","tiger:cfcc":"A41","tiger:county":"Scott, IA","tiger:name_base":"Priester","tiger:name_type":"Dr","tiger:reviewed":"no","tiger:separated":"no","tiger:source":"tiger_import_dch_v0.6_20070810","tiger:tlid":"122725116:122725117:122708016","tiger:upload_uuid":"bulk_upload.pl-651ea7f4-3bc6-4759-8e6f-67fe900f82a8","tiger:zip_left":"52802","tiger:zip_right":"52802"},"geometry":{"type":"LineString","coordinates":[[-90.5865185,41.5182363],[-90.587044,41.518229],[-90.5886371,41.5182206]]}},{"type":"Feature","properties":{"id":"way/16036113","highway":"service","service":"driveway"},"geometry":{"type":"LineString","coordinates":[[-90.586706,41.530612],[-90.58673,41.530689],[-90.586803,41.530724],[-90.587169,41.530841],[-90.587366,41.530873]]}},{"type":"Feature","properties":{"id":"way/16036114","highway":"service","name":"Busch Avenue","service":"alley","tiger:cfcc":"A41","tiger:county":"Scott, IA","tiger:name_base":"Busch","tiger:name_type":"Ave","tiger:reviewed":"no","tiger:zip_left":"52803","tiger:zip_right":"52803"},"geometry":{"type":"LineString","coordinates":[[-90.542487,41.533818],[-90.542531,41.532637]]}},{"type":"Feature","properties":{"id":"way/16036136","highway":"residential","maxspeed":"25 mph","name":"Myrtle Street","tiger:cfcc":"A41","tiger:county":"Scott, IA","tiger:name_base":"Myrtle","tiger:name_type":"St","tiger:reviewed":"no","tiger:zip_left":"52802","tiger:zip_right":"52802"},"geometry":{"type":"LineString","coordinates":[[-90.5891607,41.5213002],[-90.5891597,41.5213803],[-90.5891728,41.5218385],[-90.5891699,41.5223883]]}},{"type":"Feature","properties":{"id":"way/16036139","highway":"residential","maxspeed":"25 mph","name":"Myrtle Street","tiger:cfcc":"A41","tiger:county":"Scott, IA","tiger:name_base":"Myrtle","tiger:name_type":"St","tiger:reviewed":"no","tiger:zip_left":"52802","tiger:zip_right":"52802"},"geometry":{"type":"LineString","coordinates":[[-90.5888794,41.5213057],[-90.5888797,41.5212319],[-90.5888814,41.5208066],[-90.5888896,41.520495],[-90.58889,41.520481],[-90.5888836,41.520177],[-90.5888819,41.5200989],[-90.5888806,41.5199976]]}},{"type":"Feature","properties":{"id":"way/16036148","highway":"residential","maxspeed":"25 mph","name":"Myrtle Street","tiger:cfcc":"A41","tiger:county":"Scott, IA","tiger:name_base":"Myrtle","tiger:name_direction_prefix":"N","tiger:name_type":"St","tiger:reviewed":"no","tiger:zip_left":"52804","tiger:zip_right":"52804"},"geometry":{"type":"LineString","coordinates":[[-90.5886897,41.5382505],[-90.5886878,41.5383258],[-90.5886762,41.5387873],[-90.588661,41.5393863],[-90.5886601,41.5394206],[-90.5886587,41.5394762],[-90.5886577,41.5395177],[-90.5886569,41.5395492],[-90.5886295,41.540629],[-90.5886282,41.5406811],[-90.5886271,41.5407226],[-90.5886168,41.5418283],[-90.588592,41.5418963]]}},{"type":"Feature","properties":{"id":"way/16036150","highway":"residential","maxspeed":"25 mph","name":"Myrtle Street","surface":"asphalt"},"geometry":{"type":"LineString","coordinates":[[-90.588953,41.531632],[-90.5889519,41.5317124],[-90.5889504,41.531815],[-90.5889466,41.5320828],[-90.5889424,41.532379],[-90.5889411,41.532467],[-90.5889337,41.532986],[-90.5889263,41.5335114],[-90.5889189,41.5340331],[-90.5889115,41.534553],[-90.5889042,41.5350662],[-90.5888962,41.535629],[-90.5888889,41.5361406],[-90.5888814,41.5366681],[-90.588874,41.5371905],[-90.5888666,41.5377103],[-90.5888588,41.5382535]]}},{"type":"Feature","properties":{"id":"way/16036151","highway":"residential","maxspeed":"25 mph","name":"Myrtle Street","tiger:cfcc":"A41","tiger:county":"Scott, IA","tiger:name_base":"Myrtle","tiger:name_direction_prefix":"N","tiger:name_type":"St","tiger:reviewed":"no","tiger:zip_left":"52804","tiger:zip_right":"52802"},"geometry":{"type":"LineString","coordinates":[[-90.589131,41.528862],[-90.589139,41.529396],[-90.589147,41.529914]]}},{"type":"Feature","properties":{"id":"way/16036152","highway":"residential","maxspeed":"25 mph","name":"Myrtle Street","tiger:cfcc":"A41","tiger:county":"Scott, IA","tiger:name_base":"Myrtle","tiger:name_type":"St","tiger:reviewed":"no"},"geometry":{"type":"LineString","coordinates":[[-90.589524,41.524078],[-90.5895428,41.5245398]]}},{"type":"Feature","properties":{"id":"way/16036153","highway":"residential","maxspeed":"25 mph","name":"Myrtle Street","tiger:cfcc":"A41","tiger:county":"Scott, IA","tiger:name_base":"Myrtle","tiger:name_direction_prefix":"N","tiger:name_type":"St","tiger:reviewed":"no","tiger:zip_left":"52804","tiger:zip_right":"52804"},"geometry":{"type":"LineString","coordinates":[[-90.588815,41.542844],[-90.5888131,41.5429159],[-90.588789,41.543807],[-90.588787,41.5441699],[-90.588786,41.544235],[-90.5887864,41.5443109],[-90.5887926,41.5454356],[-90.588793,41.545518]]}},{"type":"Feature","properties":{"id":"way/16036173","highway":"residential","maxspeed":"25 mph","name":"East High Street","tiger:cfcc":"A41","tiger:county":"Scott, IA","tiger:name_base":"High","tiger:name_direction_prefix":"E","tiger:name_type":"St","tiger:reviewed":"no","tiger:zip_left":"52803","tiger:zip_right":"52803"},"geometry":{"type":"LineString","coordinates":[[-90.5442544,41.5403121],[-90.541622,41.540332],[-90.541478,41.5403324],[-90.541346,41.5403344]]}},{"type":"Feature","properties":{"id":"way/16036175","highway":"residential","maxspeed":"25 mph","name":"East High Street","oneway":"no","surface":"brick","tiger:cfcc":"A41","tiger:county":"Scott, IA","tiger:name_base":"High","tiger:name_direction_prefix":"E","tiger:name_type":"St","tiger:reviewed":"no","tiger:zip_left":"52803","tiger:zip_right":"52803"},"geometry":{"type":"LineString","coordinates":[[-90.564755,41.540962],[-90.5634775,41.5409579],[-90.5629154,41.5409581],[-90.5628962,41.5409581],[-90.5623733,41.54096],[-90.5623093,41.540962],[-90.5615805,41.5409633],[-90.5611754,41.540962],[-90.5599178,41.540977],[-90.558709,41.540952],[-90.5582173,41.5409399],[-90.558099,41.5409357]]}},{"type":"Feature","properties":{"id":"way/16036177","highway":"residential","maxspeed":"25 mph","name":"East High Street","tiger:cfcc":"A41","tiger:county":"Scott, IA","tiger:name_base":"High","tiger:name_direction_prefix":"E","tiger:name_type":"St","tiger:reviewed":"no","tiger:separated":"no","tiger:source":"tiger_import_dch_v0.6_20070810","tiger:tlid":"122708552:122727116:122727118:122727119:122727124:122727125:122727220:122727221:122708444:122708445","tiger:upload_uuid":"bulk_upload.pl-651ea7f4-3bc6-4759-8e6f-67fe900f82a8","tiger:zip_left":"52803","tiger:zip_right":"52803"},"geometry":{"type":"LineString","coordinates":[[-90.5708052,41.5407249],[-90.570132,41.540725],[-90.5696789,41.5407217],[-90.5695706,41.5407225],[-90.5690796,41.540723],[-90.5685175,41.5407261],[-90.567883,41.540728],[-90.567196,41.5407235],[-90.566371,41.540712],[-90.5656522,41.5407086],[-90.564763,41.540695]]}},{"type":"Feature","properties":{"id":"way/16036252","highway":"residential","maxspeed":"25 mph","name":"Highland Park Court","tiger:cfcc":"A41","tiger:county":"Scott, IA","tiger:name_base":"Highland Park","tiger:name_type":"Ct","tiger:reviewed":"no","tiger:separated":"no","tiger:source":"tiger_import_dch_v0.6_20070810","tiger:tlid":"122721226","tiger:upload_uuid":"bulk_upload.pl-651ea7f4-3bc6-4759-8e6f-67fe900f82a8","tiger:zip_left":"52803","tiger:zip_right":"52803"},"geometry":{"type":"LineString","coordinates":[[-90.549907,41.543402],[-90.5495137,41.5437178]]}},{"type":"Feature","properties":{"id":"way/16036257","highway":"residential","maxspeed":"25 mph","name":"Sheridan Street","tiger:cfcc":"A41","tiger:county":"Scott, IA","tiger:name_base":"Sheridan","tiger:name_type":"St","tiger:reviewed":"no","tiger:zip_left":"52803","tiger:zip_right":"52803"},"geometry":{"type":"LineString","coordinates":[[-90.574464,41.546038],[-90.57445,41.546676],[-90.57443,41.547642],[-90.574409,41.548625],[-90.5743974,41.5496588],[-90.574383,41.550165],[-90.574373,41.550667],[-90.5743642,41.5511516],[-90.574364,41.551164],[-90.574359,41.551659],[-90.574354,41.55218],[-90.574349,41.552717]]}},{"type":"Feature","properties":{"id":"way/16036264","highway":"residential","maxspeed":"25 mph","name":"East 8th Street","surface":"bricks","tiger:cfcc":"A41","tiger:county":"Scott, IA","tiger:name_base":"8th","tiger:name_direction_prefix":"E","tiger:name_type":"St","tiger:reviewed":"no","tiger:zip_left":"52803","tiger:zip_right":"52803"},"geometry":{"type":"LineString","coordinates":[[-90.57115,41.527827],[-90.570902,41.5278257],[-90.5697035,41.5278193],[-90.5689752,41.5278132],[-90.5682495,41.5278137],[-90.5667711,41.5277967]]}},{"type":"Feature","properties":{"id":"way/16036265","highway":"residential","maxspeed":"25 mph","name":"East 8th Street","surface":"brick","tiger:cfcc":"A41","tiger:county":"Scott, IA","tiger:name_base":"8th","tiger:name_direction_prefix":"E","tiger:name_type":"St","tiger:reviewed":"no","tiger:zip_left":"52803","tiger:zip_right":"52803"},"geometry":{"type":"LineString","coordinates":[[-90.5667788,41.5276492],[-90.5660413,41.5276377],[-90.5659544,41.5276402],[-90.5647341,41.5276496]]}},{"type":"Feature","properties":{"id":"way/16036266","highway":"residential","maxspeed":"25 mph","name":"Fillmore Lane","oneway":"yes","tiger:cfcc":"A41","tiger:county":"Scott, IA","tiger:name_base":"Fillmore","tiger:name_type":"Ln","tiger:reviewed":"no","tiger:zip_left":"52804","tiger:zip_right":"52804"},"geometry":{"type":"LineString","coordinates":[[-90.5950549,41.5368751],[-90.5950232,41.5382604]]}},{"type":"Feature","properties":{"id":"way/16036267","highway":"residential","maxspeed":"25 mph","name":"Fillmore Lane","tiger:cfcc":"A41","tiger:county":"Scott, IA","tiger:name_base":"Fillmore","tiger:name_type":"Ln","tiger:reviewed":"no","tiger:separated":"no","tiger:source":"tiger_import_dch_v0.6_20070810","tiger:tlid":"122726400:122726401:122706927:122726424:122726425","tiger:upload_uuid":"bulk_upload.pl-651ea7f4-3bc6-4759-8e6f-67fe900f82a8","tiger:zip_left":"52804","tiger:zip_right":"52804"},"geometry":{"type":"LineString","coordinates":[[-90.59498,41.54551],[-90.594936,41.546567],[-90.594914,41.547848],[-90.594907,41.548245],[-90.594888,41.548645],[-90.594873,41.54883],[-90.594825,41.548965],[-90.594747,41.549058],[-90.593672,41.550097],[-90.593336,41.550422]]}},{"type":"Feature","properties":{"id":"way/16036303","highway":"residential","maxspeed":"25 mph","name":"West 10 1/2 Street","tiger:cfcc":"A41","tiger:county":"Scott, IA","tiger:name_base":"10 1/2","tiger:name_direction_prefix":"W","tiger:name_type":"St","tiger:reviewed":"no","tiger:separated":"no","tiger:source":"tiger_import_dch_v0.6_20070810","tiger:tlid":"122707442","tiger:upload_uuid":"bulk_upload.pl-651ea7f4-3bc6-4759-8e6f-67fe900f82a8","tiger:zip_left":"52803","tiger:zip_right":"52803"},"geometry":{"type":"LineString","coordinates":[[-90.579932,41.530444],[-90.581268,41.530445]]}},{"type":"Feature","properties":{"id":"way/16036319","highway":"residential","maxspeed":"25 mph","name":"Glen Place","tiger:cfcc":"A41","tiger:county":"Scott, IA","tiger:name_base":"Glen","tiger:name_type":"Pl","tiger:reviewed":"no","tiger:zip_left":"52804","tiger:zip_right":"52804"},"geometry":{"type":"LineString","coordinates":[[-90.584781,41.543861],[-90.5847808,41.5439511],[-90.5847527,41.5454281],[-90.584751,41.545519]]}},{"type":"Feature","properties":{"id":"way/16036373","alt_name":"North Perry Street","highway":"residential","maxspeed":"25 mph","name":"Perry Street","tiger:cfcc":"A41","tiger:county":"Scott, IA","tiger:name_base":"Perry","tiger:name_direction_prefix":"N","tiger:name_type":"St","tiger:reviewed":"no","tiger:zip_left":"52803","tiger:zip_right":"52803"},"geometry":{"type":"LineString","coordinates":[[-90.572634,41.525707],[-90.572629,41.526275],[-90.572624,41.526791],[-90.5726235,41.5268632],[-90.5726162,41.5278424],[-90.5726158,41.5279018],[-90.572614,41.52815],[-90.5726157,41.5286244],[-90.572616,41.5287278],[-90.5726163,41.5288262],[-90.572617,41.5291364],[-90.5726268,41.5291755],[-90.572618,41.529325],[-90.5726178,41.5293984],[-90.5726165,41.5298065],[-90.5726163,41.529859],[-90.5726166,41.5301428],[-90.5726169,41.530446],[-90.572617,41.530562],[-90.57261,41.5309463],[-90.572597,41.531488],[-90.572595,41.531999],[-90.572593,41.532527],[-90.5725989,41.5330484],[-90.5726021,41.5334473],[-90.572607,41.534072],[-90.5726406,41.5351158],[-90.572647,41.5356913],[-90.5726436,41.5360184],[-90.5726426,41.5361113],[-90.5726416,41.5362237],[-90.5726422,41.5363011],[-90.5726458,41.5367803],[-90.5726423,41.537129],[-90.5726467,41.5375065]]}},{"type":"Feature","properties":{"id":"way/16036376","alt_name":"North Perry Street","highway":"residential","maxspeed":"25 mph","name":"Perry Street","tiger:cfcc":"A41","tiger:county":"Scott, IA","tiger:name_base":"Perry","tiger:name_direction_prefix":"N","tiger:name_type":"St","tiger:reviewed":"no","tiger:zip_left":"52803","tiger:zip_right":"52803"},"geometry":{"type":"LineString","coordinates":[[-90.5727473,41.5382815],[-90.5727396,41.5387249],[-90.5727215,41.5397789]]}},{"type":"Feature","properties":{"id":"way/16036398","highway":"residential","maxspeed":"25 mph","name":"West Rusholme Street","tiger:cfcc":"A41","tiger:county":"Scott, IA","tiger:name_base":"Rusholme","tiger:name_direction_prefix":"W","tiger:name_type":"St","tiger:reviewed":"no","tiger:zip_left":"52804","tiger:zip_right":"52804"},"geometry":{"type":"LineString","coordinates":[[-90.577145,41.543081],[-90.5778668,41.5430791],[-90.578524,41.543078],[-90.579188,41.543076],[-90.579855,41.543075],[-90.580452,41.543074],[-90.5810595,41.5430762],[-90.581624,41.543079],[-90.581734,41.543079],[-90.581943,41.543095],[-90.5822707,41.5431836],[-90.58235,41.543205],[-90.5824427,41.5432304],[-90.583022,41.543389],[-90.5836102,41.5435437],[-90.5842,41.543702],[-90.584781,41.543861],[-90.5853635,41.5440204],[-90.585625,41.544092],[-90.5858681,41.5441368],[-90.5859611,41.544154],[-90.586079,41.5441786],[-90.5861273,41.5441886],[-90.586563,41.544231],[-90.587869,41.544231],[-90.588223,41.544232],[-90.588725,41.5442347],[-90.588786,41.544235],[-90.5888974,41.5442353],[-90.589386,41.544239],[-90.5899036,41.5442424],[-90.5900108,41.5442431],[-90.5900878,41.5442432],[-90.5906042,41.5442442],[-90.591263,41.544252]]}},{"type":"Feature","properties":{"id":"way/16036442","highway":"residential","maxspeed":"25 mph","name":"East 16th Street","tiger:cfcc":"A41","tiger:county":"Scott, IA","tiger:name_base":"16th","tiger:name_direction_prefix":"E","tiger:name_type":"St","tiger:reviewed":"no","tiger:zip_left":"52803","tiger:zip_right":"52803"},"geometry":{"type":"LineString","coordinates":[[-90.552245,41.536597],[-90.552176,41.536554],[-90.552085,41.536541],[-90.551919,41.536541],[-90.5516178,41.5365574],[-90.5515486,41.5365409],[-90.5514644,41.5365164],[-90.5508724,41.536515],[-90.5501802,41.536519],[-90.5491558,41.5365291]]}},{"type":"Feature","properties":{"id":"way/16036444","highway":"residential","maxspeed":"25 mph","name":"East 16th Street","tiger:cfcc":"A41","tiger:county":"Scott, IA","tiger:name_base":"16th","tiger:name_direction_prefix":"E","tiger:name_type":"St","tiger:reviewed":"no","tiger:separated":"no","tiger:source":"tiger_import_dch_v0.6_20070810","tiger:tlid":"122709324","tiger:upload_uuid":"bulk_upload.pl-651ea7f4-3bc6-4759-8e6f-67fe900f82a8","tiger:zip_left":"52803","tiger:zip_right":"52803"},"geometry":{"type":"LineString","coordinates":[[-90.546589,41.536719],[-90.5451848,41.5366863]]}},{"type":"Feature","properties":{"id":"way/16036451","highway":"residential","maxspeed":"25 mph","name":"Fair Avenue","tiger:cfcc":"A41","tiger:county":"Scott, IA","tiger:name_base":"Fair","tiger:name_type":"Ave","tiger:reviewed":"no","tiger:separated":"no","tiger:source":"tiger_import_dch_v0.6_20070810","tiger:tlid":"122706909:122707358:122707359:122706910:122706896:122726824:122726825","tiger:upload_uuid":"bulk_upload.pl-651ea7f4-3bc6-4759-8e6f-67fe900f82a8","tiger:zip_left":"52803","tiger:zip_right":"52803"},"geometry":{"type":"LineString","coordinates":[[-90.5733203,41.5455185],[-90.573279,41.546039],[-90.573267,41.546671],[-90.573248,41.547633],[-90.573229,41.548617],[-90.5732207,41.5496614],[-90.573212,41.550667],[-90.573209,41.551173],[-90.573156,41.552741]]}},{"type":"Feature","properties":{"id":"way/16036532","highway":"tertiary","lanes":"2","maxspeed":"25 mph","name":"Washington Street","tiger:cfcc":"A41","tiger:county":"Scott, IA","tiger:name_base":"Washington","tiger:name_type":"St","tiger:reviewed":"no","tiger:zip_left":"52804","tiger:zip_right":"52804"},"geometry":{"type":"LineString","coordinates":[[-90.596301,41.532701],[-90.596305,41.533221],[-90.596303,41.53374],[-90.59629,41.5342705],[-90.596277,41.534791],[-90.596265,41.535304],[-90.596272,41.5358437],[-90.5962692,41.5363581],[-90.5962642,41.5368862],[-90.5962628,41.5371035],[-90.5962596,41.5376034],[-90.596252,41.5380612],[-90.5962487,41.5382614]]}},{"type":"Feature","properties":{"id":"way/16036535","highway":"residential","maxspeed":"25 mph","name":"Washington Street","tiger:cfcc":"A41","tiger:county":"Scott, IA","tiger:name_base":"Washington","tiger:name_type":"St","tiger:reviewed":"no","tiger:separated":"no","tiger:source":"tiger_import_dch_v0.6_20070810","tiger:tlid":"122724954:122724955","tiger:upload_uuid":"bulk_upload.pl-651ea7f4-3bc6-4759-8e6f-67fe900f82a8","tiger:zip_left":"52804","tiger:zip_right":"52804"},"geometry":{"type":"LineString","coordinates":[[-90.597071,41.5249012],[-90.597068,41.525188],[-90.597066,41.525716],[-90.5970668,41.526234],[-90.5970558,41.526763],[-90.597036,41.527277],[-90.597026,41.5278],[-90.597013,41.528399],[-90.597009,41.52894],[-90.597006,41.529511]]}},{"type":"Feature","properties":{"id":"way/16036536","highway":"residential","maxspeed":"25 mph","name":"Washington Street","tiger:cfcc":"A41","tiger:county":"Scott, IA","tiger:name_base":"Washington","tiger:name_type":"St","tiger:reviewed":"no","tiger:separated":"no","tiger:source":"tiger_import_dch_v0.6_20070810","tiger:tlid":"122717627:122724962:122724963:122725088:122725089","tiger:upload_uuid":"bulk_upload.pl-651ea7f4-3bc6-4759-8e6f-67fe900f82a8","tiger:zip_left":"52802","tiger:zip_right":"52802"},"geometry":{"type":"LineString","coordinates":[[-90.5967638,41.5209039],[-90.5967644,41.5217986],[-90.5967671,41.5223457],[-90.5967624,41.5228872],[-90.5967642,41.5234519]]}},{"type":"Feature","properties":{"id":"way/16036550","highway":"residential","maxspeed":"25 mph","name":"Dubuque Street","tiger:cfcc":"A41","tiger:county":"Scott, IA","tiger:name_base":"Dubuque","tiger:name_type":"St","tiger:reviewed":"no","tiger:zip_left":"52803","tiger:zip_right":"52803"},"geometry":{"type":"LineString","coordinates":[[-90.5717656,41.5469844],[-90.5718547,41.5470044],[-90.5718875,41.5470269],[-90.5718984,41.5470589],[-90.5719038,41.547095],[-90.5718936,41.547624],[-90.571833,41.548607],[-90.571822,41.548799],[-90.571837,41.548989],[-90.57188,41.549118],[-90.5718837,41.54967],[-90.571877,41.550665],[-90.571875,41.550954],[-90.571853,41.551847],[-90.571824,41.552769]]}},{"type":"Feature","properties":{"id":"way/16036608","highway":"residential","maxspeed":"25 mph","name":"Western Avenue","surface":"brick","tiger:cfcc":"A41","tiger:county":"Scott, IA","tiger:name_base":"Western","tiger:name_type":"Ave","tiger:reviewed":"no"},"geometry":{"type":"LineString","coordinates":[[-90.5814499,41.5267911],[-90.5814429,41.5262721]]}},{"type":"Feature","properties":{"id":"way/16036612","highway":"residential","maxspeed":"25 mph","name":"Western Avenue","tiger:cfcc":"A41","tiger:county":"Scott, IA","tiger:name_base":"Western","tiger:name_type":"Ave","tiger:reviewed":"no","tiger:zip_left":"52803","tiger:zip_right":"52803"},"geometry":{"type":"LineString","coordinates":[[-90.5806662,41.531481],[-90.580659,41.5322893]]}},{"type":"Feature","properties":{"id":"way/16036620","highway":"residential","maxspeed":"25 mph","name":"Western Avenue","tiger:cfcc":"A41","tiger:county":"Scott, IA","tiger:name_base":"Western","tiger:name_type":"Ave","tiger:reviewed":"no","tiger:zip_left":"52803","tiger:zip_right":"52803"},"geometry":{"type":"LineString","coordinates":[[-90.5815477,41.548657],[-90.5815351,41.5491612],[-90.5815244,41.54959],[-90.581513,41.5500459],[-90.581503,41.550446],[-90.581491,41.550928],[-90.5814802,41.5513601],[-90.5814693,41.5517958],[-90.5814575,41.5522691],[-90.5814457,41.5527404]]}},{"type":"Feature","properties":{"id":"way/16036622","highway":"residential","maxspeed":"25 mph","name":"Western Avenue","surface":"brick","tiger:cfcc":"A41","tiger:county":"Scott, IA","tiger:name_base":"Western","tiger:name_type":"Ave","tiger:reviewed":"no","tiger:zip_left":"52803","tiger:zip_right":"52803"},"geometry":{"type":"LineString","coordinates":[[-90.5815194,41.5267924],[-90.5815147,41.5273118],[-90.5815141,41.5278332]]}},{"type":"Feature","properties":{"id":"way/16036624","highway":"residential","maxspeed":"25 mph","name":"Western Avenue","tiger:cfcc":"A41","tiger:county":"Scott, IA","tiger:name_base":"Western","tiger:name_type":"Ave","tiger:reviewed":"no","tiger:zip_left":"52803","tiger:zip_right":"52803"},"geometry":{"type":"LineString","coordinates":[[-90.5810845,41.5418648],[-90.5810595,41.5430762],[-90.5810395,41.5442963],[-90.5810393,41.5455178],[-90.5810195,41.5466914],[-90.581002,41.5478513]]}},{"type":"Feature","properties":{"id":"way/16036691","highway":"residential","maxspeed":"25 mph","name":"Prospect Drive","tiger:cfcc":"A41","tiger:county":"Scott, IA","tiger:name_base":"Prospect","tiger:name_type":"Dr","tiger:reviewed":"no","tiger:zip_left":"52803","tiger:zip_left_1":"52803","tiger:zip_right":"52803"},"geometry":{"type":"LineString","coordinates":[[-90.5538251,41.528699],[-90.5525191,41.5287005],[-90.5524192,41.5287148],[-90.5523,41.528724],[-90.5519404,41.5287214],[-90.5518029,41.5287352],[-90.5516801,41.5287718]]}},{"type":"Feature","properties":{"id":"way/16036692","highway":"residential","maxspeed":"25 mph","name":"Prospect Drive","tiger:cfcc":"A41","tiger:county":"Scott, IA","tiger:name_base":"Prospect","tiger:name_type":"Dr","tiger:reviewed":"no","tiger:zip_left":"52803","tiger:zip_left_1":"52803","tiger:zip_right":"52803"},"geometry":{"type":"LineString","coordinates":[[-90.5517222,41.5293749],[-90.5515891,41.5293958],[-90.5514722,41.5294109],[-90.5514025,41.5294199],[-90.551166,41.5294826],[-90.5509395,41.5295316],[-90.5508461,41.5295789],[-90.5507744,41.5296285],[-90.550731,41.529671]]}},{"type":"Feature","properties":{"id":"way/16036735","highway":"tertiary","lanes":"2","maxspeed":"30 mph","maxweightrating:hgv":"7 st","name":"Gaines Street","tiger:cfcc":"A41","tiger:county":"Scott, IA","tiger:name_base":"Gaines","tiger:name_direction_prefix":"N","tiger:name_type":"St","tiger:reviewed":"no","tiger:zip_left":"52804","tiger:zip_right":"52804"},"geometry":{"type":"LineString","coordinates":[[-90.5829601,41.5246426],[-90.5829552,41.5251709],[-90.5829503,41.5256899],[-90.5829492,41.5258043],[-90.5829449,41.526256],[-90.5829399,41.526783],[-90.5829349,41.527303],[-90.58293,41.527822],[-90.582925,41.5283391],[-90.5829335,41.5288389],[-90.582913,41.5309529],[-90.5828886,41.532162],[-90.5828805,41.533008],[-90.5828707,41.5340441],[-90.5828656,41.5345704],[-90.5828595,41.5351101],[-90.5828556,41.5356216],[-90.5828505,41.5361554],[-90.5828454,41.5366967],[-90.5828405,41.5372055],[-90.5828355,41.5377331],[-90.5828331,41.5379792],[-90.5828303,41.5382781],[-90.582828,41.538513],[-90.5828254,41.5387853],[-90.5828228,41.5390592],[-90.5828151,41.5398703],[-90.5828132,41.5402512],[-90.58281,41.5403632],[-90.5828016,41.5412907],[-90.5828011,41.5413417],[-90.5827909,41.5418091],[-90.5827992,41.5418703]]}},{"type":"Feature","properties":{"id":"way/16036741","highway":"residential","maxspeed":"25 mph","name":"Gaines Street","tiger:cfcc":"A41","tiger:county":"Scott, IA","tiger:name_base":"Gaines","tiger:name_direction_prefix":"N","tiger:name_type":"St","tiger:reviewed":"no"},"geometry":{"type":"LineString","coordinates":[[-90.582725,41.549169],[-90.5827959,41.5492491],[-90.5827655,41.5504642],[-90.5827525,41.5509325],[-90.5827415,41.55136],[-90.5827387,41.551805],[-90.5827379,41.5522622],[-90.5827377,41.5527015]]}},{"type":"Feature","properties":{"id":"way/16036774","highway":"service","service":"alley"},"geometry":{"type":"LineString","coordinates":[[-90.5561071,41.5411492],[-90.554569,41.541033],[-90.553679,41.54101],[-90.552137,41.541007],[-90.5515081,41.54101]]}},{"type":"Feature","properties":{"id":"way/16036776","highway":"residential","maxspeed":"25 mph","name":"Elm Street","tiger:cfcc":"A41","tiger:county":"Scott, IA","tiger:name_base":"Elm","tiger:name_type":"St","tiger:reviewed":"no","tiger:zip_left":"52803","tiger:zip_right":"52803"},"geometry":{"type":"LineString","coordinates":[[-90.5561066,41.541485],[-90.5558876,41.5415078],[-90.5555761,41.5415015],[-90.5544507,41.5414427],[-90.5536777,41.541443],[-90.5535504,41.5414503],[-90.5521268,41.5414537],[-90.5515084,41.5414552]]}},{"type":"Feature","properties":{"id":"way/21989613","highway":"tertiary","lanes":"2","maxheight":"11'0\"","surface":"paved","tiger:cfcc":"A41","tiger:county":"Rock Island, IL"},"geometry":{"type":"LineString","coordinates":[[-90.5655545,41.5170918],[-90.5656141,41.5171859]]}},{"type":"Feature","properties":{"id":"way/21989855","access":"private","highway":"unclassified","name":"East Pershing Circle","tiger:cfcc":"A41","tiger:county":"Rock Island, IL","tiger:reviewed":"no"},"geometry":{"type":"LineString","coordinates":[[-90.548549,41.5177402],[-90.5485752,41.5183746],[-90.5485835,41.5184388],[-90.5485949,41.5185475],[-90.5486108,41.5186236],[-90.5486348,41.5186765],[-90.5486823,41.518739],[-90.5487415,41.5187975],[-90.5488544,41.5188839],[-90.5489025,41.5189342],[-90.5489197,41.5189692],[-90.5489285,41.5190153],[-90.5489406,41.5190793],[-90.5489523,41.5191457]]}},{"type":"Feature","properties":{"id":"way/21990616","access":"private","highway":"unclassified","maxspeed":"25 mph","name":"Rock Island Avenue","oneway":"no","tiger:cfcc":"A41","tiger:county":"Rock Island, IL","tiger:reviewed":"no"},"geometry":{"type":"LineString","coordinates":[[-90.5635601,41.5144606],[-90.5635632,41.5145223],[-90.563549,41.5145783],[-90.563533,41.5146409],[-90.5634036,41.5149262],[-90.5633822,41.5150144],[-90.5633764,41.5150826],[-90.5633662,41.5152339],[-90.5633481,41.5154931],[-90.5633456,41.5155294],[-90.5633254,41.5160607],[-90.563322,41.5160854],[-90.5633073,41.5161918],[-90.5632705,41.5163335],[-90.5632115,41.5164825],[-90.5631632,41.5165765]]}},{"type":"Feature","properties":{"id":"way/21990618","bridge":"yes","highway":"tertiary","lanes":"2","layer":"1","maxspeed":"25 mph","name":"24th Street","tiger:cfcc":"A41","tiger:county":"Rock Island, IL","tiger:name_base":"24th","tiger:name_type":"St","tiger:reviewed":"no"},"geometry":{"type":"LineString","coordinates":[[-90.565053,41.5127589],[-90.5659784,41.511597],[-90.5662037,41.5112818],[-90.5664004,41.5110492],[-90.5664581,41.5109888],[-90.5665749,41.5109035],[-90.5666586,41.5108524]]}},{"type":"Feature","properties":{"id":"way/21991748","access":"private","highway":"unclassified","name":"East Avenue","tiger:cfcc":"A41","tiger:county":"Rock Island, IL","tiger:name_base":"East","tiger:name_type":"Ave","tiger:reviewed":"no"},"geometry":{"type":"LineString","coordinates":[[-90.5405949,41.5132622],[-90.5408316,41.5131363],[-90.5411505,41.5129905],[-90.5414944,41.5128953],[-90.5415514,41.5128796],[-90.5418739,41.5127662],[-90.5419873,41.5127245],[-90.5420744,41.5126769],[-90.5421734,41.5125826],[-90.5421977,41.512535],[-90.5422141,41.5124326],[-90.5423561,41.5123408],[-90.5425758,41.5123066],[-90.5435048,41.5122729],[-90.5460464,41.5121794],[-90.546004,41.5120512],[-90.5459718,41.512011],[-90.5458726,41.5119949],[-90.5457332,41.5119962],[-90.5455911,41.5119967],[-90.5453711,41.5119848],[-90.54467,41.5119124],[-90.5443205,41.5118709],[-90.5440795,41.5118359],[-90.5437319,41.5117621],[-90.5429455,41.5116114],[-90.5427939,41.511589],[-90.5426074,41.511567],[-90.5424789,41.5115634],[-90.5423586,41.511568],[-90.5422551,41.5115793],[-90.542175,41.511591],[-90.5420492,41.5116345],[-90.5419104,41.5117021],[-90.5416806,41.5118168],[-90.5414377,41.5119399],[-90.541291,41.5120249],[-90.5411342,41.5121603],[-90.5410473,41.5122601],[-90.5409201,41.512426],[-90.5408268,41.5125705],[-90.5407037,41.5128456],[-90.540648,41.5130079],[-90.5406038,41.5131566],[-90.5405949,41.5132622],[-90.5405766,41.5133845],[-90.5405768,41.5134873],[-90.5406331,41.5137685],[-90.540637,41.5137877],[-90.5407709,41.5142233],[-90.5408184,41.5143218],[-90.5408725,41.5143825],[-90.5409444,41.5144368],[-90.5410065,41.5144785],[-90.5410746,41.5145073]]}},{"type":"Feature","properties":{"id":"way/21992259","access":"private","highway":"residential","maxspeed":"25 mph","name":"King Drive","oneway":"yes","tiger:cfcc":"A41","tiger:county":"Rock Island, IL","tiger:name_base":"King","tiger:name_type":"Dr","tiger:reviewed":"no"},"geometry":{"type":"LineString","coordinates":[[-90.5211532,41.5161721],[-90.5212089,41.5162214],[-90.5212546,41.5162619],[-90.5213727,41.5163532],[-90.5214479,41.5164035],[-90.5215528,41.5164937],[-90.5216918,41.5166325],[-90.5217797,41.5167112],[-90.5218567,41.5167656],[-90.5219226,41.5168024],[-90.5220376,41.5168421],[-90.5221391,41.516868],[-90.5222838,41.5168998],[-90.5225007,41.5169282],[-90.5231058,41.5169895],[-90.5233832,41.5170226],[-90.5236154,41.5170509],[-90.5238971,41.5170935],[-90.5239359,41.5170942],[-90.5240177,41.5171124],[-90.5241188,41.5171353],[-90.524248,41.5171629],[-90.5243569,41.5171868],[-90.5246859,41.517304],[-90.5250644,41.5174406],[-90.5256109,41.5176658],[-90.5263889,41.5180049],[-90.5271214,41.5183139],[-90.5274009,41.5184201],[-90.5277547,41.5185469],[-90.5281965,41.5187134],[-90.5288941,41.5189842],[-90.5291087,41.5190544],[-90.5291991,41.5190773],[-90.5294544,41.5191271],[-90.5296721,41.5191604],[-90.5302716,41.5192546],[-90.5306139,41.5193257],[-90.5307944,41.5193639],[-90.5309771,41.519407],[-90.5312947,41.5194965],[-90.5314441,41.5195344],[-90.5315307,41.5195505],[-90.5317749,41.519591],[-90.5319053,41.5196083],[-90.5321251,41.5196254],[-90.5322554,41.5196436],[-90.5323607,41.5196618],[-90.5323745,41.5196642],[-90.5324492,41.5196828],[-90.5325493,41.5197088],[-90.5326877,41.5197542],[-90.5328414,41.5198072],[-90.5329319,41.5198384],[-90.5330589,41.5198731],[-90.533312,41.5199454],[-90.5335154,41.5199985],[-90.5337654,41.5200553],[-90.534117,41.5201187],[-90.5346198,41.5202154],[-90.5349221,41.5202735],[-90.535211,41.5203295],[-90.5353745,41.5203673],[-90.5355326,41.5203985],[-90.5356311,41.5204186],[-90.535756,41.5204307],[-90.5358845,41.5204425],[-90.5361055,41.5204604],[-90.53622,41.5204747],[-90.5363296,41.5204919],[-90.5364076,41.5205104],[-90.5365678,41.5205541],[-90.536696,41.5205831],[-90.5367569,41.5205927],[-90.5368447,41.5206016],[-90.5369671,41.5206095],[-90.5370245,41.5206096],[-90.5372827,41.5206006],[-90.5374675,41.5205934],[-90.5375909,41.5205907],[-90.5376893,41.5205976],[-90.5377982,41.5206093],[-90.537955,41.5206301],[-90.5381996,41.5206728],[-90.5385912,41.5207413],[-90.5387783,41.5207817],[-90.538849,41.5207983],[-90.5389354,41.5208185],[-90.5390476,41.5208517],[-90.5391785,41.5208981],[-90.5392378,41.5209184],[-90.5393877,41.5209699],[-90.5397123,41.5210812],[-90.5398022,41.5211154],[-90.5398684,41.5211359],[-90.5399288,41.5211498],[-90.5400217,41.5211583],[-90.5408987,41.5212547],[-90.5412722,41.5212958],[-90.5414194,41.5213284]]}},{"type":"Feature","properties":{"id":"way/21992847","access":"private","highway":"unclassified","name":"Confederate Avenue","tiger:cfcc":"A41","tiger:county":"Rock Island, IL","tiger:name_base":"Confederate","tiger:name_type":"Ave","tiger:reviewed":"no"},"geometry":{"type":"LineString","coordinates":[[-90.5410132,41.515121],[-90.5409358,41.515123],[-90.5407981,41.5151254],[-90.5407061,41.515127],[-90.5405995,41.5151357],[-90.5405307,41.5151704],[-90.5404529,41.5152365],[-90.5403165,41.5153885],[-90.5396655,41.5160179],[-90.5394142,41.5162501],[-90.5393198,41.51632],[-90.5392348,41.5163773],[-90.5391369,41.5164211],[-90.5390509,41.516459],[-90.5388357,41.5165273],[-90.5387133,41.5165597],[-90.5385689,41.516598],[-90.5384449,41.5166344],[-90.5383569,41.5166797],[-90.5382681,41.5167324],[-90.5382041,41.516808],[-90.5380268,41.5170104],[-90.5378832,41.5171483],[-90.5378329,41.5171803],[-90.5377311,41.5172225]]}},{"type":"Feature","properties":{"id":"way/21993249","access":"private","highway":"service","service":"parking_aisle","tiger:cfcc":"A41","tiger:county":"Rock Island, IL","tiger:name_base":"North","tiger:name_type":"Ave","tiger:reviewed":"no"},"geometry":{"type":"LineString","coordinates":[[-90.5517344,41.5206287],[-90.5517442,41.5205337],[-90.5517224,41.5204642],[-90.5517063,41.520424],[-90.5516875,41.5203758],[-90.5516473,41.5203196],[-90.551632,41.5202949],[-90.5515775,41.5202072],[-90.551538,41.5201344],[-90.5515024,41.5200686],[-90.5514777,41.5199986],[-90.5514626,41.5199495],[-90.5514569,41.5196027],[-90.5514274,41.5195705]]}},{"type":"Feature","properties":{"id":"way/21993948","highway":"tertiary","maxspeed":"30 mph","name":"17th Street","tiger:cfcc":"A41","tiger:county":"Rock Island, IL","tiger:name_base":"17th","tiger:name_type":"St","tiger:reviewed":"no","tiger:zip_left":"61201","tiger:zip_right":"61201"},"geometry":{"type":"LineString","coordinates":[[-90.5760189,41.5121389],[-90.5760287,41.5119546],[-90.5760303,41.5119085],[-90.5760308,41.5118621],[-90.5760334,41.5118197],[-90.5760329,41.5117693],[-90.5760335,41.5117396],[-90.5760377,41.5110502]]}},{"type":"Feature","properties":{"id":"way/21994026","access":"private","highway":"service","name":"Rodman Avenue","oneway":"yes","tiger:cfcc":"A41","tiger:county":"Rock Island, IL","tiger:name_base":"Rodman","tiger:name_type":"Ave","tiger:reviewed":"no"},"geometry":{"type":"LineString","coordinates":[[-90.5648617,41.5171072],[-90.5649581,41.5171523],[-90.5651489,41.5171402]]}},{"type":"Feature","properties":{"id":"way/21994271","access":"private","highway":"residential","maxspeed":"25 mph","name":"Gillespie Circle","tiger:cfcc":"A41","tiger:county":"Rock Island, IL","tiger:name_base":"Gillespie","tiger:name_type":"St","tiger:reviewed":"no","tiger:zip_left":"61201","tiger:zip_right":"61201"},"geometry":{"type":"LineString","coordinates":[[-90.5474938,41.5219813],[-90.5474983,41.5220426],[-90.5475136,41.5222509],[-90.5475625,41.5225944]]}},{"type":"Feature","properties":{"id":"way/21994448","highway":"tertiary","maxspeed":"30 mph","name":"20th Street","source":"Bing","tiger:cfcc":"A41","tiger:county":"Rock Island, IL","tiger:name_base":"20th","tiger:name_type":"St","tiger:reviewed":"no","tiger:zip_left":"61201","tiger:zip_right":"61201"},"geometry":{"type":"LineString","coordinates":[[-90.5718527,41.5110398],[-90.5718571,41.5104904],[-90.5718719,41.5099461]]}},{"type":"Feature","properties":{"id":"way/21994687","highway":"service"},"geometry":{"type":"LineString","coordinates":[[-90.5732154,41.5124262],[-90.573276,41.5124198],[-90.5733507,41.5124049],[-90.5733953,41.5123921],[-90.5734913,41.5123633],[-90.5735503,41.5123573],[-90.5742248,41.5123778],[-90.5744837,41.5123915],[-90.5745534,41.5123854],[-90.5745829,41.5123714],[-90.5746167,41.5123448],[-90.5746419,41.5122703],[-90.5746435,41.5121483]]}},{"type":"Feature","properties":{"id":"way/21996136","hgv":"designated","highway":"primary","lanes":"2","maxspeed":"30 mph","name":"1st Avenue","oneway":"yes","ref":"IL 92","source:hgv":"https://gis-idot.opendata.arcgis.com/datasets/IDOT::designated-truck-routes-state-jurisdiction-truck-route/explore?location=40.542466%2C-88.991188%2C14.60;https://www.gettingaroundillinois.com/MapViewer/?config=DTRconfig.json","tiger:cfcc":"A31","tiger:county":"Rock Island, IL","tiger:name_base":"1st","tiger:name_type":"Ave","tiger:zip_left":"61201","tiger:zip_right":"61201"},"geometry":{"type":"LineString","coordinates":[[-90.5668425,41.5107487],[-90.5669359,41.5108389],[-90.5670513,41.5109433],[-90.5671503,41.5110184],[-90.5673741,41.5111549],[-90.5674981,41.5112138],[-90.5676131,41.5112643],[-90.567758,41.5113181],[-90.567861,41.5113553],[-90.5680028,41.5114066],[-90.5681528,41.5114566],[-90.5682777,41.5114983],[-90.5683944,41.5115373],[-90.5685327,41.5115789],[-90.5686711,41.5116205],[-90.5688314,41.5116635],[-90.5689444,41.5116939],[-90.5690731,41.5117272],[-90.5692141,41.5117636],[-90.5693646,41.5117972],[-90.5695032,41.5118282],[-90.5696388,41.5118553],[-90.5697718,41.5118815],[-90.5699194,41.5119106],[-90.5700567,41.5119337],[-90.5702039,41.5119585],[-90.5703469,41.511981],[-90.570488,41.5119989],[-90.5706452,41.51202],[-90.5707735,41.5120373],[-90.5709367,41.5120535],[-90.5710695,41.5120667],[-90.5712083,41.5120794],[-90.5713645,41.5120935],[-90.5715161,41.5121017],[-90.5716929,41.5121091],[-90.571721,41.5121103],[-90.5718387,41.5121262],[-90.5721401,41.512135],[-90.5723468,41.512107]]}},{"type":"Feature","properties":{"id":"way/21996170","bicycle":"no","foot":"no","hgv":"designated","hgv:national_network":"yes","highway":"motorway","lanes":"2","maxspeed":"65 mph","minspeed":"45 mph","name":"Centennial Expressway","oneway":"yes","ref":"IL 92","source:hgv:national_network":"Title 23: Highways Part 658 http://ecfr.gpoaccess.gov/cgi/t/text/text-idx?c=ecfr&rgn=div5&view=text&node=23:1.0.1.7.33&idno=23","source:maxspeed":"sign","source:minspeed":"sign","tiger:cfcc":"A15","tiger:county":"Rock Island, IL","tiger:name_base":"Centennial","tiger:name_type":"Expy"},"geometry":{"type":"LineString","coordinates":[[-90.5814188,41.5109285],[-90.5815606,41.5108949],[-90.5826757,41.5106323],[-90.5831466,41.5105064],[-90.5834825,41.5103882],[-90.5838745,41.5102401],[-90.5842472,41.5100766],[-90.5844962,41.5099507],[-90.5846115,41.5098861],[-90.5848401,41.5097511],[-90.5850716,41.5096042],[-90.5851354,41.5095597]]}},{"type":"Feature","properties":{"id":"way/21996322","highway":"service","service":"alley","tiger:cfcc":"A41","tiger:county":"Rock Island, IL","tiger:reviewed":"no","tiger:zip_left":"61201","tiger:zip_right":"61201"},"geometry":{"type":"LineString","coordinates":[[-90.5807334,41.5105567],[-90.5814727,41.5104009],[-90.5814863,41.5103977],[-90.5821021,41.5102544],[-90.5822284,41.510225]]}},{"type":"Feature","properties":{"id":"way/21996485","NHS":"yes","bridge":"yes","hgv":"designated","hgv:national_network":"yes","highway":"trunk","lanes":"2","layer":"1","maxspeed":"30 mph","name":"15th Street","oneway":"yes","ref":"US 67","source:hgv:national_network":"Title 23: Highways Part 658 http://ecfr.gpoaccess.gov/cgi/t/text/text-idx?c=ecfr&rgn=div5&view=text&node=23:1.0.1.7.33&idno=23","tiger:cfcc":"A21","tiger:county":"Rock Island, IL","tiger:name_base":"Rock Island Centennial","tiger:name_type":"Brg"},"geometry":{"type":"LineString","coordinates":[[-90.5816572,41.5150956],[-90.5813223,41.5144733],[-90.580646,41.5131761],[-90.5802919,41.5125252],[-90.5800707,41.5120816],[-90.5799329,41.5118368],[-90.5795539,41.5109947]]}},{"type":"Feature","properties":{"id":"way/21996736","access":"private","highway":"residential","maxspeed":"25 mph","name":"Terrace Drive","tiger:cfcc":"A41","tiger:county":"Rock Island, IL","tiger:name_base":"Terrace","tiger:name_type":"Dr","tiger:reviewed":"no","tiger:zip_left":"61201","tiger:zip_right":"61201"},"geometry":{"type":"LineString","coordinates":[[-90.5475625,41.5225944],[-90.547368,41.5226894],[-90.5473142,41.5226924],[-90.5466131,41.522732],[-90.5462556,41.5227584],[-90.5461325,41.5227461],[-90.5459978,41.5227134],[-90.5453407,41.5225553],[-90.5452366,41.5225343],[-90.5451313,41.5225212],[-90.5449677,41.5225166],[-90.5432995,41.5224345],[-90.5431324,41.5224207],[-90.5430059,41.5224048],[-90.5427535,41.5223617],[-90.5416084,41.5221628],[-90.5414701,41.5221463]]}},{"type":"Feature","properties":{"id":"way/21997001","highway":"residential","name":"21st Street","tiger:cfcc":"A41","tiger:county":"Rock Island, IL","tiger:name_base":"21st","tiger:name_type":"St","tiger:reviewed":"no","tiger:zip_left":"61201","tiger:zip_right":"61201"},"geometry":{"type":"LineString","coordinates":[[-90.5704706,41.5104895],[-90.5704767,41.5099363]]}},{"type":"Feature","properties":{"id":"way/50854101","highway":"residential","maxspeed":"25 mph","name":"Vine Street","surface":"asphalt"},"geometry":{"type":"LineString","coordinates":[[-90.587283,41.5246383],[-90.587285,41.525146],[-90.587286,41.525687]]}},{"type":"Feature","properties":{"id":"way/50854102","highway":"residential","maxspeed":"25 mph","name":"Myrtle Street","tiger:cfcc":"A41","tiger:county":"Scott, IA","tiger:name_base":"Myrtle","tiger:name_type":"St","tiger:reviewed":"no","tiger:zip_left":"52802","tiger:zip_right":"52802"},"geometry":{"type":"LineString","coordinates":[[-90.589014,41.5246365],[-90.589013,41.525164],[-90.589012,41.525669],[-90.589007,41.526231],[-90.589004,41.526599],[-90.589003,41.5267843]]}},{"type":"Feature","properties":{"id":"way/50866017","highway":"service","service":"alley"},"geometry":{"type":"LineString","coordinates":[[-90.5733476,41.5235195],[-90.5733435,41.5244965]]}},{"type":"Feature","properties":{"id":"way/50873877","alt_name":"Arsenal Bridge","bridge":"yes","highway":"tertiary","lanes":"2","layer":"1","maxheight":"11'0\"","maxspeed":"25 mph","name":"Government Bridge","ref":"US 6 Hist","sidewalk:both":"separate","surface":"paved","tiger:cfcc":"A41","tiger:county":"Rock Island, IL","tiger:reviewed":"no","wikidata":"Q1540442"},"geometry":{"type":"LineString","coordinates":[[-90.5662266,41.5180935],[-90.5681099,41.5208841],[-90.5682073,41.5210225]]}},{"type":"Feature","properties":{"id":"way/50873880","highway":"tertiary","maxspeed":"30 mph","name":"24th Street","tiger:cfcc":"A41","tiger:county":"Rock Island, IL","tiger:name_base":"24th","tiger:name_type":"St","tiger:reviewed":"no"},"geometry":{"type":"LineString","coordinates":[[-90.5666586,41.5108524],[-90.5667781,41.510781],[-90.5668425,41.5107487],[-90.5669519,41.5106946]]}},{"type":"Feature","properties":{"id":"way/50873886","highway":"tertiary","lanes":"2","maxspeed":"25 mph","name":"Armstrong Avenue","oneway":"no","surface":"paved","tiger:cfcc":"A41","tiger:county":"Rock Island, IL","tiger:reviewed":"no"},"geometry":{"type":"LineString","coordinates":[[-90.565053,41.5127589],[-90.564639,41.5132939],[-90.5644707,41.5135114],[-90.56441,41.5135878],[-90.5640245,41.5140735],[-90.5639867,41.5141739],[-90.5639693,41.5142492],[-90.563986,41.5144072],[-90.5639877,41.5144234],[-90.5640029,41.5144578],[-90.5640211,41.5144859],[-90.5641728,41.5147194],[-90.5644196,41.5150639],[-90.5645808,41.5152987],[-90.5652087,41.5162065],[-90.5655081,41.5166494],[-90.5655152,41.5166599],[-90.5655568,41.5167215],[-90.5656053,41.5167969],[-90.5656176,41.5168255],[-90.5656244,41.5168599],[-90.56563,41.5170012],[-90.5656221,41.5170281],[-90.5656064,41.517055]]}},{"type":"Feature","properties":{"id":"way/50873898","highway":"tertiary","lanes":"1","maxspeed":"25 mph","name":"Leclaire Street","oneway":"yes","sidewalk:left":"no","sidewalk:right":"separate"},"geometry":{"type":"LineString","coordinates":[[-90.5682435,41.5213854],[-90.5682447,41.521424],[-90.5682524,41.5214713],[-90.5682662,41.5215308],[-90.5682953,41.5215978]]}},{"type":"Feature","properties":{"id":"way/50873899","highway":"tertiary","lanes":"1","maxspeed":"25 mph","name":"Government Bridge","oneway":"yes","ref":"US 6 Hist","sidewalk:left":"no","sidewalk:right":"separate","surface":"paved"},"geometry":{"type":"LineString","coordinates":[[-90.5687645,41.5212973],[-90.5687436,41.5212784],[-90.5687181,41.5212634],[-90.568685,41.5212503],[-90.568638,41.521239],[-90.568559,41.5212255]]}},{"type":"Feature","properties":{"id":"way/52532917","highway":"residential","maxspeed":"25 mph","name":"Brown Street","tiger:cfcc":"A41","tiger:county":"Scott, IA","tiger:name_base":"Brown","tiger:name_type":"St","tiger:reviewed":"no","tiger:zip_left":"52804","tiger:zip_right":"52804"},"geometry":{"type":"LineString","coordinates":[[-90.5844732,41.5208188],[-90.5844714,41.5212144],[-90.584471,41.5213079],[-90.5844701,41.5214033],[-90.584466,41.521858],[-90.5844632,41.5224071],[-90.584457,41.5229674],[-90.584453,41.523508]]}},{"type":"Feature","properties":{"id":"way/52532918","NHS":"yes","highway":"primary","lanes":"4","maxspeed":"35 mph","name":"West River Drive","oneway":"yes","ref":"US 61 Business","tiger:cfcc":"A21","tiger:county":"Scott, IA","tiger:name_base":"River","tiger:name_base_1":"United States Highway 61","tiger:name_direction_prefix":"W","tiger:name_type":"Dr","tiger:reviewed":"no","tiger:zip_left":"52802","tiger:zip_right":"52802"},"geometry":{"type":"LineString","coordinates":[[-90.5844877,41.5202529],[-90.5855625,41.5202467],[-90.5858553,41.5202458],[-90.5859728,41.5202455],[-90.586093,41.5202451],[-90.5867076,41.5202431],[-90.5869367,41.5202423],[-90.5875998,41.5202439],[-90.5878446,41.520232],[-90.5881044,41.52021],[-90.5882732,41.5201899],[-90.5883617,41.5201793],[-90.5886278,41.5201382],[-90.5887833,41.5201142],[-90.5888819,41.5200989],[-90.5890974,41.5200705],[-90.5891491,41.5200637],[-90.5894706,41.5200402],[-90.5902411,41.5200086],[-90.5905434,41.519955]]}},{"type":"Feature","properties":{"id":"way/52532920","highway":"tertiary","lanes":"2","maxspeed":"25 mph","name":"West 2nd Street","surface":"asphalt","tiger:cfcc":"A41","tiger:county":"Scott, IA","tiger:name_base":"2nd","tiger:name_direction_prefix":"W","tiger:name_type":"St","tiger:reviewed":"no","tiger:zip_left":"52802","tiger:zip_right":"52802"},"geometry":{"type":"LineString","coordinates":[[-90.5834559,41.5213066],[-90.5837426,41.521309],[-90.5843572,41.5213078],[-90.584471,41.5213079],[-90.584625,41.5213081],[-90.5853323,41.521309],[-90.5858314,41.5213097],[-90.5859508,41.5213099],[-90.5860821,41.52131],[-90.5865843,41.5213105],[-90.5868038,41.5213108],[-90.586932,41.5213109],[-90.5869561,41.5213108],[-90.5875844,41.5213092],[-90.5881883,41.5213075],[-90.5888794,41.5213057],[-90.5891607,41.5213002],[-90.5892377,41.5213],[-90.590795,41.521297],[-90.5908913,41.5212968]]}},{"type":"Feature","properties":{"id":"way/52532923","NHS":"yes","highway":"trunk","lanes":"4","maxspeed":"30 mph","name":"West 2nd Street","ref":"US 67","surface":"asphalt","tiger:cfcc":"A41","tiger:county":"Scott, IA","tiger:name_base":"2nd","tiger:name_direction_prefix":"W","tiger:name_type":"St","tiger:reviewed":"no","tiger:zip_left":"52802","tiger:zip_right":"52802"},"geometry":{"type":"LineString","coordinates":[[-90.582943,41.521306],[-90.5825299,41.5213097],[-90.5822677,41.521312],[-90.5816669,41.5213174],[-90.581491,41.521319]]}},{"type":"Feature","properties":{"id":"way/52532925","NHS":"yes","bridge":"yes","highway":"trunk","lanes":"2","layer":"1","maxspeed":"25 mph","name":"Gaines Street","oneway":"yes","ref":"US 67","tiger:cfcc":"A41","tiger:county":"Scott, IA","tiger:reviewed":"no"},"geometry":{"type":"LineString","coordinates":[[-90.5835339,41.520074],[-90.5835146,41.5203224],[-90.58349,41.5206037],[-90.5834628,41.5208614]]}},{"type":"Feature","properties":{"id":"way/52532927","NHS":"yes","highway":"trunk","lanes":"3","maxspeed":"30 mph","name":"Western Avenue","note:lanes":"1 northbound, 2 southbound","ref":"US 67","tiger:cfcc":"A41","tiger:county":"Scott, IA","tiger:name_base":"Western","tiger:name_type":"Ave","tiger:reviewed":"no"},"geometry":{"type":"LineString","coordinates":[[-90.5815105,41.5202822],[-90.58151,41.5203153],[-90.581503,41.5207601],[-90.5814933,41.5212126],[-90.581491,41.521319]]}},{"type":"Feature","properties":{"id":"way/52954908","highway":"residential","maxspeed":"30 mph","name":"2nd Avenue","tiger:cfcc":"A41","tiger:county":"Rock Island, IL","tiger:name_base":"2nd","tiger:name_type":"Ave","tiger:reviewed":"no","tiger:zip_left":"61201","tiger:zip_right":"61201"},"geometry":{"type":"LineString","coordinates":[[-90.5777981,41.510616],[-90.5776866,41.5106795],[-90.5776728,41.5106873],[-90.5768571,41.5108715],[-90.5765471,41.5109442],[-90.5764095,41.5109676],[-90.5761786,41.5110138],[-90.5760377,41.5110502],[-90.5759539,41.5110702],[-90.5758795,41.511082],[-90.5746392,41.5110718]]}},{"type":"Feature","properties":{"id":"way/56995744","highway":"residential","maxspeed":"25 mph","name":"East 11th Street","tiger:cfcc":"A41","tiger:county":"Scott, IA","tiger:name_base":"11th","tiger:name_direction_prefix":"E","tiger:name_type":"St","tiger:reviewed":"no","tiger:separated":"no","tiger:source":"tiger_import_dch_v0.6_20070810","tiger:tlid":"122709035:122709040:122709042:122727638:122727639:122727642:122727643:122727654:122727655:122709022:122709454","tiger:upload_uuid":"bulk_upload.pl-651ea7f4-3bc6-4759-8e6f-67fe900f82a8","tiger:zip_left":"52803","tiger:zip_right":"52803"},"geometry":{"type":"LineString","coordinates":[[-90.543982,41.531081],[-90.542865,41.531074],[-90.542129,41.531058],[-90.5419533,41.531043]]}},{"type":"Feature","properties":{"id":"way/56995745","highway":"tertiary","maxspeed":"25 mph","name":"East 11th Street","tiger:cfcc":"A41","tiger:county":"Scott, IA","tiger:name_base":"11th","tiger:name_direction_prefix":"E","tiger:name_type":"St","tiger:reviewed":"no","tiger:zip_left":"52803","tiger:zip_right":"52803"},"geometry":{"type":"LineString","coordinates":[[-90.5464947,41.5310977],[-90.5459303,41.5310951],[-90.54582,41.5310943],[-90.5452158,41.53109],[-90.545119,41.5310893],[-90.5442728,41.5310792],[-90.5440573,41.5310815],[-90.543982,41.531081]]}},{"type":"Feature","properties":{"id":"way/56995747","bridge":"yes","highway":"secondary","lanes":"4","layer":"1","maxspeed":"35 mph","maxweight":"7 st","name":"East Locust Street","source:maxweight":"https://ecode360.com/39603137#39603137","tiger:cfcc":"A41","tiger:county":"Scott, IA","tiger:name_base":"Locust","tiger:name_direction_prefix":"E","tiger:name_type":"St","tiger:reviewed":"no","tiger:zip_left":"52803","tiger:zip_right":"52803"},"geometry":{"type":"LineString","coordinates":[[-90.5410022,41.5384034],[-90.5405174,41.5384034]]}},{"type":"Feature","properties":{"id":"way/56995748","highway":"residential","maxspeed":"25 mph","name":"Mound Street","surface":"asphalt","tiger:cfcc":"A41","tiger:county":"Scott, IA","tiger:name_base":"Mound","tiger:name_type":"St","tiger:reviewed":"no","tiger:zip_left":"52803","tiger:zip_right":"52803"},"geometry":{"type":"LineString","coordinates":[[-90.5464947,41.5310977],[-90.5464921,41.531628]]}},{"type":"Feature","properties":{"id":"way/56995751","highway":"tertiary","maxspeed":"25 mph","name":"Mound Street","surface":"asphalt","tiger:cfcc":"A41","tiger:county":"Scott, IA","tiger:name_base":"Mound","tiger:name_type":"St","tiger:reviewed":"no","tiger:zip_left":"52803","tiger:zip_right":"52803"},"geometry":{"type":"LineString","coordinates":[[-90.5464941,41.5299986],[-90.5464942,41.5301059],[-90.5464944,41.5302048],[-90.5464946,41.5303037],[-90.5464957,41.5304729],[-90.5464959,41.5305267],[-90.5464968,41.5307637],[-90.5464963,41.5308187],[-90.5464947,41.5310977]]}},{"type":"Feature","properties":{"id":"way/56995752","highway":"tertiary","maxspeed":"30 mph","name":"Eastern Avenue","surface":"asphalt"},"geometry":{"type":"LineString","coordinates":[[-90.5515271,41.5383414],[-90.5515219,41.5390739],[-90.5515182,41.5395919],[-90.5515164,41.5398472],[-90.5515156,41.5399657],[-90.5515133,41.540288],[-90.5515081,41.54101],[-90.5515084,41.5414552]]}},{"type":"Feature","properties":{"id":"way/56995753","highway":"secondary","lanes":"4","maxspeed":"35 mph","maxweight":"7 st","name":"East Locust Street","source:maxweight":"https://ecode360.com/39603137#39603137","tiger:cfcc":"A41","tiger:county":"Scott, IA","tiger:name_base":"Locust","tiger:name_direction_prefix":"E","tiger:name_type":"St","tiger:reviewed":"no","tiger:zip_left":"52803","tiger:zip_right":"52803"},"geometry":{"type":"LineString","coordinates":[[-90.5405174,41.5384034],[-90.5396247,41.5384112],[-90.538084,41.538431],[-90.537017,41.53844],[-90.535923,41.538449],[-90.534602,41.538455],[-90.534073,41.538457],[-90.532173,41.538464],[-90.530123,41.538472],[-90.5284171,41.5384694],[-90.52678,41.538472],[-90.5262295,41.538474],[-90.5256899,41.5384739],[-90.5241107,41.5384783]]}},{"type":"Feature","properties":{"id":"way/56995756","highway":"tertiary","maxspeed":"25 mph","name":"East Central Park Avenue","tiger:cfcc":"A41","tiger:county":"Scott, IA","tiger:name_base":"Central Park","tiger:name_direction_prefix":"E","tiger:name_type":"Ave","tiger:reviewed":"no","tiger:zip_left":"52803","tiger:zip_right":"52803"},"geometry":{"type":"LineString","coordinates":[[-90.5723481,41.5455282],[-90.5721588,41.5455755],[-90.5719967,41.545633],[-90.5718352,41.5456948],[-90.5716122,41.5457802],[-90.5714154,41.5458516],[-90.5711984,41.5459218],[-90.5710436,41.5459612],[-90.5708491,41.5460047],[-90.5707183,41.5460236],[-90.5705937,41.546034],[-90.570081,41.546051],[-90.5694471,41.5460534],[-90.5689483,41.546052],[-90.5684555,41.546051],[-90.5677921,41.5460545],[-90.5670785,41.5460584]]}},{"type":"Feature","properties":{"id":"way/56995757","highway":"service","service":"alley"},"geometry":{"type":"LineString","coordinates":[[-90.601197,41.535316],[-90.59875,41.535314],[-90.596265,41.535304],[-90.593832,41.5353],[-90.591455,41.535286]]}},{"type":"Feature","properties":{"id":"way/56995866","alt_name":"North Gaines Street","highway":"secondary","maxspeed":"25 mph","name":"Gaines Street","tiger:cfcc":"A41","tiger:county":"Scott, IA","tiger:name_base":"Gaines","tiger:name_base_1":"Gaines","tiger:name_direction_prefix_1":"N","tiger:name_type":"St","tiger:name_type_1":"St","tiger:reviewed":"no","tiger:zip_left":"52802","tiger:zip_right":"52802"},"geometry":{"type":"LineString","coordinates":[[-90.5829959,41.5223941],[-90.5829912,41.5225092],[-90.5829721,41.5229729],[-90.5829716,41.5232398],[-90.5829712,41.5234137],[-90.582971,41.523518]]}},{"type":"Feature","properties":{"id":"way/66405474","highway":"residential","maxspeed":"25 mph","name":"West Beiderbecke Drive","tiger:cfcc":"A41","tiger:county":"Scott, IA","tiger:name_base":"Biederbeck","tiger:name_type":"Dr","tiger:reviewed":"no","tiger:zip_left":"52802","tiger:zip_right":"52802"},"geometry":{"type":"LineString","coordinates":[[-90.5834104,41.5181614],[-90.5835311,41.5181349],[-90.583835,41.518068],[-90.5841823,41.518],[-90.585856,41.517672],[-90.586504,41.517551],[-90.5868204,41.5174925],[-90.5875367,41.51736],[-90.5880648,41.5172623],[-90.5884326,41.5172099],[-90.5887848,41.517176],[-90.58902,41.5171589],[-90.5893465,41.5171352],[-90.590012,41.517102],[-90.5904927,41.5170993],[-90.5905976,41.5170987],[-90.5907387,41.5170979],[-90.5909292,41.5170902]]}},{"type":"Feature","properties":{"id":"way/66797327","access":"private","highway":"service","name":"Beck Avenue"},"geometry":{"type":"LineString","coordinates":[[-90.5639693,41.5142492],[-90.5638983,41.514322],[-90.5637982,41.5143863],[-90.5636624,41.5144452],[-90.5635601,41.5144606],[-90.563524,41.5144661],[-90.5634276,41.5144743],[-90.5633344,41.5144729],[-90.5632723,41.5144713],[-90.5631896,41.5144813],[-90.56307,41.5145053],[-90.5629723,41.5145613],[-90.5629048,41.5146109],[-90.562847,41.5146748]]}},{"type":"Feature","properties":{"id":"way/66799669","access":"private","highway":"tertiary","oneway":"yes"},"geometry":{"type":"LineString","coordinates":[[-90.5574919,41.5175402],[-90.5575053,41.5176044],[-90.5575268,41.5176406],[-90.5575777,41.5176828],[-90.5576233,41.5177069],[-90.5576931,41.5177169],[-90.557972,41.5177109]]}},{"type":"Feature","properties":{"id":"way/70949182","access":"private","highway":"service"},"geometry":{"type":"LineString","coordinates":[[-90.5617188,41.517244],[-90.5617199,41.5173198],[-90.5617168,41.5173581],[-90.5617044,41.5174087],[-90.561681,41.5174591],[-90.5616533,41.5174929],[-90.561596,41.517563],[-90.5615318,41.5176064],[-90.5614494,41.5176546],[-90.5613597,41.5176971],[-90.561243,41.5177317],[-90.5611935,41.5177402],[-90.5610773,41.5177635],[-90.5609949,41.5177808],[-90.5609119,41.5178053],[-90.5608513,41.5178297],[-90.5607979,41.5178584],[-90.5606647,41.5179421],[-90.5605474,41.5180318],[-90.560413,41.5181566],[-90.559879,41.5187786],[-90.5597489,41.518936],[-90.5596121,41.5191059],[-90.5595826,41.5191804],[-90.5595756,41.5192278],[-90.5595835,41.5192913],[-90.5596008,41.5193462],[-90.5596286,41.5193861],[-90.5596698,41.5194575],[-90.559688,41.5195156],[-90.5597012,41.5196046],[-90.5596703,41.5197677],[-90.559636,41.5198674],[-90.5595948,41.5199646],[-90.5595629,41.5200262],[-90.5594438,41.5201592],[-90.559364,41.5202562],[-90.5593058,41.5203495],[-90.5592116,41.5204636],[-90.5591479,41.5205218],[-90.5590884,41.5205597],[-90.5590042,41.5205899],[-90.5588917,41.520619],[-90.558667,41.5206745],[-90.5585344,41.5207053],[-90.5583583,41.5207626],[-90.5582373,41.520799],[-90.5581161,41.5208474],[-90.5578453,41.5209533],[-90.5576973,41.5210121],[-90.5575139,41.5210812],[-90.5572951,41.5211544],[-90.5565496,41.5213708],[-90.5564311,41.521395],[-90.5563147,41.5214161],[-90.5561185,41.5214364],[-90.5560854,41.5214432],[-90.556008,41.5214695],[-90.5559064,41.5215116],[-90.5558761,41.5215237],[-90.5558187,41.5215465],[-90.5558004,41.5215538],[-90.555706,41.5215864],[-90.5556514,41.5215967],[-90.5555731,41.5216052],[-90.5553737,41.5216154],[-90.5540877,41.5216379],[-90.5539742,41.5216424],[-90.5538892,41.5216537],[-90.5538164,41.5216682],[-90.5537285,41.5216973],[-90.5535614,41.5217681],[-90.5534772,41.5218073],[-90.553364,41.5218567],[-90.5531653,41.5219328],[-90.5530385,41.5219709],[-90.5528679,41.5220218],[-90.5526511,41.5220856],[-90.5524817,41.5221311],[-90.5522476,41.5221871],[-90.5520696,41.5222212],[-90.5519586,41.5222351],[-90.551884,41.5222383],[-90.5517953,41.5222291],[-90.5517302,41.5222104],[-90.5516661,41.5221835],[-90.5515307,41.5221015],[-90.551485,41.5220583],[-90.5514432,41.5219886],[-90.551407,41.5219],[-90.5513872,41.5218119]]}},{"type":"Feature","properties":{"id":"way/76531486","highway":"residential","name":"2nd Avenue","tiger:cfcc":"A41","tiger:county":"Rock Island, IL","tiger:name_base":"2nd","tiger:name_type":"Ave","tiger:reviewed":"no","tiger:zip_left":"61201","tiger:zip_right":"61201"},"geometry":{"type":"LineString","coordinates":[[-90.5848764,41.5090938],[-90.5848331,41.5091029],[-90.5841381,41.5092495],[-90.5839726,41.50926],[-90.5835396,41.5093558],[-90.5834246,41.5093812],[-90.5832912,41.509412],[-90.5821397,41.5096777],[-90.5820131,41.5097069],[-90.5818965,41.5097329],[-90.5813152,41.5098626],[-90.581269,41.5098729],[-90.5807197,41.5099956],[-90.5806209,41.5100176]]}},{"type":"Feature","properties":{"id":"way/76531557","bicycle":"no","foot":"no","hgv":"designated","hgv:national_network":"yes","highway":"motorway","lanes":"2","maxspeed":"65 mph","minspeed":"45 mph","name":"Centennial Expressway","oneway":"yes","ref":"IL 92","source:hgv:national_network":"Title 23: Highways Part 658 http://ecfr.gpoaccess.gov/cgi/t/text/text-idx?c=ecfr&rgn=div5&view=text&node=23:1.0.1.7.33&idno=23","source:maxspeed":"sign","source:minspeed":"sign","tiger:cfcc":"A41","tiger:county":"Rock Island, IL","tiger:name_base":"Centennial","tiger:name_type":"Expy"},"geometry":{"type":"LineString","coordinates":[[-90.5850856,41.5094721],[-90.5850081,41.5095248],[-90.5849048,41.509595],[-90.5846797,41.509729],[-90.5844439,41.5098581],[-90.5842006,41.5099717],[-90.5839485,41.5100779],[-90.5836877,41.5101749],[-90.5831493,41.5103426],[-90.5828623,41.5104142],[-90.5825993,41.5104655]]}},{"type":"Feature","properties":{"id":"way/104395124","bridge":"yes","highway":"secondary","lanes":"4","maxspeed":"35 mph","name":"Eastern Avenue","tiger:cfcc":"A41","tiger:county":"Scott, IA","tiger:name_base":"Eastern","tiger:name_type":"Ave","tiger:zip_left":"52807","tiger:zip_right":"52807"},"geometry":{"type":"LineString","coordinates":[[-90.5514488,41.5497556],[-90.5514433,41.5501322]]}},{"type":"Feature","properties":{"id":"way/104395127","bridge":"yes","highway":"secondary","lanes":"4","layer":"1","maxspeed":"35 mph","maxweight":"7 st","name":"East Locust Street","source:maxweight":"https://ecode360.com/39603137#39603137","tiger:cfcc":"A41","tiger:county":"Scott, IA","tiger:name_base":"Locust","tiger:name_direction_prefix":"E","tiger:name_type":"St","tiger:zip_left":"52803","tiger:zip_right":"52803"},"geometry":{"type":"LineString","coordinates":[[-90.5485612,41.5383566],[-90.548059,41.538362],[-90.5477086,41.5383661]]}},{"type":"Feature","properties":{"id":"way/104395130","bridge":"yes","highway":"tertiary","layer":"1","maxspeed":"35 mph","name":"Eastern Avenue","surface":"asphalt"},"geometry":{"type":"LineString","coordinates":[[-90.5514909,41.5434355],[-90.5514835,41.5440296]]}},{"type":"Feature","properties":{"id":"way/104395135","highway":"tertiary","lanes":"2","maxspeed":"35 mph","name":"Eastern Avenue","tiger:cfcc":"A41","tiger:county":"Scott, IA","tiger:name_base":"Eastern","tiger:name_type":"Ave","tiger:reviewed":"no","tiger:zip_left":"52807","tiger:zip_right":"52807"},"geometry":{"type":"LineString","coordinates":[[-90.5514835,41.5440296],[-90.551482,41.544147],[-90.5514822,41.5446336],[-90.5514791,41.5449355],[-90.5514717,41.5455939],[-90.5514715,41.5460845],[-90.5514714,41.5462058],[-90.5514713,41.5463144],[-90.5514625,41.5467987],[-90.55146,41.546939],[-90.551445,41.548698],[-90.551443,41.549265]]}},{"type":"Feature","properties":{"id":"way/104395139","highway":"secondary","lanes":"4","maxspeed":"35 mph","maxweight":"7 st","name":"East Locust Street","source:maxweight":"https://ecode360.com/39603137#39603137","tiger:cfcc":"A41","tiger:county":"Scott, IA","tiger:name_base":"Locust","tiger:name_direction_prefix":"E","tiger:name_type":"St","tiger:reviewed":"no","tiger:zip_left":"52803","tiger:zip_right":"52803"},"geometry":{"type":"LineString","coordinates":[[-90.5477086,41.5383661],[-90.5474738,41.538369],[-90.54664,41.538378],[-90.546564,41.538379],[-90.5454146,41.538377],[-90.5451797,41.5383765],[-90.544282,41.5383819],[-90.5438762,41.5383788],[-90.543183,41.5383846],[-90.5423574,41.5383874],[-90.5419229,41.538396],[-90.5418857,41.5383964],[-90.5410022,41.5384034]]}},{"type":"Feature","properties":{"id":"way/104395156","bridge":"yes","highway":"residential","layer":"1","maxspeed":"30 mph","name":"Elm Street","tiger:cfcc":"A41","tiger:county":"Scott, IA","tiger:name_base":"Elm","tiger:name_type":"St","tiger:zip_left":"52803","tiger:zip_right":"52803"},"geometry":{"type":"LineString","coordinates":[[-90.5498588,41.5414678],[-90.5489331,41.5414814]]}},{"type":"Feature","properties":{"id":"way/104395164","highway":"residential","maxspeed":"30 mph","name":"Elm Street","tiger:cfcc":"A41","tiger:county":"Scott, IA","tiger:name_base":"Elm","tiger:name_type":"St","tiger:reviewed":"no","tiger:zip_left":"52803","tiger:zip_right":"52803"},"geometry":{"type":"LineString","coordinates":[[-90.5489331,41.5414814],[-90.546614,41.541501],[-90.5460441,41.5414907],[-90.5454755,41.5414948],[-90.544838,41.541506],[-90.544381,41.541505],[-90.5442372,41.541518],[-90.544095,41.54153],[-90.5418466,41.541541],[-90.5416737,41.5415459],[-90.5415365,41.5415385],[-90.5414227,41.5415481],[-90.541198,41.541581],[-90.540856,41.541658],[-90.540591,41.541694],[-90.54034,41.541699],[-90.539977,41.541707],[-90.539574,41.541702],[-90.538993,41.541716],[-90.537586,41.5417298],[-90.5374427,41.5417247],[-90.5373039,41.5417117],[-90.5371556,41.541683],[-90.5370056,41.5416349],[-90.5369104,41.5416056],[-90.5367473,41.5415667],[-90.5366234,41.5415468],[-90.5364764,41.5415281],[-90.5360417,41.5414898],[-90.5357916,41.5414759],[-90.5355599,41.541472],[-90.5346058,41.5414761]]}},{"type":"Feature","properties":{"id":"way/104453950","NHS":"yes","highway":"trunk","lanes":"4","maxspeed":"30 mph","name":"Harrison Street","oneway":"yes","ref":"US 61 Business","surface":"asphalt","tiger:cfcc":"A25","tiger:county":"Scott, IA","tiger:name_base":"Harrison","tiger:name_base_1":"United States Highway 61","tiger:name_direction_prefix":"N","tiger:name_type":"St","tiger:zip_left":"52803","tiger:zip_right":"52803"},"geometry":{"type":"LineString","coordinates":[[-90.5772995,41.5400561],[-90.5772946,41.5394688],[-90.5772921,41.5393173],[-90.5772894,41.5391593],[-90.5772845,41.5388858],[-90.5772828,41.5387922],[-90.5772835,41.5386765],[-90.5772847,41.5384889],[-90.5772854,41.5383772],[-90.5772806,41.5382757],[-90.5772767,41.5381687],[-90.5772662,41.5379014],[-90.57725,41.537491],[-90.577254,41.536806],[-90.5772775,41.536385],[-90.5772773,41.5363003],[-90.5772771,41.536169],[-90.5772748,41.5358896],[-90.577254,41.535412],[-90.57725,41.535103],[-90.577247,41.534905],[-90.577234,41.534055],[-90.577232,41.53391],[-90.5772246,41.533237],[-90.577222,41.533003],[-90.5772277,41.5329167],[-90.57723,41.5319697],[-90.577219,41.530935],[-90.577213,41.530625],[-90.57717,41.529896],[-90.5771311,41.5291889],[-90.577114,41.528877],[-90.577089,41.5283],[-90.577079,41.528055],[-90.5770821,41.5278571],[-90.5770752,41.5277497],[-90.5770628,41.5275568],[-90.5770565,41.527433],[-90.5770422,41.5271504],[-90.5770324,41.5268162],[-90.5770338,41.5262891],[-90.577017,41.525734]]}},{"type":"Feature","properties":{"id":"way/104481251","highway":"residential","maxspeed":"25 mph","name":"East 13th Street","surface":"paved","tiger:cfcc":"A41","tiger:county":"Scott, IA","tiger:name_base":"13th","tiger:name_direction_prefix":"E","tiger:name_type":"St","tiger:reviewed":"no"},"geometry":{"type":"LineString","coordinates":[[-90.5469473,41.5331634],[-90.5470148,41.533163],[-90.547822,41.5331619],[-90.5490702,41.5331749],[-90.549204,41.5331763],[-90.549322,41.533177],[-90.5505821,41.5331841],[-90.5514724,41.5331892],[-90.551573,41.5331898],[-90.5516956,41.5331879],[-90.552342,41.533178]]}},{"type":"Feature","properties":{"id":"way/104481256","bridge":"yes","highway":"residential","layer":"1","maxspeed":"25 mph","name":"East 13th Street","surface":"paved","tiger:cfcc":"A41","tiger:county":"Scott, IA","tiger:name_base":"13th","tiger:name_direction_prefix":"E","tiger:name_type":"St","tiger:reviewed":"no"},"geometry":{"type":"LineString","coordinates":[[-90.5465316,41.5331605],[-90.5466444,41.5331615],[-90.546704,41.533162],[-90.5469473,41.5331634]]}},{"type":"Feature","properties":{"id":"way/117460261","hgv":"designated","hgv:national_network":"yes","highway":"primary","lanes":"4","maxspeed":"30 mph","name":"1st Avenue","ref":"IL 92","source:hgv:national_network":"Title 23: Highways Part 658 http://ecfr.gpoaccess.gov/cgi/t/text/text-idx?c=ecfr&rgn=div5&view=text&node=23:1.0.1.7.33&idno=23","tiger:cfcc":"A41","tiger:county":"Rock Island, IL","tiger:name_base":"1st","tiger:name_type":"Ave"},"geometry":{"type":"LineString","coordinates":[[-90.5760189,41.5121389],[-90.5759173,41.5121454],[-90.5757805,41.5121484],[-90.5746435,41.5121483],[-90.5739953,41.5121435],[-90.5737168,41.5121371],[-90.5732094,41.5121272]]}},{"type":"Feature","properties":{"id":"way/117609349","NHS":"yes","highway":"primary","lanes":"4","maxspeed":"45 mph","name":"West River Drive","ref":"US 61 Business","tiger:cfcc":"A21","tiger:county":"Scott, IA","tiger:name_base":"River","tiger:name_base_1":"United States Highway 61","tiger:name_direction_prefix":"W","tiger:name_type":"Dr","tiger:reviewed":"no","tiger:zip_left":"52802","tiger:zip_right":"52802"},"geometry":{"type":"LineString","coordinates":[[-90.5921179,41.5198269],[-90.5922997,41.5198106],[-90.5932921,41.5197132],[-90.5941333,41.5196318],[-90.59493,41.519554],[-90.595886,41.519466],[-90.596409,41.519409],[-90.596553,41.51938],[-90.596895,41.51931],[-90.59748,41.519143],[-90.597552,41.519121],[-90.597639,41.519095],[-90.598106,41.518917],[-90.59874,41.518615],[-90.599344,41.518272],[-90.599485,41.518188],[-90.599911,41.517881],[-90.6004551,41.5174723],[-90.6005242,41.5174201],[-90.600871,41.5171305],[-90.601141,41.5168884],[-90.601316,41.5167355],[-90.601522,41.516476],[-90.60173,41.516224],[-90.6018353,41.5160623],[-90.6019475,41.5158575],[-90.6021011,41.5155116],[-90.6021199,41.5154551]]}},{"type":"Feature","properties":{"id":"way/118264169","NHS":"yes","highway":"trunk","lanes":"4","maxspeed":"35 mph","name":"Brady Street","oneway":"yes","ref":"US 61 Business","surface":"asphalt","tiger:cfcc":"A25","tiger:county":"Scott, IA","tiger:name_base":"Brady","tiger:name_base_1":"United States Highway 61","tiger:name_type":"St","tiger:zip_left":"52803","tiger:zip_right":"52803"},"geometry":{"type":"LineString","coordinates":[[-90.574055,41.535125],[-90.5740737,41.5358959],[-90.5740742,41.5361045],[-90.5740749,41.536217],[-90.5740716,41.5363396],[-90.5740704,41.5365109],[-90.5740666,41.5367643],[-90.5740627,41.5370972],[-90.57406,41.5373302],[-90.5740581,41.5374883],[-90.5740554,41.5375243],[-90.5740573,41.5376144],[-90.5740569,41.5377184],[-90.5740537,41.5379308],[-90.5740335,41.5381325],[-90.5740196,41.5382777],[-90.5740103,41.5387913],[-90.5740163,41.5394693],[-90.5740175,41.5397518],[-90.5739921,41.5403665],[-90.57398,41.540659],[-90.573982,41.54083],[-90.573913,41.54124],[-90.573878,41.54137],[-90.573782,41.541725],[-90.573711,41.541911],[-90.573424,41.542666],[-90.57308,41.543564],[-90.5727283,41.5445497],[-90.5723985,41.5454003],[-90.5723481,41.5455282],[-90.572287,41.545663],[-90.572191,41.5458947],[-90.5721367,41.5460254],[-90.5718946,41.5466607],[-90.5717656,41.5469844],[-90.5716795,41.5472048],[-90.57149,41.54762],[-90.571292,41.548185],[-90.571137,41.548613],[-90.5709113,41.5491791],[-90.5707005,41.5496723],[-90.5706918,41.5496948],[-90.5705998,41.5499331],[-90.570523,41.550132],[-90.570397,41.550471],[-90.570217,41.550954],[-90.570202,41.550997],[-90.570145,41.55115],[-90.569905,41.55167],[-90.5698486,41.5518181],[-90.56982,41.551893],[-90.5697007,41.5521876],[-90.569543,41.552577],[-90.569467,41.552783],[-90.569388,41.553012],[-90.5692899,41.5533803],[-90.569236,41.553589],[-90.5692155,41.5536795]]}},{"type":"Feature","properties":{"id":"way/137847959","highway":"service","service":"alley","tiger:cfcc":"A41","tiger:county":"Scott, IA","tiger:reviewed":"no"},"geometry":{"type":"LineString","coordinates":[[-90.5747765,41.54066],[-90.5747831,41.5394743],[-90.5747861,41.5389326],[-90.5747932,41.538786]]}},{"type":"Feature","properties":{"id":"way/137847962","highway":"service","service":"alley"},"geometry":{"type":"LineString","coordinates":[[-90.579187,41.5418471],[-90.579188,41.543076],[-90.579192,41.544294],[-90.5792144,41.5455169],[-90.5791969,41.5466786],[-90.5791721,41.5478455]]}},{"type":"Feature","properties":{"id":"way/151408213","alt_name":"North Perry Street","highway":"residential","maxspeed":"25 mph","name":"Perry Street","tiger:cfcc":"A41","tiger:county":"Scott, IA","tiger:name_base":"Perry","tiger:name_base_1":"Perry","tiger:name_direction_prefix_1":"N","tiger:name_type":"St","tiger:name_type_1":"St","tiger:reviewed":"no","tiger:zip_left":"52801","tiger:zip_right":"52803"},"geometry":{"type":"LineString","coordinates":[[-90.5726218,41.5244424],[-90.572625,41.524648],[-90.5726295,41.5251819],[-90.5726301,41.5252442],[-90.5726303,41.5252723],[-90.572634,41.525707]]}},{"type":"Feature","properties":{"id":"way/156403968","cycleway:right":"lane","highway":"secondary","lanes":"3","maxspeed":"35 mph","name":"West 3rd Street","oneway":"yes","tiger:cfcc":"A41","tiger:county":"Scott, IA","tiger:name_base":"3rd","tiger:name_direction_prefix":"W","tiger:name_type":"St","tiger:zip_left":"52802","tiger:zip_right":"52802"},"geometry":{"type":"LineString","coordinates":[[-90.60119,41.522327],[-90.598983,41.5223351],[-90.5974203,41.5223409],[-90.5967671,41.5223457],[-90.5943588,41.5223575],[-90.5927035,41.5223653],[-90.5924683,41.5223667],[-90.592238,41.5223695],[-90.5919961,41.5223686],[-90.5913933,41.5223761],[-90.5909062,41.5223756]]}},{"type":"Feature","properties":{"id":"way/166078666","highway":"service","leisure":"slipway","service":"slipway"},"geometry":{"type":"LineString","coordinates":[[-90.5924718,41.5161139],[-90.5924451,41.5160622],[-90.5922776,41.5157568]]}},{"type":"Feature","properties":{"id":"way/166593633","highway":"secondary","maxspeed":"25 mph","name":"Gaines Street","oneway":"yes","tiger:cfcc":"A41","tiger:county":"Scott, IA","tiger:reviewed":"no"},"geometry":{"type":"LineString","coordinates":[[-90.5833261,41.5213065],[-90.5832974,41.5213728],[-90.5832823,41.5213956],[-90.5832795,41.5214042],[-90.5832081,41.5215294],[-90.583056,41.5218247],[-90.5830212,41.5219632],[-90.583009,41.522111]]}},{"type":"Feature","properties":{"id":"way/166593636","highway":"tertiary","lanes":"2","maxspeed":"25 mph","name":"West 2nd Street","surface":"asphalt","tiger:cfcc":"A41","tiger:county":"Scott, IA","tiger:name_base":"2nd","tiger:name_direction_prefix":"W","tiger:name_type":"St","tiger:reviewed":"no","tiger:zip_left":"52802","tiger:zip_right":"52802"},"geometry":{"type":"LineString","coordinates":[[-90.5931783,41.5213185],[-90.5936483,41.521333],[-90.5939772,41.5213432],[-90.5941797,41.5213365],[-90.5943601,41.5213197],[-90.5945917,41.5212771],[-90.5948113,41.5212366],[-90.595136,41.5211766],[-90.5953053,41.5211453],[-90.595516,41.5211064]]}},{"type":"Feature","properties":{"id":"way/166593637","NHS":"yes","bridge":"yes","highway":"trunk","lanes":"2","layer":"1","maxspeed":"25 mph","name":"Gaines Street","oneway":"yes","ref":"US 67","tiger:cfcc":"A41","tiger:county":"Scott, IA","tiger:name_base":"Centennial","tiger:name_type":"Brg","tiger:reviewed":"no"},"geometry":{"type":"LineString","coordinates":[[-90.58364,41.5200429],[-90.5836406,41.5196318],[-90.5835925,41.5191963],[-90.5834873,41.5187548],[-90.5833814,41.5184255],[-90.5832422,41.5181016],[-90.5830711,41.5177874],[-90.5816572,41.5150956]]}},{"type":"Feature","properties":{"id":"way/166595102","highway":"residential","maxspeed":"25 mph","name":"Warren Street","surface":"paved","tiger:cfcc":"A41","tiger:county":"Scott, IA","tiger:name_base":"Warren","tiger:name_type":"St","tiger:reviewed":"no","tiger:zip_left":"52804","tiger:zip_right":"52804"},"geometry":{"type":"LineString","coordinates":[[-90.585736,41.538268],[-90.5857354,41.538342],[-90.5857351,41.5383756],[-90.585732,41.538794],[-90.585723,41.539474],[-90.585712,41.540365],[-90.585707,41.540684],[-90.5856895,41.5418278],[-90.5856891,41.5418968],[-90.5856887,41.5419403],[-90.5856861,41.5425854],[-90.585669,41.54306],[-90.585695,41.543157],[-90.5857217,41.5432507],[-90.58574,41.543315],[-90.585872,41.54364],[-90.585885,41.543709],[-90.5859234,41.5438348],[-90.5859549,41.5440571],[-90.5859611,41.544154],[-90.5859613,41.5442279],[-90.5859638,41.5454306],[-90.585964,41.545519]]}},{"type":"Feature","properties":{"id":"way/166595104","highway":"residential","lanes":"2","maxspeed":"25 mph","maxweightrating:hgv":"7 st","name":"Gaines Street","tiger:cfcc":"A41","tiger:county":"Scott, IA","tiger:name_base":"Gaines","tiger:name_direction_prefix":"N","tiger:name_type":"St","tiger:reviewed":"no","tiger:zip_left":"52804","tiger:zip_right":"52804"},"geometry":{"type":"LineString","coordinates":[[-90.5827992,41.5418703],[-90.5828072,41.5419716],[-90.5827993,41.5422489],[-90.5827848,41.542302],[-90.5827608,41.542363],[-90.5825571,41.5427759],[-90.5823877,41.5431273],[-90.58235,41.543205],[-90.5823275,41.5432724],[-90.582321,41.543292],[-90.582313,41.544297],[-90.582308,41.545526]]}},{"type":"Feature","properties":{"id":"way/166595105","highway":"service","service":"alley"},"geometry":{"type":"LineString","coordinates":[[-90.5778758,41.541846],[-90.5778668,41.5430791],[-90.577858,41.544293]]}},{"type":"Feature","properties":{"id":"way/166595112","highway":"service","service":"alley"},"geometry":{"type":"LineString","coordinates":[[-90.5907438,41.5394693],[-90.5907423,41.5395196],[-90.5907095,41.5406233],[-90.5907078,41.5406812],[-90.5907064,41.5407267],[-90.5907045,41.5418287],[-90.5907066,41.5418859]]}},{"type":"Feature","properties":{"id":"way/166627850","highway":"residential","maxspeed":"25 mph","name":"East 6th Street","tiger:cfcc":"A41","tiger:county":"Scott, IA","tiger:name_base":"6th","tiger:name_direction_prefix":"E","tiger:name_type":"St","tiger:reviewed":"no","tiger:zip_left":"52803","tiger:zip_right":"52803"},"geometry":{"type":"LineString","coordinates":[[-90.5614671,41.5274551],[-90.560775,41.5274649],[-90.5604712,41.5274956],[-90.5602455,41.5275573]]}},{"type":"Feature","properties":{"id":"way/166685392","highway":"tertiary","maxspeed":"30 mph","maxweightrating:hgv":"7 st","name":"Kirkwood Boulevard","oneway":"yes","tiger:cfcc":"A45","tiger:county":"Scott, IA","tiger:name_base":"Kirkwood","tiger:name_type":"Blvd","tiger:reviewed":"no"},"geometry":{"type":"LineString","coordinates":[[-90.5578892,41.5362558],[-90.5594366,41.5362518],[-90.5609692,41.5362478],[-90.561345,41.5362468],[-90.5625435,41.5362455],[-90.5637777,41.53624],[-90.5643607,41.5362419],[-90.5648316,41.5362427],[-90.5649669,41.5362429],[-90.5659171,41.536235],[-90.566777,41.5362328],[-90.5675313,41.5362327],[-90.5682412,41.5362311],[-90.569526,41.536223],[-90.5696968,41.5362219],[-90.5711815,41.5362231],[-90.5726416,41.5362237],[-90.5740749,41.536217]]}},{"type":"Feature","properties":{"id":"way/166685395","highway":"tertiary","maxspeed":"30 mph","maxweightrating:hgv":"7 st","name":"Kirkwood Boulevard","oneway":"yes","surface":"asphalt","tiger:cfcc":"A45","tiger:county":"Scott, IA","tiger:name_base":"Kirkwood","tiger:name_type":"Blvd","tiger:reviewed":"no"},"geometry":{"type":"LineString","coordinates":[[-90.55789,41.536135],[-90.5576048,41.5361425],[-90.5574898,41.5361328],[-90.5573995,41.5361115],[-90.5572865,41.5360648],[-90.55718,41.535982],[-90.5569,41.5356737],[-90.5567972,41.5355679],[-90.556683,41.5354801],[-90.5565137,41.535373],[-90.5563598,41.5352988],[-90.5558192,41.5350698],[-90.55529,41.5348426],[-90.5551277,41.534785],[-90.5549405,41.5347409],[-90.5547963,41.5347198],[-90.554415,41.534694],[-90.5539641,41.534675],[-90.5538377,41.534656],[-90.5537346,41.534633],[-90.5535723,41.5345824],[-90.5526647,41.5342966],[-90.5524963,41.5342539],[-90.5523469,41.534236],[-90.5522123,41.534222],[-90.5520306,41.534227],[-90.5519014,41.534243],[-90.551724,41.534285],[-90.551572,41.534343],[-90.5514573,41.5343909],[-90.5505274,41.5349094],[-90.5504317,41.5349555],[-90.5503605,41.5349825],[-90.5501663,41.5350081],[-90.549738,41.535031],[-90.5491925,41.5350525],[-90.5490433,41.5350482],[-90.5488758,41.5350195],[-90.5478937,41.5348171],[-90.5471854,41.5346744],[-90.547117,41.5346606]]}},{"type":"Feature","properties":{"id":"way/202445470","access":"private","highway":"service","service":"driveway"},"geometry":{"type":"LineString","coordinates":[[-90.5475136,41.5222509],[-90.5475933,41.5222387],[-90.5476379,41.5222319],[-90.5477765,41.5222239],[-90.5479837,41.5222181],[-90.5480455,41.5222231],[-90.548163,41.5222389],[-90.5483416,41.5222798],[-90.5484251,41.5223009],[-90.5485335,41.5223097],[-90.5486471,41.5223069],[-90.5488255,41.5223013],[-90.5489082,41.5222935],[-90.5490791,41.5222849],[-90.5493902,41.5222692],[-90.549464,41.5222575],[-90.5496034,41.5222776],[-90.5497134,41.5222897],[-90.5499366,41.5222803]]}},{"type":"Feature","properties":{"id":"way/202445474","access":"private","highway":"unclassified","name":"Whitemore Street"},"geometry":{"type":"LineString","coordinates":[[-90.5544323,41.5175081],[-90.5544468,41.5176094],[-90.5544994,41.5184267],[-90.5545303,41.5189066],[-90.554529,41.5190011],[-90.5545271,41.5191249],[-90.5545568,41.5195735],[-90.5545948,41.520032],[-90.5546381,41.5204001],[-90.5546842,41.520814]]}},{"type":"Feature","properties":{"id":"way/202445475","access":"private","highway":"service"},"geometry":{"type":"LineString","coordinates":[[-90.5499078,41.5183436],[-90.5495874,41.5183535]]}},{"type":"Feature","properties":{"id":"way/202445476","highway":"unclassified","name":"3rd Street","oneway":"yes"},"geometry":{"type":"LineString","coordinates":[[-90.5435283,41.5166082],[-90.5436022,41.5175292],[-90.5436167,41.5177101],[-90.5436185,41.517732],[-90.5436304,41.5178802],[-90.5437142,41.5190031],[-90.5437827,41.5190951],[-90.543797,41.519335]]}},{"type":"Feature","properties":{"id":"way/202445477","access":"private","highway":"unclassified","name":"2nd Street","oneway":"yes"},"geometry":{"type":"LineString","coordinates":[[-90.5449172,41.5192923],[-90.5448058,41.5178369],[-90.5447966,41.517686]]}},{"type":"Feature","properties":{"id":"way/202445478","access":"private","highway":"service","service":"driveway"},"geometry":{"type":"LineString","coordinates":[[-90.5486471,41.5223069],[-90.5485842,41.5223459],[-90.5485493,41.522386],[-90.5485209,41.5224299],[-90.5485284,41.5224646],[-90.5485339,41.5224903],[-90.5485794,41.5225565],[-90.5486537,41.5225877],[-90.548708,41.5225989],[-90.5487887,41.5225995],[-90.5488745,41.5225876],[-90.5489183,41.5225654],[-90.5489617,41.5225286],[-90.5489847,41.5224872],[-90.5489917,41.5224385],[-90.5489796,41.5224001],[-90.5489447,41.5223469],[-90.5489082,41.5222935]]}},{"type":"Feature","properties":{"id":"way/202445479","access":"private","highway":"unclassified","name":"West Pershing Circle","oneway":"yes"},"geometry":{"type":"LineString","coordinates":[[-90.5499383,41.5192606],[-90.5499631,41.5192026],[-90.5499434,41.5189016],[-90.5499104,41.5183971],[-90.5499078,41.5183436],[-90.5499184,41.5182819],[-90.5499463,41.5182198],[-90.5499769,41.5181678],[-90.5500083,41.5181329],[-90.5500854,41.5180539],[-90.5501174,41.5180198],[-90.5501465,41.5179862],[-90.5501751,41.5179355],[-90.5501841,41.5178879],[-90.5501881,41.5177828],[-90.5501849,41.5177435],[-90.5501773,41.5176707]]}},{"type":"Feature","properties":{"id":"way/202502148","bridge":"yes","highway":"trunk","lanes":"2","layer":"1","maxspeed":"25 mph","name":"Gaines Street","oneway":"yes","ref":"US 67"},"geometry":{"type":"LineString","coordinates":[[-90.581649,41.5153213],[-90.5830873,41.5180154],[-90.5832476,41.5183578],[-90.5833574,41.5186502],[-90.5834235,41.5188669],[-90.5834667,41.5190972],[-90.5835221,41.5193991],[-90.5835517,41.5198497],[-90.5835339,41.520074]]}},{"type":"Feature","properties":{"id":"way/202502149","NHS":"yes","hgv":"designated","highway":"primary","lanes":"4","maxspeed":"30 mph","name":"15th Street","ref":"US 67","source:hgv":"https://gis-idot.opendata.arcgis.com/datasets/IDOT::designated-truck-routes-state-jurisdiction-truck-route/explore?location=40.542466%2C-88.991188%2C14.60;https://www.gettingaroundillinois.com/MapViewer/?config=DTRconfig.json","tiger:cfcc":"A21","tiger:county":"Rock Island, IL","tiger:name_base":"15th","tiger:name_type":"St","tiger:reviewed":"no"},"geometry":{"type":"LineString","coordinates":[[-90.5791805,41.51022],[-90.5791512,41.5101404],[-90.5788316,41.5093742],[-90.578793,41.5092818]]}},{"type":"Feature","properties":{"id":"way/202502151","NHS":"yes","bridge":"yes","hgv":"designated","hgv:national_network":"yes","highway":"trunk","lanes":"2","layer":"1","maxspeed":"30 mph","name":"15th Street","oneway":"yes","ref":"US 67","source:hgv:national_network":"Title 23: Highways Part 658 http://ecfr.gpoaccess.gov/cgi/t/text/text-idx?c=ecfr&rgn=div5&view=text&node=23:1.0.1.7.33&idno=23","tiger:cfcc":"A21","tiger:county":"Rock Island, IL","tiger:name_base":"Rock Island Centennial","tiger:name_type":"Brg"},"geometry":{"type":"LineString","coordinates":[[-90.5793809,41.5108067],[-90.5797946,41.5117704],[-90.5801428,41.5124621],[-90.5802871,41.512719],[-90.580636,41.5133968],[-90.5807397,41.5135779],[-90.581649,41.5153213]]}},{"type":"Feature","properties":{"id":"way/253368911","hgv":"designated","hgv:national_network":"yes","highway":"motorway","lanes":"2","name":"Centennial Expressway","oneway":"yes","ref":"IL 92","source:hgv:national_network":"Title 23: Highways Part 658 http://ecfr.gpoaccess.gov/cgi/t/text/text-idx?c=ecfr&rgn=div5&view=text&node=23:1.0.1.7.33&idno=23","tiger:cfcc":"A41","tiger:county":"Rock Island, IL","tiger:name_base":"Centennial","tiger:name_type":"Expy"},"geometry":{"type":"LineString","coordinates":[[-90.5821711,41.5105446],[-90.5816061,41.5106484],[-90.5807319,41.510826]]}},{"type":"Feature","properties":{"id":"way/253715816","highway":"tertiary","maxspeed":"30 mph","name":"2nd Avenue","oneway":"yes","tiger:cfcc":"A41","tiger:county":"Rock Island, IL","tiger:name_base":"2nd","tiger:name_type":"Ave","tiger:zip_left":"61201","tiger:zip_right":"61201"},"geometry":{"type":"LineString","coordinates":[[-90.5791805,41.51022],[-90.5790891,41.5102422],[-90.5790426,41.5102683],[-90.5789164,41.5103328],[-90.5787814,41.5103762],[-90.5784814,41.5104345],[-90.5779105,41.5105773],[-90.5777981,41.510616]]}},{"type":"Feature","properties":{"id":"way/253715818","highway":"service","service":"parking_aisle"},"geometry":{"type":"LineString","coordinates":[[-90.5797209,41.5090635],[-90.5797562,41.5091507],[-90.579953,41.509636],[-90.5801183,41.5100378],[-90.5801352,41.510079]]}},{"type":"Feature","properties":{"id":"way/253834406","highway":"service","service":"alley"},"geometry":{"type":"LineString","coordinates":[[-90.5768571,41.5108715],[-90.5766454,41.5103368],[-90.5776014,41.5101229]]}},{"type":"Feature","properties":{"id":"way/253834407","highway":"tertiary","maxspeed":"30 mph","name":"16th Street","tiger:cfcc":"A41","tiger:county":"Rock Island, IL","tiger:name_base":"16th","tiger:name_type":"St","tiger:reviewed":"no","tiger:zip_left":"61201","tiger:zip_right":"61201"},"geometry":{"type":"LineString","coordinates":[[-90.5777981,41.510616],[-90.5777723,41.5105597],[-90.5777595,41.5105315],[-90.5776347,41.5102089],[-90.5776014,41.5101229],[-90.5774345,41.5096835],[-90.5774019,41.5095977]]}},{"type":"Feature","properties":{"id":"way/253834414","highway":"service","service":"alley"},"geometry":{"type":"LineString","coordinates":[[-90.5784814,41.5104345],[-90.5784687,41.5104041],[-90.5784349,41.5103174],[-90.578367,41.5101431],[-90.5783281,41.5100436],[-90.5783103,41.5099979],[-90.5782781,41.5099152],[-90.5781204,41.5095173],[-90.5780908,41.5094413]]}},{"type":"Feature","properties":{"id":"way/253834431","highway":"residential","name":"16½th Street","tiger:cfcc":"A41","tiger:county":"Rock Island, IL","tiger:name_base":"16½th","tiger:name_type":"St","tiger:reviewed":"no","tiger:zip_left":"61201","tiger:zip_right":"61201"},"geometry":{"type":"LineString","coordinates":[[-90.5764095,41.5109676],[-90.5766139,41.511494],[-90.5766617,41.5116194],[-90.5766771,41.5116544],[-90.5766942,41.5116933],[-90.5767141,41.5117388],[-90.5767339,41.5117839],[-90.5767424,41.5118032],[-90.5767526,41.5118288],[-90.576823,41.5120054]]}},{"type":"Feature","properties":{"id":"way/253834436","highway":"service","service":"alley"},"geometry":{"type":"LineString","coordinates":[[-90.5780605,41.5111725],[-90.5776122,41.5112689],[-90.5774406,41.5113041],[-90.5772655,41.5113464],[-90.5766139,41.511494]]}},{"type":"Feature","properties":{"id":"way/253846736","highway":"residential","lit":"yes","maxspeed":"30 mph","name":"2nd Avenue","oneway":"no","surface":"concrete","tiger:cfcc":"A41","tiger:county":"Rock Island, IL","tiger:name_base":"2nd","tiger:name_type":"Ave","tiger:reviewed":"no","tiger:zip_left":"61201","tiger:zip_right":"61201"},"geometry":{"type":"LineString","coordinates":[[-90.5718527,41.5110398],[-90.570545,41.5110343],[-90.5703827,41.5110057]]}},{"type":"Feature","properties":{"id":"way/253846739","highway":"tertiary","maxspeed":"30 mph","name":"17th Street","tiger:cfcc":"A41","tiger:county":"Rock Island, IL","tiger:name_base":"17th","tiger:name_type":"St","tiger:reviewed":"no","tiger:zip_left":"61201","tiger:zip_right":"61201"},"geometry":{"type":"LineString","coordinates":[[-90.5760516,41.509921],[-90.5760495,41.5101732],[-90.5760467,41.5105162],[-90.5760377,41.5110502]]}},{"type":"Feature","properties":{"id":"way/253846741","highway":"service","service":"alley"},"geometry":{"type":"LineString","coordinates":[[-90.5760467,41.5105162],[-90.5746607,41.5105014]]}},{"type":"Feature","properties":{"id":"way/253847444","highway":"service","service":"alley"},"geometry":{"type":"LineString","coordinates":[[-90.5732135,41.5116016],[-90.5740095,41.5116031],[-90.5741078,41.5116032],[-90.5746451,41.5116021]]}},{"type":"Feature","properties":{"id":"way/253847446","highway":"residential","name":"18th Street","tiger:cfcc":"A41","tiger:county":"Rock Island, IL","tiger:name_base":"18th","tiger:name_type":"St","tiger:reviewed":"no","tiger:zip_left":"61201","tiger:zip_right":"61201"},"geometry":{"type":"LineString","coordinates":[[-90.5746392,41.5110718],[-90.5746573,41.5105903],[-90.5746607,41.5105014],[-90.5746694,41.509948]]}},{"type":"Feature","properties":{"id":"way/253847449","highway":"service","service":"alley"},"geometry":{"type":"LineString","coordinates":[[-90.5739466,41.5110614],[-90.5739377,41.5105832],[-90.5739408,41.5104],[-90.5739447,41.5101701],[-90.5739488,41.5099309]]}},{"type":"Feature","properties":{"id":"way/253858360","highway":"service","sidewalk":"no"},"geometry":{"type":"LineString","coordinates":[[-90.5663823,41.5099067],[-90.5663915,41.5105798],[-90.56639,41.5106481],[-90.5663877,41.51075],[-90.5663699,41.5108521],[-90.5663418,41.5109023],[-90.5663244,41.5109333],[-90.566216,41.5110935],[-90.5661527,41.5111815]]}},{"type":"Feature","properties":{"id":"way/253858361","hgv":"designated","hgv:national_network":"yes","highway":"primary","lanes":"2","maxspeed":"30 mph","name":"24th Street","oneway":"yes","ref":"IL 92","source:hgv:national_network":"Title 23: Highways Part 658 http://ecfr.gpoaccess.gov/cgi/t/text/text-idx?c=ecfr&rgn=div5&view=text&node=23:1.0.1.7.33&idno=23","tiger:cfcc":"A35","tiger:county":"Rock Island, IL","tiger:name_base":"24th","tiger:name_type":"St","tiger:reviewed":"no","tiger:zip_left":"61201","tiger:zip_right":"61201"},"geometry":{"type":"LineString","coordinates":[[-90.5669519,41.5106946],[-90.5668313,41.5105175],[-90.566775,41.5104211],[-90.5667321,41.5103126],[-90.5667053,41.5102162],[-90.5666785,41.5100997],[-90.5666623,41.5099854],[-90.5666436,41.5098749],[-90.5666248,41.5097664],[-90.566606,41.50966],[-90.5665728,41.5094432],[-90.5665587,41.509352],[-90.5665551,41.5093286],[-90.566539,41.5092121],[-90.5665256,41.5091217],[-90.5665068,41.5089289],[-90.5664949,41.508813],[-90.5664821,41.5086853],[-90.5664817,41.5086243],[-90.5664812,41.5085628],[-90.5664803,41.5084293],[-90.56648,41.5083805],[-90.5664822,41.5082555],[-90.5664832,41.5082033],[-90.5664853,41.5080833],[-90.5664531,41.5079797]]}},{"type":"Feature","properties":{"id":"way/253860039","highway":"service","service":"alley"},"geometry":{"type":"LineString","coordinates":[[-90.5671183,41.5104572],[-90.5672143,41.5104576],[-90.5677663,41.5104597],[-90.5678683,41.5104608],[-90.5684186,41.5104684],[-90.5691218,41.51049],[-90.5698206,41.5104886],[-90.569861,41.5104896],[-90.5704706,41.5104895],[-90.5705502,41.5104897],[-90.5707332,41.5104911],[-90.5707736,41.5104921],[-90.5709565,41.5104926],[-90.5711883,41.5104925],[-90.5715599,41.510492],[-90.5718571,41.5104904]]}},{"type":"Feature","properties":{"id":"way/255168075","hgv":"designated","hgv:national_network":"yes","highway":"primary","lanes":"2","maxspeed":"30 mph","name":"24th Street","oneway":"yes","ref":"IL 92","source:hgv:national_network":"Title 23: Highways Part 658 http://ecfr.gpoaccess.gov/cgi/t/text/text-idx?c=ecfr&rgn=div5&view=text&node=23:1.0.1.7.33&idno=23","tiger:cfcc":"A35","tiger:county":"Rock Island, IL","tiger:name_base":"24th","tiger:name_type":"St","tiger:reviewed":"no","tiger:zip_left":"61201","tiger:zip_right":"61201"},"geometry":{"type":"LineString","coordinates":[[-90.5664251,41.508816],[-90.5664317,41.5089449],[-90.5664408,41.5090189],[-90.5664505,41.5090976],[-90.5664585,41.5092342],[-90.5664692,41.5093426],[-90.5664853,41.5094672],[-90.5664961,41.5095756],[-90.5665068,41.5096961],[-90.5665175,41.5098227],[-90.5665282,41.5099211],[-90.5665417,41.5100296],[-90.5665551,41.5101279],[-90.5665755,41.5102479],[-90.5666168,41.5103709],[-90.5666463,41.5104532],[-90.5666872,41.5105173],[-90.5667391,41.5106235],[-90.5668425,41.5107487]]}},{"type":"Feature","properties":{"id":"way/255344281","highway":"service","sidewalk":"no"},"geometry":{"type":"LineString","coordinates":[[-90.56639,41.5106481],[-90.5662659,41.5106621],[-90.5661882,41.5106601],[-90.5661452,41.5106541],[-90.5660857,41.510648],[-90.5652489,41.5104532],[-90.5647687,41.5103427],[-90.5642591,41.5102242],[-90.5643154,41.5100716]]}},{"type":"Feature","properties":{"id":"way/255344283","access":"private","highway":"service","oneway":"yes"},"geometry":{"type":"LineString","coordinates":[[-90.5620271,41.5147092],[-90.561888,41.5147513],[-90.5618103,41.5147995],[-90.5616794,41.5148176],[-90.5615206,41.5148337],[-90.5613417,41.5148541]]}},{"type":"Feature","properties":{"id":"way/255344285","access":"private","highway":"service","oneway":"yes"},"geometry":{"type":"LineString","coordinates":[[-90.5625618,41.514934],[-90.5624263,41.5149691]]}},{"type":"Feature","properties":{"id":"way/255344286","access":"private","highway":"service","oneway":"yes"},"geometry":{"type":"LineString","coordinates":[[-90.5624463,41.5150296],[-90.5625069,41.5150133],[-90.5625728,41.5149745],[-90.562832,41.5147451],[-90.562847,41.5146748]]}},{"type":"Feature","properties":{"id":"way/255344287","access":"private","highway":"service","oneway":"yes"},"geometry":{"type":"LineString","coordinates":[[-90.5620281,41.5150009],[-90.5620872,41.5150264],[-90.5621509,41.5150446],[-90.5622072,41.5150546],[-90.5623403,41.5150514]]}},{"type":"Feature","properties":{"id":"way/255344288","access":"private","highway":"service","oneway":"yes"},"geometry":{"type":"LineString","coordinates":[[-90.5623021,41.5149332],[-90.5621566,41.5149478],[-90.5620281,41.5150009]]}},{"type":"Feature","properties":{"id":"way/255344290","highway":"unclassified","name":"Sylvan Drive","oneway":"yes"},"geometry":{"type":"LineString","coordinates":[[-90.5474314,41.5139748],[-90.5472754,41.5139733],[-90.5471895,41.5139672],[-90.5471413,41.5139592],[-90.5470876,41.5139391],[-90.5470447,41.513919],[-90.5469956,41.5138468]]}},{"type":"Feature","properties":{"id":"way/255344298","access":"private","highway":"residential","maxspeed":"25 mph","name":"Beck Avenue","tiger:cfcc":"A41","tiger:county":"Rock Island, IL","tiger:name_base":"Beck","tiger:name_type":"Ave","tiger:reviewed":"no"},"geometry":{"type":"LineString","coordinates":[[-90.5620281,41.5150009],[-90.5619144,41.5149668],[-90.5617964,41.5149285],[-90.5617063,41.5149029],[-90.5616436,41.5148851],[-90.5615143,41.5148646],[-90.5613417,41.5148541],[-90.5612092,41.5148529],[-90.5600955,41.5148996],[-90.5587292,41.5149568],[-90.5584075,41.5149703],[-90.5583116,41.5149689],[-90.5582386,41.5149675],[-90.5580998,41.5149567],[-90.5579845,41.5149372],[-90.5574735,41.5148127],[-90.5573326,41.5147766],[-90.5571252,41.5147261],[-90.5569056,41.514672],[-90.5565958,41.5145954],[-90.5550748,41.5142194],[-90.5544186,41.5140567],[-90.5541492,41.5140028],[-90.554014,41.5139808],[-90.5538086,41.5139622],[-90.5534758,41.5139466],[-90.5530782,41.5139596],[-90.552979,41.5139629],[-90.5527639,41.5139709],[-90.551197,41.5140294],[-90.5507121,41.5140415],[-90.5505368,41.514047],[-90.5503536,41.5140408],[-90.5502045,41.5140254],[-90.5499819,41.5139907],[-90.5497356,41.5139452],[-90.5495601,41.5139199],[-90.5494116,41.5139079],[-90.5492173,41.5139],[-90.548657,41.5139176],[-90.5475577,41.5139619],[-90.5474314,41.5139748],[-90.5473997,41.513978],[-90.5472913,41.5139945],[-90.5471958,41.5140171],[-90.547113,41.5140445],[-90.5470089,41.5140735]]}},{"type":"Feature","properties":{"id":"way/255344300","access":"private","highway":"service","oneway":"yes"},"geometry":{"type":"LineString","coordinates":[[-90.5631896,41.5144813],[-90.5629636,41.5144601],[-90.5628211,41.5145087],[-90.5627542,41.5145354],[-90.5626262,41.5145806],[-90.5625532,41.5146148],[-90.5624701,41.5146268],[-90.5622047,41.5146762],[-90.5620271,41.5147092]]}},{"type":"Feature","properties":{"id":"way/255344302","access":"private","highway":"service","oneway":"yes"},"geometry":{"type":"LineString","coordinates":[[-90.5623195,41.5149871],[-90.5621697,41.5149923],[-90.5620281,41.5150009]]}},{"type":"Feature","properties":{"id":"way/255566056","access":"private","highway":"residential","maxspeed":"25 mph","name":"Rodman Avenue","tiger:cfcc":"A41","tiger:county":"Rock Island, IL","tiger:name_base":"Rodman","tiger:name_type":"Ave","tiger:reviewed":"no"},"geometry":{"type":"LineString","coordinates":[[-90.5411973,41.5179727],[-90.5409994,41.5179789],[-90.5407439,41.5179887],[-90.5399181,41.5180204],[-90.538788,41.5180638],[-90.5383708,41.5180797],[-90.537867,41.5180988],[-90.5366022,41.5181448],[-90.5359868,41.5181647],[-90.5351019,41.5181936],[-90.5349404,41.5182016],[-90.5347832,41.5182093],[-90.534529,41.5182185],[-90.5341666,41.5182315],[-90.5339819,41.5182382],[-90.5339679,41.5182387],[-90.5335375,41.5182556],[-90.5333674,41.5182591],[-90.5331302,41.5182639],[-90.5330574,41.5182654],[-90.5326922,41.5182591],[-90.5323572,41.5182558],[-90.5321458,41.5182485],[-90.5321005,41.5182469],[-90.5320305,41.5182419],[-90.5316922,41.5182177],[-90.5314281,41.5181957],[-90.531324,41.5181809],[-90.5311698,41.518159],[-90.5308542,41.5181044],[-90.5302191,41.517957],[-90.5298014,41.5178289],[-90.5297671,41.5178173],[-90.5293031,41.5176604],[-90.5287495,41.5174349],[-90.5265199,41.5163528],[-90.5252499,41.5157298],[-90.5238977,41.5150801],[-90.5234712,41.5148705],[-90.5230713,41.5146677],[-90.5227675,41.5145029],[-90.5225555,41.5143765],[-90.5224009,41.5142729],[-90.5221956,41.5141259],[-90.5219998,41.5139842],[-90.5215651,41.5136503]]}},{"type":"Feature","properties":{"id":"way/255566057","access":"private","highway":"service","lanes":"1","name":"Rodman Avenue","oneway":"yes","surface":"paved","tiger:cfcc":"A41","tiger:county":"Rock Island, IL","tiger:name_base":"Rodman","tiger:name_type":"Ave","tiger:reviewed":"no"},"geometry":{"type":"LineString","coordinates":[[-90.5655568,41.5167215],[-90.5655648,41.5168927],[-90.5655536,41.5169222],[-90.5655289,41.5169508],[-90.5654918,41.5169768],[-90.5654391,41.5169962],[-90.5651473,41.5170859]]}},{"type":"Feature","properties":{"id":"way/255566059","access":"private","highway":"tertiary","oneway":"yes"},"geometry":{"type":"LineString","coordinates":[[-90.557952,41.5175571],[-90.5578433,41.5175783],[-90.5577786,41.5175873],[-90.557677,41.5175964],[-90.5576367,41.5175984],[-90.5575828,41.5175873],[-90.557556,41.5175712],[-90.5574919,41.5175402]]}},{"type":"Feature","properties":{"id":"way/255566060","access":"private","highway":"service","lanes":"1","name":"Rodman Avenue","oneway":"yes","surface":"paved","tiger:cfcc":"A41","tiger:county":"Rock Island, IL","tiger:name_base":"Rodman","tiger:name_type":"Ave","tiger:reviewed":"no"},"geometry":{"type":"LineString","coordinates":[[-90.5651489,41.5171402],[-90.5654683,41.5171231]]}},{"type":"Feature","properties":{"id":"way/255566061","access":"private","highway":"residential","maxspeed":"25 mph","name":"Sylvan Drive","tiger:cfcc":"A41","tiger:county":"Rock Island, IL","tiger:name_base":"Sylvan","tiger:name_type":"Dr","tiger:reviewed":"no"},"geometry":{"type":"LineString","coordinates":[[-90.5574919,41.5175402],[-90.5574892,41.5174799],[-90.5574969,41.5173998],[-90.5574784,41.517285],[-90.5574677,41.5170711],[-90.5574226,41.5161646],[-90.5574147,41.5160055],[-90.557414,41.5159326],[-90.5574112,41.5158964],[-90.557392,41.5156404],[-90.5573876,41.5155966],[-90.557361,41.515201],[-90.5573417,41.5149693],[-90.5573326,41.5147766]]}},{"type":"Feature","properties":{"id":"way/255566062","access":"private","highway":"service"},"geometry":{"type":"LineString","coordinates":[[-90.5524786,41.5205776],[-90.552264,41.5206077],[-90.5520897,41.5206298],[-90.5519395,41.5206398],[-90.5517344,41.5206287],[-90.5512059,41.5206056],[-90.5512197,41.520762],[-90.5512171,41.5208145],[-90.5511723,41.5207992],[-90.5510842,41.5207817],[-90.5510084,41.520772],[-90.5508925,41.520768],[-90.5504959,41.5207607],[-90.5501927,41.5207593],[-90.5498895,41.5207578],[-90.5496163,41.5207555]]}},{"type":"Feature","properties":{"id":"way/255566063","access":"private","highway":"service"},"geometry":{"type":"LineString","coordinates":[[-90.5493107,41.5183547],[-90.5485752,41.5183746]]}},{"type":"Feature","properties":{"id":"way/255566065","access":"private","highway":"service","oneway":"yes"},"geometry":{"type":"LineString","coordinates":[[-90.5523445,41.518485],[-90.554225,41.5184178],[-90.5544994,41.5184267],[-90.5549945,41.5184147],[-90.5565209,41.5183555],[-90.5567867,41.5183433],[-90.5587764,41.518252],[-90.5589293,41.5182299]]}},{"type":"Feature","properties":{"id":"way/255566066","access":"private","highway":"service"},"geometry":{"type":"LineString","coordinates":[[-90.5632115,41.5164825],[-90.5631085,41.5164565],[-90.5629985,41.5164284],[-90.5629126,41.5163822],[-90.5628373,41.5163188],[-90.5627932,41.516271],[-90.5626847,41.5161532],[-90.5626422,41.5161067],[-90.5625509,41.5160068],[-90.5625209,41.5159741],[-90.5624057,41.515848],[-90.5623788,41.5158182],[-90.5622597,41.5156866]]}},{"type":"Feature","properties":{"id":"way/255566067","access":"private","highway":"service","oneway":"yes","service":"parking_aisle"},"geometry":{"type":"LineString","coordinates":[[-90.5488871,41.5175732],[-90.5490283,41.5175649],[-90.5514113,41.5174639],[-90.5515237,41.5174608],[-90.5515267,41.5175353],[-90.5515342,41.5176261]]}},{"type":"Feature","properties":{"id":"way/255566069","access":"private","highway":"unclassified","name":"Hobbs Street"},"geometry":{"type":"LineString","coordinates":[[-90.558951,41.5188355],[-90.5589293,41.5182299],[-90.5588679,41.5176848],[-90.5588663,41.5175141],[-90.5588437,41.5174205],[-90.5588381,41.5173549]]}},{"type":"Feature","properties":{"id":"way/255566070","access":"private","highway":"service"},"geometry":{"type":"LineString","coordinates":[[-90.5589293,41.5182299],[-90.5594446,41.518227],[-90.5596428,41.5182038],[-90.5598496,41.5181929],[-90.5599217,41.5182078],[-90.5599485,41.518254],[-90.5599703,41.5183335],[-90.5599703,41.5184198],[-90.5599443,41.518505],[-90.5596745,41.5187935],[-90.558951,41.5188355],[-90.5569608,41.5189179],[-90.5568129,41.5189218],[-90.5566604,41.5189259],[-90.554681,41.5189962],[-90.554529,41.5190011],[-90.5543725,41.5190062],[-90.5524598,41.5190754],[-90.5523579,41.5190814]]}},{"type":"Feature","properties":{"id":"way/255566071","access":"private","highway":"unclassified","name":"Flaggler Avenue"},"geometry":{"type":"LineString","coordinates":[[-90.548657,41.5139176],[-90.5486655,41.5142852],[-90.5486865,41.5146283],[-90.5487396,41.5154966],[-90.5487649,41.5155905],[-90.5487932,41.5156954],[-90.5487959,41.5162437],[-90.5488001,41.5163345],[-90.5488036,41.5164094],[-90.5488415,41.5172258],[-90.5488758,41.5173902],[-90.548882,41.5174197],[-90.548884,41.5174809],[-90.5488871,41.5175732],[-90.5488898,41.5175913],[-90.5489013,41.5177215]]}},{"type":"Feature","properties":{"id":"way/255566073","access":"private","highway":"service","oneway":"yes","service":"parking_aisle"},"geometry":{"type":"LineString","coordinates":[[-90.557972,41.5177109],[-90.5588679,41.5176848],[-90.5598335,41.5176466],[-90.5598737,41.5176426],[-90.5598978,41.5176165],[-90.5599083,41.5175853],[-90.5598978,41.5174759],[-90.5588663,41.5175141],[-90.5581059,41.5175391],[-90.557952,41.5175571]]}},{"type":"Feature","properties":{"id":"way/255566074","access":"private","highway":"residential","maxspeed":"25 mph","name":"Gillespie Street","tiger:cfcc":"A41","tiger:county":"Rock Island, IL","tiger:name_base":"Gillespie","tiger:name_type":"Ave","tiger:reviewed":"no","tiger:zip_left":"61201","tiger:zip_right":"61201"},"geometry":{"type":"LineString","coordinates":[[-90.5470089,41.5140735],[-90.5470495,41.5148135],[-90.5470572,41.5149533],[-90.5471043,41.5156527],[-90.5471316,41.5160585],[-90.547159,41.5164646],[-90.5471623,41.5165137],[-90.547188,41.5169109],[-90.5472248,41.5174809],[-90.5472373,41.5176748],[-90.547227,41.5177666]]}},{"type":"Feature","properties":{"id":"way/255566075","access":"private","highway":"service","lanes":"1","name":"Rodman Avenue","oneway":"yes","surface":"paved","tiger:cfcc":"A41","tiger:county":"Rock Island, IL","tiger:name_base":"Rodman","tiger:name_type":"Ave","tiger:reviewed":"no"},"geometry":{"type":"LineString","coordinates":[[-90.5654503,41.517071],[-90.5651473,41.5170859]]}},{"type":"Feature","properties":{"id":"way/255566076","access":"private","highway":"residential"},"geometry":{"type":"LineString","coordinates":[[-90.5487649,41.5155905],[-90.5490011,41.5155909],[-90.5496905,41.5155688],[-90.5506883,41.5155467],[-90.5509171,41.5155389],[-90.5510607,41.515534],[-90.5513302,41.5155265],[-90.551422,41.5155239],[-90.5522118,41.5155005],[-90.5531549,41.5154687],[-90.5532229,41.5154664],[-90.5547265,41.5154114],[-90.5557672,41.5153713],[-90.5559328,41.5153682],[-90.5560338,41.5153645],[-90.5562351,41.5153479],[-90.5564726,41.5153251],[-90.5568133,41.5152828],[-90.5569447,41.5152567],[-90.5571404,41.5152246],[-90.557361,41.515201]]}},{"type":"Feature","properties":{"id":"way/255566078","access":"private","highway":"unclassified","name":"Buffington Street"},"geometry":{"type":"LineString","coordinates":[[-90.5524786,41.5205776],[-90.5524762,41.5205204],[-90.5524292,41.5199487],[-90.5524056,41.519662],[-90.5523888,41.5194573],[-90.5523579,41.5190814],[-90.5523445,41.518485],[-90.552295,41.518064],[-90.5520931,41.5180697],[-90.5518756,41.5180758],[-90.5516559,41.518082],[-90.5515582,41.5180848],[-90.5515471,41.5178544],[-90.551541,41.5177256],[-90.5515342,41.5176261]]}},{"type":"Feature","properties":{"id":"way/255566079","access":"private","highway":"service","name":"Rodman Avenue","oneway":"yes","tiger:cfcc":"A41","tiger:county":"Rock Island, IL","tiger:name_base":"Rodman","tiger:name_type":"Ave","tiger:reviewed":"no"},"geometry":{"type":"LineString","coordinates":[[-90.5651473,41.5170859],[-90.5648617,41.5171072]]}},{"type":"Feature","properties":{"id":"way/255566080","access":"private","highway":"service"},"geometry":{"type":"LineString","coordinates":[[-90.5545568,41.5195735],[-90.556858,41.5194734]]}},{"type":"Feature","properties":{"id":"way/255566082","access":"private","highway":"service","oneway":"yes","service":"driveway","tiger:cfcc":"A41","tiger:county":"Rock Island, IL","tiger:reviewed":"no"},"geometry":{"type":"LineString","coordinates":[[-90.5632483,41.5171764],[-90.5631726,41.5171422],[-90.5631138,41.5171172],[-90.5630224,41.5170499],[-90.5629692,41.517009],[-90.5628487,41.5169202]]}},{"type":"Feature","properties":{"id":"way/255566083","access":"private","highway":"residential","maxspeed":"25 mph","name":"Gillespie Street","tiger:cfcc":"A41","tiger:county":"Rock Island, IL","tiger:name_base":"Gillespie","tiger:name_type":"Ave","tiger:reviewed":"no","tiger:zip_left":"61201","tiger:zip_right":"61201"},"geometry":{"type":"LineString","coordinates":[[-90.5473045,41.5192034],[-90.5473108,41.5193261],[-90.547323,41.519495],[-90.5473269,41.5195484],[-90.5474326,41.5210111],[-90.5474664,41.5213584],[-90.5474796,41.5216577],[-90.5474938,41.5219813]]}},{"type":"Feature","properties":{"id":"way/256044563","access":"private","highway":"service"},"geometry":{"type":"LineString","coordinates":[[-90.5563986,41.5209306],[-90.5564136,41.5207956],[-90.5564405,41.5204722]]}},{"type":"Feature","properties":{"id":"way/256044568","access":"private","highway":"service"},"geometry":{"type":"LineString","coordinates":[[-90.549464,41.5222575],[-90.5494968,41.5221929],[-90.5495203,41.5221121],[-90.5495246,41.5219692],[-90.549514,41.5217428],[-90.5494989,41.5215602],[-90.5494933,41.5214927],[-90.5494909,41.5214629],[-90.5494759,41.5214117],[-90.5494473,41.5213782],[-90.5494055,41.5213447],[-90.5493337,41.5213141]]}},{"type":"Feature","properties":{"id":"way/256044569","highway":"service"},"geometry":{"type":"LineString","coordinates":[[-90.5561185,41.5214364],[-90.5560327,41.5214281],[-90.5559925,41.5214201],[-90.5559361,41.521402],[-90.5558891,41.5213808],[-90.5558423,41.5213318]]}},{"type":"Feature","properties":{"id":"way/256044570","access":"private","highway":"service","service":"driveway"},"geometry":{"type":"LineString","coordinates":[[-90.5483416,41.5222798],[-90.5483964,41.5223218],[-90.5484555,41.522376],[-90.5485284,41.5224646]]}},{"type":"Feature","properties":{"id":"way/256057425","access":"private","highway":"residential","maxspeed":"30 mph","name":"East Avenue","tiger:cfcc":"A41","tiger:county":"Rock Island, IL","tiger:name_base":"East","tiger:name_type":"St","tiger:reviewed":"no"},"geometry":{"type":"LineString","coordinates":[[-90.5412889,41.5194248],[-90.5412952,41.5195105],[-90.541315,41.5198001],[-90.5413295,41.5200122],[-90.5413692,41.5205934],[-90.5414091,41.5211401],[-90.5414194,41.5213284],[-90.5414701,41.5221463],[-90.5414939,41.5222587],[-90.5415089,41.5226691],[-90.5415019,41.5227139],[-90.5414614,41.5227791]]}},{"type":"Feature","properties":{"id":"way/256057427","access":"private","highway":"unclassified","name":"South Avenue","tiger:cfcc":"A41","tiger:county":"Rock Island, IL","tiger:name_base":"South","tiger:name_type":"Ave","tiger:reviewed":"no"},"geometry":{"type":"LineString","coordinates":[[-90.547159,41.5164646],[-90.5469109,41.5164725],[-90.5465838,41.5164855],[-90.5463633,41.5164942],[-90.5456482,41.5165225],[-90.5448452,41.5165542],[-90.5447282,41.5165577],[-90.544577,41.5165622],[-90.5440907,41.5165835],[-90.5435283,41.5166082],[-90.542965,41.5166325],[-90.542873,41.516635],[-90.5427122,41.5166394],[-90.5418741,41.5166621],[-90.5417468,41.5166655],[-90.5412618,41.5166787],[-90.5411138,41.5166814]]}},{"type":"Feature","properties":{"id":"way/256057428","access":"private","highway":"unclassified","name":"Chestnut Avenue","tiger:cfcc":"A41","tiger:county":"Rock Island, IL","tiger:name_base":"Chestnut","tiger:name_type":"Ave","tiger:reviewed":"no"},"geometry":{"type":"LineString","coordinates":[[-90.5446333,41.51602],[-90.5446118,41.5159939],[-90.5445502,41.5159677],[-90.5445109,41.5159561],[-90.5444616,41.5159416],[-90.5442902,41.5159207],[-90.5442471,41.5159155],[-90.5441103,41.5158954],[-90.5440721,41.5158895],[-90.5438735,41.5158591],[-90.543783,41.5158452],[-90.5436608,41.5158219],[-90.5432466,41.5157428],[-90.5424875,41.5156243],[-90.5424029,41.5156049],[-90.5423728,41.5155956],[-90.5423385,41.5155849],[-90.5421504,41.5154953],[-90.541963,41.5154061],[-90.5419077,41.5153779],[-90.541617,41.5152294],[-90.5414576,41.5151483],[-90.5413798,41.5151222],[-90.5412296,41.5151102],[-90.5410773,41.5151178],[-90.5410132,41.515121]]}},{"type":"Feature","properties":{"id":"way/256057430","access":"private","highway":"residential","maxspeed":"25 mph","name":"Hedge Lane","tiger:cfcc":"A41","tiger:county":"Rock Island, IL","tiger:name_base":"Hedge","tiger:name_type":"Ln","tiger:reviewed":"no"},"geometry":{"type":"LineString","coordinates":[[-90.5414194,41.5213284],[-90.5416354,41.5213762],[-90.5423853,41.5215167],[-90.5424365,41.5215275],[-90.5431094,41.5216692],[-90.543229,41.5216863],[-90.5433846,41.5217051],[-90.5438739,41.5217618],[-90.5443592,41.5218181],[-90.5446797,41.5218598],[-90.5448655,41.5218923],[-90.5449318,41.5219032],[-90.545153,41.5219396],[-90.5453468,41.5219747],[-90.5454229,41.5219886],[-90.5454916,41.5219971],[-90.5456833,41.5220145],[-90.5458026,41.522021],[-90.5459328,41.5220289],[-90.545973,41.52203],[-90.5460656,41.5220326],[-90.5460947,41.5220316],[-90.5472875,41.5219887],[-90.5474938,41.5219813]]}},{"type":"Feature","properties":{"id":"way/256057685","access":"private","highway":"unclassified","name":"Sylvan Drive","tiger:cfcc":"A41","tiger:county":"Rock Island, IL","tiger:name_base":"Sylvan","tiger:name_type":"Dr","tiger:reviewed":"no"},"geometry":{"type":"LineString","coordinates":[[-90.5573326,41.5147766],[-90.5573229,41.5145698],[-90.5572988,41.5143649],[-90.55728,41.5141781],[-90.5572376,41.5140335],[-90.5571861,41.5139351],[-90.5571116,41.5137985],[-90.5570204,41.513676],[-90.556948,41.5135937],[-90.5568401,41.5134852],[-90.5567409,41.5134109],[-90.5566041,41.5133105],[-90.5564652,41.5132281],[-90.5563225,41.5131659],[-90.5561916,41.5131177],[-90.556006,41.5130594],[-90.5558531,41.5130293],[-90.5556868,41.5129992],[-90.5555312,41.5129731],[-90.555395,41.5129429],[-90.5552308,41.5129108],[-90.5550838,41.5128726],[-90.5548794,41.5128044],[-90.5546085,41.512722],[-90.5544771,41.5126678],[-90.5544052,41.5126256],[-90.5542786,41.5125252],[-90.5542336,41.512485],[-90.554174,41.5124649],[-90.5538682,41.5123725],[-90.5538173,41.5123645],[-90.553614,41.5123404],[-90.5534686,41.5123223],[-90.5533404,41.5123022],[-90.5532486,41.5122781],[-90.5531365,41.512248],[-90.5530353,41.5122137],[-90.552849,41.5121636],[-90.5527422,41.5121476],[-90.5526264,41.5121395],[-90.5525577,41.5121373],[-90.5525003,41.5121355],[-90.5522884,41.5121395],[-90.5517713,41.5121677],[-90.5506803,41.512202],[-90.5498852,41.5122381],[-90.5486931,41.5122755],[-90.5485058,41.5122783],[-90.5483612,41.5122714],[-90.5480349,41.5121228],[-90.5478532,41.5120909],[-90.5472414,41.5121228],[-90.5468595,41.5121395]]}},{"type":"Feature","properties":{"id":"way/256093255","highway":"service"},"geometry":{"type":"LineString","coordinates":[[-90.5663418,41.5109023],[-90.5662062,41.5108409],[-90.5657985,41.5107284],[-90.5650206,41.5105498],[-90.5634033,41.5101762],[-90.5622848,41.5099231],[-90.5615499,41.5097624],[-90.5603751,41.5094752],[-90.5595436,41.5092844],[-90.5593075,41.5092261],[-90.5592298,41.5092121],[-90.5591627,41.5092161],[-90.5591289,41.5092271],[-90.5591207,41.5092372],[-90.5590474,41.5092522],[-90.558865,41.5092161],[-90.5585833,41.50919],[-90.5582411,41.5091677],[-90.5577358,41.5091418],[-90.5572664,41.5091297],[-90.5570142,41.5091297],[-90.5562632,41.5091598],[-90.5560406,41.5091799],[-90.5558797,41.5091819],[-90.5557456,41.5091578],[-90.5554478,41.5091056],[-90.5552574,41.5090895],[-90.5551605,41.5090895],[-90.5551099,41.5090895],[-90.5545869,41.5091056],[-90.5541738,41.5091016],[-90.5540397,41.5090915],[-90.5539914,41.5090755],[-90.5539458,41.5090534],[-90.5538707,41.5090072],[-90.5538385,41.5089489],[-90.5538171,41.5088766],[-90.5538059,41.5087862],[-90.5537929,41.5086818],[-90.5537913,41.5086254],[-90.5537688,41.5085773],[-90.5537446,41.5085432],[-90.5536816,41.5084917],[-90.55364,41.5084568],[-90.5535327,41.5084227],[-90.5534228,41.5084006],[-90.5532699,41.5083845],[-90.5528568,41.5083363],[-90.552374,41.5083223],[-90.5521568,41.5083142],[-90.5516257,41.5082921],[-90.5514299,41.5082841],[-90.5511241,41.508268],[-90.5508559,41.5082459],[-90.55018,41.5081736],[-90.549783,41.5081234],[-90.5494585,41.5080812],[-90.5491232,41.508031],[-90.5486377,41.5079587],[-90.5484446,41.5079326],[-90.5481308,41.5079025],[-90.5476748,41.5078623],[-90.5473181,41.5078301],[-90.5470767,41.5078161],[-90.546846,41.5078081],[-90.5465134,41.507802],[-90.5460145,41.507788],[-90.5454908,41.5077562]]}},{"type":"Feature","properties":{"id":"way/258200734","highway":"service","service":"alley"},"geometry":{"type":"LineString","coordinates":[[-90.596912,41.5382583],[-90.5969126,41.5381797],[-90.5969128,41.5381477],[-90.596922,41.536951],[-90.5969226,41.5368771]]}},{"type":"Feature","properties":{"id":"way/258200735","highway":"tertiary","lanes":"2","maxspeed":"25 mph","name":"Bridge Avenue","oneway":"no","surface":"asphalt","tiger:cfcc":"A41","tiger:county":"Scott, IA","tiger:name_base":"Bridge","tiger:name_type":"Ave","tiger:reviewed":"no"},"geometry":{"type":"LineString","coordinates":[[-90.5578904,41.5322905],[-90.5578945,41.5325001],[-90.5578892,41.53289],[-90.557895,41.534063],[-90.557902,41.534542],[-90.557898,41.535047],[-90.557894,41.535577],[-90.5578905,41.5360671],[-90.55789,41.536135],[-90.5578892,41.5362558],[-90.5578904,41.5363316],[-90.5579136,41.5378428],[-90.5579165,41.5380299],[-90.5579296,41.5381326],[-90.5580125,41.5382965],[-90.5580806,41.5384104],[-90.5581346,41.5385553],[-90.5581583,41.5386343],[-90.5581665,41.5387012],[-90.5581692,41.5387545],[-90.5581693,41.5388942],[-90.5581604,41.5395584],[-90.5581344,41.5405685],[-90.5581288,41.5408527],[-90.558121,41.5408926],[-90.558099,41.5409357],[-90.5580802,41.5409688],[-90.5580684,41.5410122],[-90.558067,41.541454],[-90.558063,41.5415855],[-90.558058,41.54175],[-90.558052,41.541898],[-90.558036,41.542376],[-90.558021,41.542842],[-90.558017,41.543043],[-90.55801,41.543325],[-90.5580045,41.5435897],[-90.558004,41.543614],[-90.558,41.543768],[-90.557988,41.5442123],[-90.5579877,41.5442286],[-90.557987,41.5442589],[-90.55798,41.5446666],[-90.557971,41.545089],[-90.557965,41.545328],[-90.55796,41.545585],[-90.5579551,41.5459688],[-90.557949,41.546537],[-90.5579431,41.5471184],[-90.557944,41.547664],[-90.557946,41.548219],[-90.557947,41.548719],[-90.5579487,41.5492224]]}},{"type":"Feature","properties":{"id":"way/258200736","highway":"tertiary","lanes":"2","maxspeed":"25 mph","name":"East 12th Street","oneway":"no","tiger:cfcc":"A41","tiger:county":"Scott, IA","tiger:name_base":"12th","tiger:name_direction_prefix":"E","tiger:name_type":"St","tiger:reviewed":"no","tiger:zip_left":"52803","tiger:zip_right":"52803"},"geometry":{"type":"LineString","coordinates":[[-90.5592305,41.5322834],[-90.55875,41.532285],[-90.5578904,41.5322905],[-90.557179,41.532293],[-90.556491,41.532293],[-90.556436,41.532293],[-90.555785,41.532294],[-90.555102,41.532295],[-90.554397,41.532295],[-90.553816,41.532296],[-90.55373,41.532297],[-90.552336,41.5323],[-90.5518117,41.5323022],[-90.5517026,41.5323012],[-90.5516026,41.532291],[-90.5511297,41.5322218],[-90.5507696,41.5321751],[-90.5506045,41.5321643],[-90.549187,41.532161],[-90.5478151,41.5321528],[-90.5469774,41.5321497]]}},{"type":"Feature","properties":{"id":"way/258200740","highway":"residential","maxspeed":"25 mph","name":"Oneida Avenue","oneway":"no","tiger:cfcc":"A41","tiger:county":"Scott, IA","tiger:name_base":"Oneida","tiger:name_type":"Ave","tiger:reviewed":"no","tiger:zip_left":"52803","tiger:zip_right":"52803"},"geometry":{"type":"LineString","coordinates":[[-90.5592305,41.5322834],[-90.5592163,41.532882]]}},{"type":"Feature","properties":{"id":"way/338646733","access":"private","highway":"unclassified","name":"Sylvan Drive","tiger:cfcc":"A41","tiger:county":"Rock Island, IL","tiger:name_base":"Sylvan;Gillespie","tiger:name_type":"Dr;Ave","tiger:reviewed":"no","tiger:zip_left":"61201","tiger:zip_right":"61201"},"geometry":{"type":"LineString","coordinates":[[-90.5468595,41.5121395],[-90.5469122,41.5128821],[-90.5469171,41.5129517],[-90.5469776,41.5136298],[-90.5469956,41.5138468],[-90.5470018,41.513921],[-90.5470089,41.5140735]]}},{"type":"Feature","properties":{"id":"way/338646737","access":"private","highway":"service"},"geometry":{"type":"LineString","coordinates":[[-90.5469122,41.5128821],[-90.5463915,41.5128015],[-90.5461372,41.5127995],[-90.5459286,41.5128326],[-90.5454929,41.5129467],[-90.54482,41.5130865]]}},{"type":"Feature","properties":{"id":"way/338647186","access":"private","highway":"service"},"geometry":{"type":"LineString","coordinates":[[-90.5414944,41.5128953],[-90.5415925,41.5131286],[-90.5415676,41.5132326],[-90.5415636,41.513267],[-90.5415545,41.5133279],[-90.5415638,41.5134183],[-90.5415649,41.513429],[-90.5415653,41.5134941],[-90.5415843,41.513591],[-90.5416267,41.5136361],[-90.5416663,41.5136559],[-90.5417094,41.5136662],[-90.5417744,41.5136649],[-90.5417979,41.5136595],[-90.541849,41.5136359],[-90.5418886,41.5135954],[-90.5419007,41.5135669],[-90.5418966,41.5135079],[-90.5418675,41.5133724],[-90.5418389,41.5132395],[-90.5415925,41.5131286]]}},{"type":"Feature","properties":{"id":"way/338647187","access":"private","highway":"service"},"geometry":{"type":"LineString","coordinates":[[-90.5406331,41.5137685],[-90.5408318,41.5137297],[-90.5412165,41.5136908],[-90.5414649,41.5136728],[-90.5416267,41.5136361]]}},{"type":"Feature","properties":{"id":"way/341901744","highway":"service","oneway":"yes","service":"driveway","surface":"asphalt"},"geometry":{"type":"LineString","coordinates":[[-90.5816794,41.5382815],[-90.5817076,41.5383304],[-90.581733,41.5383746],[-90.581733,41.5385634],[-90.5817491,41.5386115],[-90.5817974,41.5386657],[-90.5818591,41.5386858],[-90.5819315,41.5386858],[-90.5819959,41.5386597],[-90.5820495,41.5386015],[-90.5820603,41.5383827],[-90.5821117,41.538328],[-90.5821568,41.5382801]]}},{"type":"Feature","properties":{"id":"way/341907431","highway":"service","service":"alley","surface":"bricks"},"geometry":{"type":"LineString","coordinates":[[-90.5747714,41.5281638],[-90.5747767,41.5268122]]}},{"type":"Feature","properties":{"id":"way/342662573","highway":"residential","maxspeed":"25 mph","name":"McClellan Boulevard","oneway":"yes","tiger:cfcc":"A45","tiger:county":"Scott, IA","tiger:name_base":"McClellan","tiger:name_type":"Blvd","tiger:reviewed":"no"},"geometry":{"type":"LineString","coordinates":[[-90.5400047,41.5343504],[-90.5399272,41.5343242],[-90.5398264,41.5343143],[-90.539488,41.5343007],[-90.5392164,41.5342646],[-90.5390041,41.5342272],[-90.5388211,41.5341757],[-90.5385711,41.5340712],[-90.538448,41.5340016],[-90.5383309,41.5339276],[-90.5381199,41.5337478],[-90.5379125,41.5334727],[-90.5377633,41.5332248],[-90.537684,41.5330454],[-90.5376117,41.5329203],[-90.5374745,41.5327058],[-90.5372865,41.5323573],[-90.536967,41.5318814],[-90.5368815,41.5317666],[-90.5366913,41.5315112],[-90.5362746,41.5310669],[-90.5361319,41.5309127],[-90.536109,41.5308762],[-90.5360378,41.5307622],[-90.5359616,41.5306153],[-90.5359259,41.5304891],[-90.535913,41.5303531],[-90.535918,41.5302869],[-90.5359632,41.5301213],[-90.5360151,41.5299901],[-90.5361173,41.5298712],[-90.5362227,41.5297789],[-90.5362467,41.5297628],[-90.5363313,41.5297061],[-90.5364595,41.5296636],[-90.5365989,41.5296405],[-90.53674,41.5296393],[-90.5368036,41.5296442],[-90.5369281,41.5296539],[-90.5370773,41.5296466],[-90.5372508,41.5296199],[-90.5373724,41.5295895],[-90.5374843,41.5295276],[-90.5375913,41.5294609],[-90.5376708,41.5293977],[-90.5378265,41.5292411],[-90.5379173,41.5291647],[-90.5380338,41.5290975],[-90.5381523,41.5290579],[-90.538289,41.529036],[-90.5384313,41.5290171],[-90.5385302,41.5289778]]}},{"type":"Feature","properties":{"id":"way/352886129","highway":"residential","maxspeed":"25 mph","name":"Scott Street"},"geometry":{"type":"LineString","coordinates":[[-90.5797852,41.548641],[-90.5797938,41.5482489],[-90.5798101,41.5478503],[-90.5798317,41.5466825],[-90.5798478,41.5455158],[-90.579839,41.544294],[-90.579855,41.543075],[-90.5798944,41.5418469]]}},{"type":"Feature","properties":{"id":"way/361467346","highway":"service","service":"driveway"},"geometry":{"type":"LineString","coordinates":[[-90.5762304,41.5124971],[-90.5761626,41.5125182],[-90.576128,41.5125501],[-90.5761099,41.512599],[-90.5760983,41.5129262],[-90.576163,41.5129801],[-90.5761789,41.5129933],[-90.5762819,41.5130235],[-90.5764252,41.5130352],[-90.5765394,41.5130218],[-90.5766396,41.5130086],[-90.576644,41.5129403],[-90.5766439,41.512903],[-90.5766241,41.5128288],[-90.5765461,41.5126915],[-90.5765186,41.5126507],[-90.576449,41.5125473],[-90.5764048,41.5125088],[-90.5763163,41.5124968],[-90.5762304,41.5124971]]}},{"type":"Feature","properties":{"id":"way/362096605","highway":"service","surface":"paved","tiger:cfcc":"A41","tiger:county":"Scott, IA","tiger:reviewed":"no"},"geometry":{"type":"LineString","coordinates":[[-90.57853,41.5387976],[-90.5784309,41.5387978],[-90.5782849,41.5387981],[-90.5780393,41.5387985],[-90.5779135,41.5387987],[-90.5775195,41.5388003],[-90.5773966,41.5388008],[-90.5772828,41.5387922]]}},{"type":"Feature","properties":{"id":"way/376459456","highway":"service","service":"parking_aisle"},"geometry":{"type":"LineString","coordinates":[[-90.5785271,41.5409159],[-90.5786222,41.540917],[-90.578791,41.5409189],[-90.5794113,41.5409206]]}},{"type":"Feature","properties":{"id":"way/376459457","highway":"service"},"geometry":{"type":"LineString","coordinates":[[-90.5798944,41.5418469],[-90.5799026,41.541653],[-90.5799001,41.5414793],[-90.5798976,41.5412967],[-90.5798961,41.5411948],[-90.5799189,41.5411123]]}},{"type":"Feature","properties":{"id":"way/376459458","highway":"service"},"geometry":{"type":"LineString","coordinates":[[-90.5794137,41.5411134],[-90.5794113,41.5409206],[-90.5794086,41.5408641],[-90.579399,41.5406629],[-90.57939,41.5404756],[-90.5793701,41.5404446],[-90.5793086,41.5404135],[-90.5792287,41.5404055],[-90.5787056,41.540408]]}},{"type":"Feature","properties":{"id":"way/376459460","highway":"service"},"geometry":{"type":"LineString","coordinates":[[-90.578791,41.5409189],[-90.578786,41.5411146],[-90.5787807,41.5412966],[-90.5787756,41.5414746],[-90.5787704,41.541653],[-90.5799026,41.541653]]}},{"type":"Feature","properties":{"id":"way/392789437","highway":"service","service":"parking_aisle"},"geometry":{"type":"LineString","coordinates":[[-90.563398,41.5171722],[-90.56336,41.5170518],[-90.5635439,41.5168655],[-90.5633208,41.5166162],[-90.5632802,41.516606],[-90.5631632,41.5165765]]}},{"type":"Feature","properties":{"id":"way/392789438","highway":"service","service":"parking_aisle"},"geometry":{"type":"LineString","coordinates":[[-90.5633208,41.5166162],[-90.5639361,41.5162697],[-90.5638261,41.5162035],[-90.5634801,41.516083],[-90.5634626,41.5160805],[-90.5633254,41.5160607]]}},{"type":"Feature","properties":{"id":"way/403107471","highway":"service","service":"alley"},"geometry":{"type":"LineString","coordinates":[[-90.5623158,41.5414163],[-90.5615961,41.541418],[-90.5599192,41.541425]]}},{"type":"Feature","properties":{"id":"way/403116358","highway":"service","service":"alley"},"geometry":{"type":"LineString","coordinates":[[-90.5853814,41.545519],[-90.5853797,41.5454323],[-90.5853726,41.544859],[-90.5853644,41.5440997],[-90.5853635,41.5440204]]}},{"type":"Feature","properties":{"id":"way/403116634","highway":"service","service":"alley"},"geometry":{"type":"LineString","coordinates":[[-90.5865559,41.5449068],[-90.5865549,41.5454368],[-90.5865547,41.5455188]]}},{"type":"Feature","properties":{"id":"way/403116790","highway":"service","service":"alley"},"geometry":{"type":"LineString","coordinates":[[-90.5998171,41.546396],[-90.5998259,41.545975],[-90.5998288,41.5455096]]}},{"type":"Feature","properties":{"id":"way/403126270","highway":"service"},"geometry":{"type":"LineString","coordinates":[[-90.5755802,41.5229728],[-90.5756942,41.5229816],[-90.5757216,41.5229837],[-90.5765436,41.5229837],[-90.5768759,41.5229837],[-90.5769202,41.5229867],[-90.577042,41.522995]]}},{"type":"Feature","properties":{"id":"way/403126814","highway":"service"},"geometry":{"type":"LineString","coordinates":[[-90.5594327,41.5361318],[-90.5594366,41.5362518]]}},{"type":"Feature","properties":{"id":"way/403127464","highway":"service"},"geometry":{"type":"LineString","coordinates":[[-90.5609732,41.5361285],[-90.5609692,41.5362478]]}},{"type":"Feature","properties":{"id":"way/403127543","highway":"service"},"geometry":{"type":"LineString","coordinates":[[-90.5504065,41.5350878],[-90.5503605,41.5349825]]}},{"type":"Feature","properties":{"id":"way/403127620","highway":"service"},"geometry":{"type":"LineString","coordinates":[[-90.5478538,41.5349269],[-90.5478937,41.5348171]]}},{"type":"Feature","properties":{"id":"way/403127814","highway":"service"},"geometry":{"type":"LineString","coordinates":[[-90.5459801,41.5337822],[-90.5458478,41.5338459]]}},{"type":"Feature","properties":{"id":"way/403127910","highway":"tertiary","maxspeed":"30 mph","maxweightrating:hgv":"7 st","name":"Kirkwood Boulevard","oneway":"yes","tiger:cfcc":"A45","tiger:county":"Scott, IA","tiger:name_base":"Kirkwood","tiger:name_type":"Blvd","tiger:reviewed":"no"},"geometry":{"type":"LineString","coordinates":[[-90.5471308,41.534788],[-90.5478538,41.5349269],[-90.5488555,41.5351314],[-90.5490374,41.5351616],[-90.5491875,41.535167],[-90.549332,41.5351652],[-90.5502255,41.5351167],[-90.5504065,41.5350878],[-90.5505265,41.5350463],[-90.5506093,41.5350028],[-90.5515647,41.5344739],[-90.5517214,41.5344049],[-90.551845,41.534367],[-90.552028,41.53434],[-90.5521586,41.5343346],[-90.5523446,41.534344],[-90.552506,41.5343689],[-90.552644,41.5344046],[-90.5535602,41.5346951],[-90.553731,41.5347463],[-90.5538843,41.534773],[-90.5540613,41.5347869],[-90.5544601,41.5348074],[-90.5548557,41.53484],[-90.5550176,41.5348692],[-90.5551297,41.5349042],[-90.5553001,41.5349728],[-90.555827,41.5352002],[-90.5563431,41.5354152],[-90.5565198,41.5355132],[-90.5566958,41.5356626],[-90.5570668,41.5360533],[-90.5571277,41.5361052],[-90.5572133,41.5361617],[-90.5573326,41.5362165],[-90.5574641,41.5362444],[-90.5575985,41.5362594],[-90.5577663,41.5362573],[-90.5578892,41.5362558]]}},{"type":"Feature","properties":{"id":"way/403127948","highway":"tertiary","maxspeed":"30 mph","maxweightrating:hgv":"7 st","name":"Kirkwood Boulevard","tiger:cfcc":"A45","tiger:county":"Scott, IA","tiger:name_base":"Kirkwood","tiger:name_type":"Blvd","tiger:reviewed":"no"},"geometry":{"type":"LineString","coordinates":[[-90.543936,41.532784],[-90.5433981,41.5325804]]}},{"type":"Feature","properties":{"id":"way/403295756","highway":"service","surface":"brick"},"geometry":{"type":"LineString","coordinates":[[-90.5859126,41.524545],[-90.5877812,41.5245464],[-90.5888102,41.5245484],[-90.5893216,41.5245464],[-90.5895428,41.5245398],[-90.5901737,41.5245431],[-90.5906479,41.5245438],[-90.5908862,41.5245464],[-90.5925137,41.5245378]]}},{"type":"Feature","properties":{"id":"way/441001902","highway":"trunk","maxspeed":"30 mph","name":"16th Street","tiger:cfcc":"A41","tiger:county":"Rock Island, IL","tiger:name_base":"16th","tiger:name_type":"St","tiger:reviewed":"no","tiger:zip_left":"61201","tiger:zip_right":"61201"},"geometry":{"type":"LineString","coordinates":[[-90.5782662,41.5116591],[-90.5781723,41.5114493],[-90.5781126,41.5112929]]}},{"type":"Feature","properties":{"id":"way/472327483","highway":"residential","maxspeed":"25 mph","name":"Arlington Avenue","surface":"asphalt"},"geometry":{"type":"LineString","coordinates":[[-90.5623093,41.540962],[-90.5623158,41.5414163]]}},{"type":"Feature","properties":{"id":"way/472327485","highway":"residential","maxspeed":"25 mph","name":"Grand Court","oneway":"no","surface":"asphalt"},"geometry":{"type":"LineString","coordinates":[[-90.5599056,41.5419021],[-90.558052,41.541898]]}},{"type":"Feature","properties":{"id":"way/472327489","highway":"service","service":"alley"},"geometry":{"type":"LineString","coordinates":[[-90.558036,41.542376],[-90.558441,41.542393],[-90.5599009,41.54238],[-90.5623192,41.5423778]]}},{"type":"Feature","properties":{"id":"way/472386022","highway":"service","service":"parking_aisle","surface":"asphalt"},"geometry":{"type":"LineString","coordinates":[[-90.5862274,41.5199549],[-90.5862363,41.5194431]]}},{"type":"Feature","properties":{"id":"way/472386023","highway":"service","service":"alley"},"geometry":{"type":"LineString","coordinates":[[-90.571889,41.526786],[-90.5718788,41.5287361],[-90.5718864,41.5290589],[-90.5718926,41.5293216],[-90.5718954,41.5298417],[-90.571895,41.5299653]]}},{"type":"Feature","properties":{"id":"way/472386024","highway":"service","service":"parking_aisle","surface":"asphalt"},"geometry":{"type":"LineString","coordinates":[[-90.5920324,41.5163393],[-90.5920426,41.5164022],[-90.5920109,41.5165023],[-90.5919746,41.5165482],[-90.5918998,41.516572],[-90.591047,41.5168301],[-90.5909219,41.516859]]}},{"type":"Feature","properties":{"id":"way/472386043","highway":"service","surface":"asphalt"},"geometry":{"type":"LineString","coordinates":[[-90.589961,41.531632],[-90.58997,41.531231],[-90.5899567,41.5309754],[-90.5899041,41.5309066],[-90.5899055,41.5304929]]}},{"type":"Feature","properties":{"id":"way/472386044","highway":"service","service":"alley"},"geometry":{"type":"LineString","coordinates":[[-90.5908155,41.5320848],[-90.5889466,41.5320828]]}},{"type":"Feature","properties":{"id":"way/472386045","highway":"service","surface":"asphalt"},"geometry":{"type":"LineString","coordinates":[[-90.5879365,41.5316365],[-90.5879467,41.5314521]]}},{"type":"Feature","properties":{"id":"way/510548674","highway":"service"},"geometry":{"type":"LineString","coordinates":[[-90.5633481,41.5154931],[-90.56309,41.5154799]]}},{"type":"Feature","properties":{"id":"way/510548675","highway":"service"},"geometry":{"type":"LineString","coordinates":[[-90.5627932,41.516271],[-90.5629921,41.5161595],[-90.5630531,41.5160925],[-90.5630609,41.5160588],[-90.5630693,41.5160225],[-90.5630745,41.5158865],[-90.5630821,41.5156879],[-90.56309,41.5154799]]}},{"type":"Feature","properties":{"id":"way/542881910","highway":"residential","lit":"yes","maxspeed":"30 mph","name":"2nd Avenue","oneway":"no","surface":"concrete"},"geometry":{"type":"LineString","coordinates":[[-90.5746392,41.5110718],[-90.5739466,41.5110614],[-90.5732266,41.5110505]]}},{"type":"Feature","properties":{"id":"way/542881914","highway":"service","service":"alley"},"geometry":{"type":"LineString","coordinates":[[-90.5740095,41.5116031],[-90.5739953,41.5121435]]}},{"type":"Feature","properties":{"id":"way/544188819","highway":"service"},"geometry":{"type":"LineString","coordinates":[[-90.5981428,41.5311882],[-90.5989718,41.531183],[-90.5990629,41.5311672],[-90.5991283,41.531127],[-90.599147,41.5310676],[-90.599147,41.5310204],[-90.5990792,41.5309714],[-90.5989602,41.5309138],[-90.5986683,41.5308683],[-90.5984208,41.5308403],[-90.598269,41.5308543],[-90.5981639,41.530919],[-90.598142,41.531004]]}},{"type":"Feature","properties":{"id":"way/544188820","highway":"service"},"geometry":{"type":"LineString","coordinates":[[-90.5990792,41.5309714],[-90.5991796,41.5309907],[-90.5996699,41.5310165],[-90.5997774,41.5310221],[-90.5998023,41.5310484],[-90.5997925,41.5312088],[-90.5997782,41.531442],[-90.5997801,41.5314841],[-90.5997889,41.5316757]]}},{"type":"Feature","properties":{"id":"way/548376579","access":"no","bus":"yes","highway":"service","layer":"-1","oneway":"yes"},"geometry":{"type":"LineString","coordinates":[[-90.5770581,41.5208119],[-90.5771126,41.5208199],[-90.5771671,41.5207897],[-90.5772353,41.5207519],[-90.577304,41.5207104],[-90.5774698,41.5205115],[-90.5776634,41.520445],[-90.5779082,41.5204439],[-90.5781323,41.5205338],[-90.5783283,41.5206969],[-90.5783828,41.5207551],[-90.5784265,41.5208021],[-90.5784525,41.5208135],[-90.5785339,41.5208489]]}},{"type":"Feature","properties":{"id":"way/554313371","highway":"service","oneway":"yes"},"geometry":{"type":"LineString","coordinates":[[-90.5770507,41.521003],[-90.5771471,41.5210012],[-90.5771699,41.5209936],[-90.5772678,41.5209611],[-90.5773831,41.520931],[-90.5775441,41.5208406],[-90.5779978,41.5208472],[-90.5780966,41.5208768],[-90.5782254,41.5209572],[-90.5783402,41.5209823],[-90.5784341,41.5209853],[-90.5785331,41.5209888]]}},{"type":"Feature","properties":{"id":"way/555876446","highway":"service","service":"drive-through"},"geometry":{"type":"LineString","coordinates":[[-90.5701138,41.5234967],[-90.5701121,41.5234064],[-90.5701085,41.5232197],[-90.5700991,41.5231986],[-90.5700709,41.5231785],[-90.5698446,41.5231754],[-90.5697106,41.5231735]]}},{"type":"Feature","properties":{"id":"way/555878000","highway":"service","service":"drive-through"},"geometry":{"type":"LineString","coordinates":[[-90.5760455,41.5213183],[-90.5760455,41.5212391],[-90.5760455,41.5207737],[-90.5757053,41.5207737],[-90.5756022,41.5207737]]}},{"type":"Feature","properties":{"id":"way/556300681","highway":"service","service":"parking_aisle","surface":"bricks"},"geometry":{"type":"LineString","coordinates":[[-90.5785467,41.5199054],[-90.5784372,41.5199055],[-90.5779676,41.5199059],[-90.5777435,41.5199061],[-90.577212,41.5199065],[-90.5770639,41.5199066]]}},{"type":"Feature","properties":{"id":"way/584331820","highway":"service","service":"parking_aisle"},"geometry":{"type":"LineString","coordinates":[[-90.545834,41.5288789],[-90.5457782,41.5287085],[-90.5444383,41.5289544],[-90.5444606,41.5290245],[-90.544494,41.5291246],[-90.545834,41.5288789]]}},{"type":"Feature","properties":{"id":"way/585923218","highway":"service","oneway":"yes"},"geometry":{"type":"LineString","coordinates":[[-90.5765051,41.5441416],[-90.5764734,41.5441224],[-90.5764352,41.5441119],[-90.5763944,41.5441111],[-90.5763555,41.5441203],[-90.5763226,41.5441384],[-90.5763018,41.5441596],[-90.5762898,41.5441842],[-90.5762877,41.5442125],[-90.576297,41.54424],[-90.5763169,41.5442641],[-90.5763455,41.5442826],[-90.5763803,41.5442938],[-90.5764179,41.5442968],[-90.5764362,41.5442951],[-90.5764721,41.5442852],[-90.5765024,41.5442677],[-90.5765241,41.5442442],[-90.5765353,41.5442168],[-90.5765348,41.5441882],[-90.5765239,41.5441649],[-90.5765051,41.5441416]]}},{"type":"Feature","properties":{"id":"way/590303124","highway":"residential","maxspeed":"25 mph","maxweightrating:hgv":"7 st","name":"Iowa Street","tiger:cfcc":"A41","tiger:county":"Scott, IA","tiger:name_base":"Iowa","tiger:name_type":"St","tiger:reviewed":"no","tiger:zip_left":"52803","tiger:zip_left_1":"52803","tiger:zip_right":"52803","tiger:zip_right_1":"52803"},"geometry":{"type":"LineString","coordinates":[[-90.5696955,41.5309409],[-90.5696977,41.5314655],[-90.5696976,41.5319964],[-90.5697035,41.5325175],[-90.569698,41.5330243],[-90.5697045,41.5335393],[-90.569709,41.534061],[-90.5697122,41.5345856],[-90.5697083,41.535101]]}},{"type":"Feature","properties":{"id":"way/590303125","highway":"residential","maxspeed":"25 mph","name":"Leclaire Street","tiger:cfcc":"A41","tiger:county":"Scott, IA","tiger:name_base":"Leclaire","tiger:name_type":"St","tiger:reviewed":"no"},"geometry":{"type":"LineString","coordinates":[[-90.5682499,41.5309304],[-90.5682488,41.5309853],[-90.5682391,41.5314675],[-90.5682354,41.531987],[-90.5682348,41.5330123],[-90.56823,41.533528],[-90.5682351,41.5340511]]}},{"type":"Feature","properties":{"id":"way/590303126","highway":"residential","maxspeed":"25 mph","name":"East 11th Street","tiger:cfcc":"A41","tiger:county":"Scott, IA","tiger:name_base":"11th","tiger:name_direction_prefix":"E","tiger:name_type":"St","tiger:reviewed":"no","tiger:zip_left":"52803","tiger:zip_right":"52803"},"geometry":{"type":"LineString","coordinates":[[-90.5682499,41.5309304],[-90.5674894,41.53092],[-90.566771,41.530915]]}},{"type":"Feature","properties":{"id":"way/615384462","highway":"service","service":"alley","surface":"brick"},"geometry":{"type":"LineString","coordinates":[[-90.5814429,41.5262721],[-90.5829449,41.526256],[-90.584426,41.526254]]}},{"type":"Feature","properties":{"id":"way/615384463","highway":"residential","maxspeed":"25 mph","name":"Western Avenue","surface":"bricks","tiger:cfcc":"A41","tiger:county":"Scott, IA","tiger:name_base":"Western","tiger:name_type":"Ave","tiger:reviewed":"no"},"geometry":{"type":"LineString","coordinates":[[-90.5814519,41.5257139],[-90.5814567,41.525176],[-90.5814596,41.5248427],[-90.5814613,41.5246441],[-90.5814621,41.5245716]]}},{"type":"Feature","properties":{"id":"way/620726765","highway":"service","oneway":"yes","service":"parking_aisle"},"geometry":{"type":"LineString","coordinates":[[-90.5904927,41.5170993],[-90.5903768,41.5170343],[-90.5903352,41.5170236],[-90.5891109,41.5170785],[-90.58902,41.5171589]]}},{"type":"Feature","properties":{"id":"way/620744662","highway":"service","service":"parking_aisle"},"geometry":{"type":"LineString","coordinates":[[-90.581524,41.51949],[-90.5806964,41.5194987]]}},{"type":"Feature","properties":{"id":"way/620744663","highway":"service","service":"parking_aisle"},"geometry":{"type":"LineString","coordinates":[[-90.5827396,41.5198153],[-90.5815158,41.5198313],[-90.5807035,41.5198352]]}},{"type":"Feature","properties":{"id":"way/620744664","highway":"service","service":"parking_aisle"},"geometry":{"type":"LineString","coordinates":[[-90.5827356,41.5196523],[-90.5815198,41.5196627],[-90.5806999,41.5196626]]}},{"type":"Feature","properties":{"id":"way/620745210","highway":"service","oneway":"yes","service":"parking_aisle"},"geometry":{"type":"LineString","coordinates":[[-90.5464946,41.5303037],[-90.5457376,41.5303057],[-90.5457422,41.5304694],[-90.5464957,41.5304729]]}},{"type":"Feature","properties":{"id":"way/632361268","highway":"service","service":"driveway"},"geometry":{"type":"LineString","coordinates":[[-90.5753159,41.545457],[-90.5753159,41.5454371],[-90.5753159,41.5453629]]}},{"type":"Feature","properties":{"id":"way/632363555","highway":"service","oneway":"yes","service":"driveway"},"geometry":{"type":"LineString","coordinates":[[-90.5654271,41.5220635],[-90.5654184,41.5220843],[-90.5654193,41.522106],[-90.5654296,41.5221263],[-90.5654379,41.5221338],[-90.5654482,41.5221431],[-90.565473,41.5221543],[-90.5655012,41.5221589],[-90.5655298,41.5221564],[-90.5655558,41.5221471],[-90.5655764,41.522132],[-90.5655894,41.5221128],[-90.5655934,41.5220914],[-90.5655879,41.5220702],[-90.5655736,41.5220515],[-90.565552,41.5220373],[-90.5655251,41.522029],[-90.5654961,41.5220277],[-90.5654681,41.5220336],[-90.5654442,41.522046],[-90.5654271,41.5220635]]}},{"type":"Feature","properties":{"id":"way/632364918","highway":"service","service":"driveway"},"geometry":{"type":"LineString","coordinates":[[-90.5799473,41.5191963],[-90.5799104,41.5191606],[-90.5798881,41.51914],[-90.5797292,41.5189689],[-90.5797135,41.5189543]]}},{"type":"Feature","properties":{"id":"way/675740729","highway":"service"},"geometry":{"type":"LineString","coordinates":[[-90.5786837,41.5349153],[-90.5792041,41.5349153],[-90.5792082,41.5350934]]}},{"type":"Feature","properties":{"id":"way/675740730","highway":"service"},"geometry":{"type":"LineString","coordinates":[[-90.5793764,41.5218092],[-90.5791464,41.5218092],[-90.5789479,41.5218092],[-90.5789514,41.5215251],[-90.5791464,41.5215255],[-90.5793188,41.5215261],[-90.5793787,41.5215259],[-90.5793764,41.5218092]]}},{"type":"Feature","properties":{"id":"way/675740731","highway":"service"},"geometry":{"type":"LineString","coordinates":[[-90.5791464,41.5218092],[-90.5791464,41.5215255]]}},{"type":"Feature","properties":{"id":"way/675740732","highway":"service"},"geometry":{"type":"LineString","coordinates":[[-90.5793188,41.5215261],[-90.5793178,41.5214254],[-90.5793168,41.5213207]]}},{"type":"Feature","properties":{"id":"way/675740733","highway":"service","service":"alley"},"geometry":{"type":"LineString","coordinates":[[-90.5807249,41.5219762],[-90.5807249,41.5219263],[-90.5807249,41.5217391],[-90.5807249,41.5215351],[-90.5807249,41.5214184],[-90.5807249,41.5213189]]}},{"type":"Feature","properties":{"id":"way/675740734","highway":"service"},"geometry":{"type":"LineString","coordinates":[[-90.5799955,41.5219255],[-90.5802359,41.5219258]]}},{"type":"Feature","properties":{"id":"way/675740735","highway":"service","service":"parking_aisle"},"geometry":{"type":"LineString","coordinates":[[-90.5802359,41.521736],[-90.5802359,41.5219258]]}},{"type":"Feature","properties":{"id":"way/675740736","highway":"service","service":"parking_aisle"},"geometry":{"type":"LineString","coordinates":[[-90.5802359,41.521736],[-90.5807249,41.5217391]]}},{"type":"Feature","properties":{"id":"way/675740737","highway":"service","service":"parking_aisle"},"geometry":{"type":"LineString","coordinates":[[-90.5801951,41.521534],[-90.5807249,41.5215351]]}},{"type":"Feature","properties":{"id":"way/675740738","highway":"service","service":"parking_aisle"},"geometry":{"type":"LineString","coordinates":[[-90.5808312,41.5229809],[-90.580822,41.5225163],[-90.5808198,41.5224022]]}},{"type":"Feature","properties":{"id":"way/675740739","highway":"service","service":"alley"},"geometry":{"type":"LineString","coordinates":[[-90.5785277,41.5218781],[-90.5770488,41.5218881]]}},{"type":"Feature","properties":{"id":"way/675740740","highway":"service","service":"alley"},"geometry":{"type":"LineString","coordinates":[[-90.5770489,41.5218643],[-90.575594,41.521858]]}},{"type":"Feature","properties":{"id":"way/675740741","highway":"service","service":"alley"},"geometry":{"type":"LineString","coordinates":[[-90.5749561,41.5218751],[-90.5755938,41.5218786]]}},{"type":"Feature","properties":{"id":"way/675740742","highway":"service"},"geometry":{"type":"LineString","coordinates":[[-90.5787148,41.5219991],[-90.5788957,41.5219989],[-90.5795431,41.5219983]]}},{"type":"Feature","properties":{"id":"way/675740743","highway":"service"},"geometry":{"type":"LineString","coordinates":[[-90.5788957,41.5219989],[-90.5788916,41.5218783]]}},{"type":"Feature","properties":{"id":"way/675740744","highway":"service"},"geometry":{"type":"LineString","coordinates":[[-90.5822772,41.5216834],[-90.5821082,41.5216828],[-90.5818051,41.5216816],[-90.5816582,41.521681],[-90.5814876,41.5216804]]}},{"type":"Feature","properties":{"id":"way/675740745","highway":"service"},"geometry":{"type":"LineString","coordinates":[[-90.5822772,41.5216834],[-90.5822726,41.5215048],[-90.5822701,41.5214048],[-90.5822677,41.521312]]}},{"type":"Feature","properties":{"id":"way/675740746","highway":"service","service":"parking_aisle"},"geometry":{"type":"LineString","coordinates":[[-90.5821028,41.5214455],[-90.5821082,41.5216828]]}},{"type":"Feature","properties":{"id":"way/675740747","highway":"service","service":"parking_aisle"},"geometry":{"type":"LineString","coordinates":[[-90.5818011,41.5214404],[-90.5818051,41.5216816]]}},{"type":"Feature","properties":{"id":"way/675740748","highway":"service","service":"parking_aisle"},"geometry":{"type":"LineString","coordinates":[[-90.5822772,41.5216834],[-90.5824381,41.5216841],[-90.5827921,41.5216854]]}},{"type":"Feature","properties":{"id":"way/675740749","highway":"service","service":"parking_aisle"},"geometry":{"type":"LineString","coordinates":[[-90.5827921,41.5216854],[-90.5827895,41.5215007],[-90.5822726,41.5215048]]}},{"type":"Feature","properties":{"id":"way/675740750","highway":"service","service":"parking_aisle"},"geometry":{"type":"LineString","coordinates":[[-90.5824381,41.5216841],[-90.5824394,41.5218561],[-90.5827237,41.5218561]]}},{"type":"Feature","properties":{"id":"way/675740751","highway":"service","service":"alley"},"geometry":{"type":"LineString","coordinates":[[-90.5837426,41.521309],[-90.5837431,41.5213947],[-90.5837381,41.521763],[-90.5837362,41.5219464],[-90.5837317,41.5224006]]}},{"type":"Feature","properties":{"id":"way/675740752","highway":"service","service":"parking_aisle"},"geometry":{"type":"LineString","coordinates":[[-90.5833122,41.5220445],[-90.5833702,41.5219416],[-90.5833782,41.5219275],[-90.5834728,41.5217599],[-90.5837381,41.521763]]}},{"type":"Feature","properties":{"id":"way/675740753","highway":"service","service":"parking_aisle"},"geometry":{"type":"LineString","coordinates":[[-90.5833702,41.5219416],[-90.5837362,41.5219464]]}},{"type":"Feature","properties":{"id":"way/675740754","highway":"service"},"geometry":{"type":"LineString","coordinates":[[-90.5833782,41.5219275],[-90.5832444,41.5218873],[-90.5831525,41.5218596]]}},{"type":"Feature","properties":{"id":"way/675740755","highway":"service","service":"parking_aisle"},"geometry":{"type":"LineString","coordinates":[[-90.5811881,41.5204499],[-90.5809521,41.5204512],[-90.5807321,41.5204524],[-90.5805028,41.5204536],[-90.5802668,41.5204549],[-90.5802775,41.5207618]]}},{"type":"Feature","properties":{"id":"way/675740756","highway":"service","service":"parking_aisle"},"geometry":{"type":"LineString","coordinates":[[-90.5811881,41.5204499],[-90.5811868,41.5207605]]}},{"type":"Feature","properties":{"id":"way/675740757","highway":"service","service":"parking_aisle"},"geometry":{"type":"LineString","coordinates":[[-90.5809521,41.5204512],[-90.5809601,41.5207609]]}},{"type":"Feature","properties":{"id":"way/675740758","highway":"service","service":"parking_aisle"},"geometry":{"type":"LineString","coordinates":[[-90.5807321,41.5204524],[-90.5807348,41.5207612]]}},{"type":"Feature","properties":{"id":"way/675740759","highway":"service","service":"parking_aisle"},"geometry":{"type":"LineString","coordinates":[[-90.5805028,41.5204536],[-90.5805149,41.5207615]]}},{"type":"Feature","properties":{"id":"way/675740760","highway":"service"},"geometry":{"type":"LineString","coordinates":[[-90.5809588,41.521138],[-90.5809503,41.5207609]]}},{"type":"Feature","properties":{"id":"way/675740761","highway":"service"},"geometry":{"type":"LineString","coordinates":[[-90.5809588,41.521138],[-90.581022,41.5211582],[-90.5810236,41.5212141],[-90.5810266,41.5213189]]}},{"type":"Feature","properties":{"id":"way/675740762","highway":"service","service":"parking_aisle"},"geometry":{"type":"LineString","coordinates":[[-90.5797586,41.521657],[-90.5797553,41.5214191],[-90.5797539,41.5213195]]}},{"type":"Feature","properties":{"id":"way/675740763","highway":"service","service":"parking_aisle"},"geometry":{"type":"LineString","coordinates":[[-90.5797586,41.521657],[-90.579998,41.5216583]]}},{"type":"Feature","properties":{"id":"way/675740764","highway":"service","service":"alley"},"geometry":{"type":"LineString","coordinates":[[-90.5776039,41.5229914],[-90.5776073,41.5234458],[-90.577608,41.5235356]]}},{"type":"Feature","properties":{"id":"way/675740765","highway":"service"},"geometry":{"type":"LineString","coordinates":[[-90.5773125,41.5229933],[-90.5773142,41.5231705],[-90.5774717,41.5231698],[-90.57747,41.5229923]]}},{"type":"Feature","properties":{"id":"way/675740766","highway":"service","service":"parking_aisle"},"geometry":{"type":"LineString","coordinates":[[-90.5782975,41.5231205],[-90.5780972,41.5231226],[-90.5778706,41.523125],[-90.5778761,41.5234447],[-90.5778777,41.5235354]]}},{"type":"Feature","properties":{"id":"way/675740767","highway":"service","service":"parking_aisle"},"geometry":{"type":"LineString","coordinates":[[-90.5780972,41.5231226],[-90.5781059,41.5234438],[-90.5781084,41.5235353]]}},{"type":"Feature","properties":{"id":"way/675740768","highway":"service","service":"parking_aisle"},"geometry":{"type":"LineString","coordinates":[[-90.5783015,41.5234111],[-90.5782975,41.5231205],[-90.578329,41.5230915],[-90.5783761,41.5230917],[-90.5785204,41.5230923]]}},{"type":"Feature","properties":{"id":"way/675740769","highway":"service","layer":"1"},"geometry":{"type":"LineString","coordinates":[[-90.577551,41.5244703],[-90.5782104,41.5244674],[-90.5785159,41.524466]]}},{"type":"Feature","properties":{"id":"way/675740770","highway":"service","oneway":"yes","service":"parking_aisle"},"geometry":{"type":"LineString","coordinates":[[-90.5775492,41.5243646],[-90.5782176,41.5243585],[-90.57822,41.5241819],[-90.5775463,41.5241845],[-90.5775492,41.5243646]]}},{"type":"Feature","properties":{"id":"way/675740771","highway":"service","service":"parking_aisle"},"geometry":{"type":"LineString","coordinates":[[-90.5763387,41.5207576],[-90.5763365,41.5212236]]}},{"type":"Feature","properties":{"id":"way/675744166","highway":"service"},"geometry":{"type":"LineString","coordinates":[[-90.5806006,41.522403],[-90.5805991,41.5223278],[-90.5805929,41.5223232],[-90.5805421,41.5222852],[-90.5803734,41.5222852],[-90.5803156,41.5223284],[-90.5803172,41.522404]]}},{"type":"Feature","properties":{"id":"way/675744178","highway":"service","service":"parking_aisle"},"geometry":{"type":"LineString","coordinates":[[-90.5833988,41.5223977],[-90.5833918,41.5221943],[-90.5832317,41.5221962]]}},{"type":"Feature","properties":{"id":"way/675744180","highway":"service","service":"parking_aisle"},"geometry":{"type":"LineString","coordinates":[[-90.5805886,41.5240745],[-90.5805765,41.5237462],[-90.5803257,41.5237499]]}},{"type":"Feature","properties":{"id":"way/675744181","highway":"service","service":"parking_aisle"},"geometry":{"type":"LineString","coordinates":[[-90.5807951,41.5239229],[-90.5807979,41.5240732]]}},{"type":"Feature","properties":{"id":"way/675744182","highway":"service","service":"parking_aisle"},"geometry":{"type":"LineString","coordinates":[[-90.5803593,41.524076],[-90.5803687,41.5243968],[-90.5805926,41.5243958],[-90.5805886,41.5240745]]}},{"type":"Feature","properties":{"id":"way/675744183","highway":"service","service":"parking_aisle"},"geometry":{"type":"LineString","coordinates":[[-90.5812256,41.5243928],[-90.5812271,41.5242101],[-90.5812283,41.5240706]]}},{"type":"Feature","properties":{"id":"way/675744184","highway":"service","service":"parking_aisle"},"geometry":{"type":"LineString","coordinates":[[-90.5812256,41.5243928],[-90.5808434,41.5243928],[-90.5808434,41.5242081],[-90.5812271,41.5242101]]}},{"type":"Feature","properties":{"id":"way/675744185","highway":"service","service":"parking_aisle"},"geometry":{"type":"LineString","coordinates":[[-90.5817778,41.5240688],[-90.5817707,41.5237209],[-90.5820079,41.5237209],[-90.5822432,41.5237209],[-90.5824786,41.5237209],[-90.5827175,41.5237209],[-90.5827157,41.524182]]}},{"type":"Feature","properties":{"id":"way/675744186","highway":"service","service":"parking_aisle"},"geometry":{"type":"LineString","coordinates":[[-90.5824822,41.524183],[-90.5824786,41.5237209]]}},{"type":"Feature","properties":{"id":"way/675744187","highway":"service","service":"parking_aisle"},"geometry":{"type":"LineString","coordinates":[[-90.5822432,41.5237209],[-90.5822469,41.5241645]]}},{"type":"Feature","properties":{"id":"way/675744188","highway":"service","service":"parking_aisle"},"geometry":{"type":"LineString","coordinates":[[-90.5820079,41.5237209],[-90.5820106,41.5240915]]}},{"type":"Feature","properties":{"id":"way/675744189","highway":"service","service":"parking_aisle"},"geometry":{"type":"LineString","coordinates":[[-90.5826821,41.5241822],[-90.5826821,41.5243993],[-90.5824308,41.5243979],[-90.5824272,41.5241833]]}},{"type":"Feature","properties":{"id":"way/675744190","highway":"service","oneway":"yes","service":"parking_aisle"},"geometry":{"type":"LineString","coordinates":[[-90.5804582,41.523309],[-90.5804547,41.5230407],[-90.5806801,41.5230386]]}},{"type":"Feature","properties":{"id":"way/675744191","highway":"service","oneway":"yes","service":"parking_aisle"},"geometry":{"type":"LineString","coordinates":[[-90.5806801,41.5230386],[-90.5806871,41.523345]]}},{"type":"Feature","properties":{"id":"way/675744192","highway":"residential","maxspeed":"25 mph","name":"Scott Street","tiger:cfcc":"A41","tiger:county":"Scott, IA","tiger:name_base":"Scott","tiger:name_type":"St","tiger:reviewed":"no","tiger:zip_left":"52801","tiger:zip_right":"52801"},"geometry":{"type":"LineString","coordinates":[[-90.5799872,41.522984],[-90.5799838,41.5234334],[-90.579983,41.523534]]}},{"type":"Feature","properties":{"id":"way/675744194","highway":"service","service":"alley"},"geometry":{"type":"LineString","coordinates":[[-90.578521,41.5229855],[-90.5783758,41.5229864],[-90.5776039,41.5229914],[-90.57747,41.5229923],[-90.5773125,41.5229933],[-90.5771744,41.5229942],[-90.577042,41.522995]]}},{"type":"Feature","properties":{"id":"way/675744195","highway":"service","service":"parking_aisle"},"geometry":{"type":"LineString","coordinates":[[-90.579083,41.5228603],[-90.5787573,41.5228628],[-90.5786372,41.5228638],[-90.5785218,41.5228647]]}},{"type":"Feature","properties":{"id":"way/675744196","highway":"service","service":"parking_aisle"},"geometry":{"type":"LineString","coordinates":[[-90.5787573,41.5228628],[-90.5787549,41.5226855],[-90.5791554,41.5226837]]}},{"type":"Feature","properties":{"id":"way/675744197","highway":"service"},"geometry":{"type":"LineString","coordinates":[[-90.5793235,41.5224117],[-90.5793253,41.5225251],[-90.5793313,41.5228935],[-90.5793329,41.5229879],[-90.5798486,41.5229848],[-90.5799872,41.522984]]}},{"type":"Feature","properties":{"id":"way/675744198","highway":"service"},"geometry":{"type":"LineString","coordinates":[[-90.5793313,41.5228935],[-90.5798491,41.5228914],[-90.5799876,41.5228909]]}},{"type":"Feature","properties":{"id":"way/675744201","highway":"service","service":"parking_aisle"},"geometry":{"type":"LineString","coordinates":[[-90.5793329,41.5229879],[-90.578971,41.5229967],[-90.578784,41.5230013],[-90.578784,41.5231732]]}},{"type":"Feature","properties":{"id":"way/675744203","highway":"service","service":"parking_aisle"},"geometry":{"type":"LineString","coordinates":[[-90.578971,41.5229967],[-90.5789721,41.5231755]]}},{"type":"Feature","properties":{"id":"way/675753624","highway":"service","service":"parking_aisle"},"geometry":{"type":"LineString","coordinates":[[-90.5770262,41.5243234],[-90.5763068,41.52432],[-90.5755667,41.5243165]]}},{"type":"Feature","properties":{"id":"way/675753625","highway":"service","service":"parking_aisle"},"geometry":{"type":"LineString","coordinates":[[-90.5755691,41.5241123],[-90.5763038,41.5241194],[-90.576772,41.5241239]]}},{"type":"Feature","properties":{"id":"way/675753626","highway":"service","service":"parking_aisle"},"geometry":{"type":"LineString","coordinates":[[-90.5763068,41.52432],[-90.5763038,41.5241194]]}},{"type":"Feature","properties":{"id":"way/675753627","highway":"service","service":"parking_aisle"},"geometry":{"type":"LineString","coordinates":[[-90.5747717,41.5243583],[-90.5752719,41.5243674],[-90.5753027,41.5243161],[-90.5753966,41.524284],[-90.5755671,41.524283]]}},{"type":"Feature","properties":{"id":"way/675753628","highway":"service","oneway":"yes","service":"parking_aisle"},"geometry":{"type":"LineString","coordinates":[[-90.5743457,41.5235255],[-90.574346,41.5236235],[-90.5743487,41.5244243],[-90.574551,41.5244265],[-90.5745465,41.5236237],[-90.574546,41.5235267]]}},{"type":"Feature","properties":{"id":"way/675753630","highway":"service","service":"parking_aisle"},"geometry":{"type":"LineString","coordinates":[[-90.5836182,41.5231682],[-90.5836172,41.5229705]]}},{"type":"Feature","properties":{"id":"way/675753638","highway":"service","service":"parking_aisle"},"geometry":{"type":"LineString","coordinates":[[-90.5796255,41.521131],[-90.5798927,41.5211316],[-90.580003,41.5211319]]}},{"type":"Feature","properties":{"id":"way/675753639","highway":"service","service":"parking_aisle"},"geometry":{"type":"LineString","coordinates":[[-90.5796185,41.520951],[-90.5798912,41.5209522],[-90.5800049,41.5209527]]}},{"type":"Feature","properties":{"id":"way/675753640","highway":"service","service":"parking_aisle"},"geometry":{"type":"LineString","coordinates":[[-90.5789564,41.5207636],[-90.5789564,41.5211158],[-90.5787938,41.5211166],[-90.5787898,41.5207636]]}},{"type":"Feature","properties":{"id":"way/675907794","highway":"service","service":"alley"},"geometry":{"type":"LineString","coordinates":[[-90.584474,41.5207426],[-90.5846261,41.5207428],[-90.5847565,41.5207429],[-90.5853334,41.5207435],[-90.5854797,41.5207437],[-90.5856489,41.5207439],[-90.5856942,41.5207439],[-90.5858356,41.5207441],[-90.5859622,41.5207443],[-90.5860857,41.5207454],[-90.5862593,41.5207475],[-90.5865828,41.5207513],[-90.5868056,41.5207539]]}},{"type":"Feature","properties":{"id":"way/675907811","highway":"service","service":"parking_aisle"},"geometry":{"type":"LineString","coordinates":[[-90.5856921,41.5210954],[-90.5854807,41.5210967],[-90.5853323,41.5210977]]}},{"type":"Feature","properties":{"id":"way/675907813","highway":"service"},"geometry":{"type":"LineString","coordinates":[[-90.5853323,41.5210977],[-90.5853323,41.5212132],[-90.5853323,41.521309]]}},{"type":"Feature","properties":{"id":"way/675907815","highway":"service","service":"parking_aisle"},"geometry":{"type":"LineString","coordinates":[[-90.5853323,41.5210977],[-90.5853334,41.5207435]]}},{"type":"Feature","properties":{"id":"way/675907816","highway":"service","service":"parking_aisle"},"geometry":{"type":"LineString","coordinates":[[-90.5856921,41.5210954],[-90.5856942,41.5207439]]}},{"type":"Feature","properties":{"id":"way/675907818","highway":"service","service":"parking_aisle"},"geometry":{"type":"LineString","coordinates":[[-90.5854807,41.5210967],[-90.5854797,41.5207437]]}},{"type":"Feature","properties":{"id":"way/675907819","highway":"service","service":"parking_aisle"},"geometry":{"type":"LineString","coordinates":[[-90.5847592,41.5203411],[-90.5847578,41.52055],[-90.5847565,41.5207429]]}},{"type":"Feature","properties":{"id":"way/675907820","highway":"service"},"geometry":{"type":"LineString","coordinates":[[-90.5847578,41.52055],[-90.5846265,41.5205495],[-90.5844761,41.5205489]]}},{"type":"Feature","properties":{"id":"way/675907822","highway":"service","service":"parking_aisle"},"geometry":{"type":"LineString","coordinates":[[-90.5855625,41.5202467],[-90.5855605,41.5202952],[-90.5855525,41.5204832],[-90.5856489,41.5205415],[-90.5856489,41.5207439]]}},{"type":"Feature","properties":{"id":"way/677295313","highway":"service","service":"alley"},"geometry":{"type":"LineString","coordinates":[[-90.5835062,41.5413504],[-90.5835105,41.541163],[-90.583525,41.5406965],[-90.5835304,41.5405233],[-90.583534,41.5404076],[-90.5835551,41.5403626],[-90.5835609,41.5403073],[-90.5835599,41.5402175],[-90.5835633,41.5401871],[-90.583564,41.5400421],[-90.5835743,41.5390716],[-90.5835791,41.5389257],[-90.5835917,41.5387941]]}},{"type":"Feature","properties":{"id":"way/677295314","highway":"service","service":"parking_aisle"},"geometry":{"type":"LineString","coordinates":[[-90.5835105,41.541163],[-90.5830774,41.5411563],[-90.5830787,41.541345],[-90.5830799,41.5415152],[-90.583081,41.5416775],[-90.5839631,41.54169],[-90.5839631,41.5415187],[-90.5839631,41.5413563],[-90.5835062,41.5413504],[-90.5830787,41.541345]]}},{"type":"Feature","properties":{"id":"way/677295315","highway":"service"},"geometry":{"type":"LineString","coordinates":[[-90.5830787,41.541345],[-90.5828506,41.5413423],[-90.5828011,41.5413417]]}},{"type":"Feature","properties":{"id":"way/677295316","highway":"service","service":"parking_aisle"},"geometry":{"type":"LineString","coordinates":[[-90.5839631,41.5415187],[-90.5830799,41.5415152]]}},{"type":"Feature","properties":{"id":"way/677433436","highway":"service","oneway":"yes"},"geometry":{"type":"LineString","coordinates":[[-90.5831169,41.5386728],[-90.5830234,41.5387871]]}},{"type":"Feature","properties":{"id":"way/677433437","highway":"service","service":"parking_aisle"},"geometry":{"type":"LineString","coordinates":[[-90.5840286,41.5386796],[-90.5831169,41.5386728],[-90.5831139,41.53851],[-90.5840306,41.5385107],[-90.5840286,41.5386796]]}},{"type":"Feature","properties":{"id":"way/677433443","highway":"service","oneway":"yes","service":"parking_aisle"},"geometry":{"type":"LineString","coordinates":[[-90.5835791,41.5389257],[-90.5830337,41.5389126],[-90.5830337,41.5390648],[-90.5835743,41.5390716]]}},{"type":"Feature","properties":{"id":"way/677433446","highway":"service","service":"parking_aisle"},"geometry":{"type":"LineString","coordinates":[[-90.5835599,41.5402175],[-90.5834469,41.5401806],[-90.5830358,41.5401806]]}},{"type":"Feature","properties":{"id":"way/677433448","highway":"service","oneway":"yes","service":"parking_aisle"},"geometry":{"type":"LineString","coordinates":[[-90.5835633,41.5401871],[-90.5841112,41.5401838],[-90.5841086,41.540046],[-90.583564,41.5400421]]}},{"type":"Feature","properties":{"id":"way/678526351","highway":"service","service":"alley"},"geometry":{"type":"LineString","coordinates":[[-90.6002614,41.538856],[-90.5996583,41.5388575],[-90.598674,41.53886],[-90.597906,41.538862],[-90.5972806,41.5388628],[-90.5968883,41.5388633],[-90.5962385,41.5388685],[-90.5959595,41.5388673],[-90.5954293,41.5388683],[-90.5938038,41.538868],[-90.5929925,41.5388673],[-90.592675,41.538867],[-90.5924831,41.5388635],[-90.592457,41.538863],[-90.592382,41.538853],[-90.592239,41.53882],[-90.5922141,41.538806],[-90.592191,41.538793],[-90.591395,41.538791],[-90.591316,41.5387909],[-90.5907495,41.5387899],[-90.5901536,41.5387892],[-90.590057,41.5387891],[-90.5899807,41.538789],[-90.589364,41.538788],[-90.5887487,41.5387874],[-90.5886762,41.5387873],[-90.5886112,41.5387874],[-90.587951,41.538788],[-90.5873347,41.5387898],[-90.5872772,41.5387889],[-90.5872171,41.5387901],[-90.586567,41.538792],[-90.5858108,41.5387938],[-90.585732,41.538794],[-90.5856674,41.5387942],[-90.584995,41.538796],[-90.5843843,41.5387916],[-90.584305,41.538791],[-90.5842197,41.5387911],[-90.584116,41.5387913],[-90.5835917,41.5387941],[-90.5830234,41.5387871],[-90.5829173,41.5387861],[-90.5828254,41.5387853]]}},{"type":"Feature","properties":{"id":"way/681281925","highway":"service","service":"parking_aisle"},"geometry":{"type":"LineString","coordinates":[[-90.5806999,41.5196626],[-90.5807035,41.5198352],[-90.580707,41.5199982]]}},{"type":"Feature","properties":{"id":"way/681281926","highway":"service"},"geometry":{"type":"LineString","coordinates":[[-90.5806999,41.5196626],[-90.5805385,41.5196617]]}},{"type":"Feature","properties":{"id":"way/681281927","highway":"service","service":"parking_aisle"},"geometry":{"type":"LineString","coordinates":[[-90.5827438,41.5199863],[-90.5827396,41.5198153],[-90.5827356,41.5196523],[-90.5827314,41.5194844]]}},{"type":"Feature","properties":{"id":"way/681281928","highway":"service","service":"parking_aisle"},"geometry":{"type":"LineString","coordinates":[[-90.580707,41.5199982],[-90.5815121,41.5199863],[-90.5816485,41.5199863],[-90.5827438,41.5199863]]}},{"type":"Feature","properties":{"id":"way/681281929","highway":"service","service":"parking_aisle","surface":"asphalt"},"geometry":{"type":"LineString","coordinates":[[-90.5827314,41.5194844],[-90.581524,41.51949]]}},{"type":"Feature","properties":{"id":"way/681281930","highway":"service","surface":"asphalt"},"geometry":{"type":"LineString","coordinates":[[-90.581524,41.51949],[-90.581521,41.519611],[-90.5815198,41.5196627],[-90.5815158,41.5198313],[-90.5815121,41.5199863],[-90.5815114,41.5201278],[-90.5815111,41.5201778]]}},{"type":"Feature","properties":{"id":"way/681281931","highway":"service","service":"parking_aisle"},"geometry":{"type":"LineString","coordinates":[[-90.5806964,41.5194987],[-90.5806999,41.5196626]]}},{"type":"Feature","properties":{"id":"way/681281934","highway":"service","service":"parking_aisle","surface":"asphalt"},"geometry":{"type":"LineString","coordinates":[[-90.5787291,41.5197592],[-90.5787813,41.5197564],[-90.5805385,41.5196617]]}},{"type":"Feature","properties":{"id":"way/681281935","highway":"service","service":"parking_aisle","surface":"asphalt"},"geometry":{"type":"LineString","coordinates":[[-90.5805385,41.5196617],[-90.5805255,41.5195043],[-90.5805195,41.5194961]]}},{"type":"Feature","properties":{"id":"way/681281936","highway":"service","oneway":"yes","service":"parking_aisle","surface":"asphalt"},"geometry":{"type":"LineString","coordinates":[[-90.5805195,41.5194961],[-90.5805092,41.5194933],[-90.5787863,41.5196129]]}},{"type":"Feature","properties":{"id":"way/681281937","highway":"service"},"geometry":{"type":"LineString","coordinates":[[-90.5763365,41.5212236],[-90.5763364,41.5212371],[-90.576336,41.5213183]]}},{"type":"Feature","properties":{"id":"way/681281938","highway":"service","service":"parking_aisle"},"geometry":{"type":"LineString","coordinates":[[-90.5802359,41.5219258],[-90.580644,41.5219262],[-90.5807249,41.5219263]]}},{"type":"Feature","properties":{"id":"way/681281939","highway":"service","tiger:cfcc":"A41","tiger:county":"Scott, IA","tiger:reviewed":"no"},"geometry":{"type":"LineString","coordinates":[[-90.5812283,41.5240706],[-90.5807979,41.5240732],[-90.5805886,41.5240745],[-90.5803593,41.524076],[-90.5803368,41.5240761],[-90.5803257,41.5237499]]}},{"type":"Feature","properties":{"id":"way/681281940","highway":"service","tiger:cfcc":"A41","tiger:county":"Scott, IA","tiger:reviewed":"no"},"geometry":{"type":"LineString","coordinates":[[-90.5803257,41.5237499],[-90.5800115,41.5237599],[-90.5799292,41.5236985],[-90.5799251,41.5236259],[-90.57992,41.523534]]}},{"type":"Feature","properties":{"id":"way/687441881","highway":"trunk","maxspeed":"30 mph","name":"West 2nd Street","surface":"asphalt","tiger:cfcc":"A41","tiger:county":"Scott, IA","tiger:name_base":"2nd","tiger:name_direction_prefix":"W","tiger:name_type":"St","tiger:reviewed":"no","tiger:zip_left":"52802","tiger:zip_right":"52802"},"geometry":{"type":"LineString","coordinates":[[-90.582943,41.521306],[-90.5832198,41.5213064],[-90.5832301,41.5213064],[-90.5833261,41.5213065],[-90.5834559,41.5213066]]}},{"type":"Feature","properties":{"id":"way/687441882","highway":"trunk","maxspeed":"25 mph","name":"Gaines Street","oneway":"yes","tiger:cfcc":"A41","tiger:county":"Scott, IA","tiger:reviewed":"no"},"geometry":{"type":"LineString","coordinates":[[-90.5834559,41.5213066],[-90.5835372,41.5211578],[-90.58358,41.5210137],[-90.5835948,41.520869]]}},{"type":"Feature","properties":{"id":"way/691461949","alt_name":"North Main Street","highway":"tertiary","lanes":"2","maxspeed":"30 mph","maxweight":"7 st","name":"Main Street","ref":"US 6 Hist","source:maxweight":"https://ecode360.com/39603137#39603137","tiger:cfcc":"A41","tiger:county":"Scott, IA","tiger:name_base":"Main","tiger:name_direction_prefix":"N","tiger:name_type":"St","tiger:reviewed":"no","tiger:zip_left":"52803","tiger:zip_right":"52803"},"geometry":{"type":"LineString","coordinates":[[-90.5755367,41.5315553],[-90.5755578,41.531943],[-90.5755574,41.532438],[-90.5755571,41.532919],[-90.5755564,41.53391],[-90.5755561,41.5344083],[-90.5755558,41.534897],[-90.575557,41.5353993],[-90.5755581,41.5358903],[-90.5755601,41.5360954],[-90.5755624,41.5363282],[-90.5755642,41.5365112],[-90.5755668,41.5367766],[-90.5755704,41.5371919],[-90.5755728,41.5374698],[-90.5755751,41.5377329],[-90.5755797,41.5382695]]}},{"type":"Feature","properties":{"id":"way/691461956","highway":"tertiary","maxspeed":"25 mph","name":"Farnam Street","surface":"asphalt"},"geometry":{"type":"LineString","coordinates":[[-90.5670778,41.5459217],[-90.5670785,41.5460584]]}},{"type":"Feature","properties":{"id":"way/691461958","highway":"residential","maxspeed":"25 mph","name":"East Central Park Avenue","oneway":"no","tiger:cfcc":"A41","tiger:county":"Scott, IA","tiger:name_base":"Central Park","tiger:name_direction_prefix":"E","tiger:name_type":"Ave","tiger:reviewed":"no","tiger:zip_left":"52803","tiger:zip_right":"52803"},"geometry":{"type":"LineString","coordinates":[[-90.5579551,41.5459688],[-90.5574291,41.5459715],[-90.5568901,41.5459742],[-90.556368,41.5459768],[-90.555847,41.5459794],[-90.555307,41.5459821],[-90.554936,41.545984]]}},{"type":"Feature","properties":{"id":"way/700442248","highway":"service","service":"parking_aisle"},"geometry":{"type":"LineString","coordinates":[[-90.5889581,41.5472463],[-90.5888888,41.5467592],[-90.5888829,41.5467178],[-90.588905,41.5465641],[-90.5889377,41.5463362],[-90.5889625,41.5461643],[-90.5889882,41.5459854]]}},{"type":"Feature","properties":{"id":"way/700442249","highway":"service","surface":"asphalt"},"geometry":{"type":"LineString","coordinates":[[-90.5891736,41.5468623],[-90.5894275,41.5469404]]}},{"type":"Feature","properties":{"id":"way/700442250","highway":"service","oneway":"yes","service":"parking_aisle"},"geometry":{"type":"LineString","coordinates":[[-90.588905,41.5465641],[-90.5891874,41.5466569],[-90.5893143,41.5464836],[-90.5894148,41.5463484]]}},{"type":"Feature","properties":{"id":"way/700442251","highway":"service","oneway":"yes","service":"parking_aisle"},"geometry":{"type":"LineString","coordinates":[[-90.5893143,41.5464836],[-90.5889377,41.5463362]]}},{"type":"Feature","properties":{"id":"way/700442252","highway":"service","oneway":"yes","surface":"asphalt"},"geometry":{"type":"LineString","coordinates":[[-90.5894148,41.5463484],[-90.5889625,41.5461643]]}},{"type":"Feature","properties":{"id":"way/700442253","highway":"service","service":"parking_aisle"},"geometry":{"type":"LineString","coordinates":[[-90.5888888,41.5467592],[-90.5891736,41.5468623],[-90.5891748,41.5472417]]}},{"type":"Feature","properties":{"id":"way/700442254","highway":"service","service":"parking_aisle"},"geometry":{"type":"LineString","coordinates":[[-90.5900531,41.5471159],[-90.5898779,41.5470894],[-90.5894275,41.5469404]]}},{"type":"Feature","properties":{"id":"way/700442255","highway":"service","surface":"asphalt"},"geometry":{"type":"LineString","coordinates":[[-90.5900531,41.5471159],[-90.590128,41.547116],[-90.590344,41.547064],[-90.5905802,41.547068],[-90.5908833,41.5470712],[-90.591202,41.547078]]}},{"type":"Feature","properties":{"id":"way/700442256","highway":"service","service":"parking_aisle"},"geometry":{"type":"LineString","coordinates":[[-90.5905865,41.5469257],[-90.59062,41.5464639]]}},{"type":"Feature","properties":{"id":"way/700442257","highway":"service","service":"parking_aisle"},"geometry":{"type":"LineString","coordinates":[[-90.5908853,41.546931],[-90.5909087,41.5464624]]}},{"type":"Feature","properties":{"id":"way/700442258","highway":"service","surface":"asphalt"},"geometry":{"type":"LineString","coordinates":[[-90.5909087,41.5464624],[-90.5908631,41.5463845],[-90.5907792,41.5463405],[-90.5906889,41.5463424],[-90.59059,41.5463895],[-90.5905041,41.5464458],[-90.5903644,41.5465703],[-90.590326,41.5466412],[-90.5903,41.5467396],[-90.5902999,41.5467486],[-90.5902984,41.5468516],[-90.5903195,41.546983],[-90.590344,41.547064]]}},{"type":"Feature","properties":{"id":"way/700442259","highway":"service","surface":"asphalt"},"geometry":{"type":"LineString","coordinates":[[-90.59062,41.5464639],[-90.59059,41.5463895]]}},{"type":"Feature","properties":{"id":"way/700442261","highway":"service","service":"parking_aisle"},"geometry":{"type":"LineString","coordinates":[[-90.59011,41.5467441],[-90.5902287,41.5467476]]}},{"type":"Feature","properties":{"id":"way/700442262","highway":"service"},"geometry":{"type":"LineString","coordinates":[[-90.5902287,41.5467476],[-90.5902999,41.5467486]]}},{"type":"Feature","properties":{"id":"way/700569045","highway":"service","oneway":"yes","service":"parking_aisle"},"geometry":{"type":"LineString","coordinates":[[-90.5509206,41.5375658],[-90.5511657,41.5375648]]}},{"type":"Feature","properties":{"id":"way/700569046","highway":"service","oneway":"yes","service":"parking_aisle"},"geometry":{"type":"LineString","coordinates":[[-90.5511674,41.5374072],[-90.5509139,41.5374062]]}},{"type":"Feature","properties":{"id":"way/700569047","highway":"service","oneway":"yes","service":"parking_aisle"},"geometry":{"type":"LineString","coordinates":[[-90.5511647,41.5376561],[-90.5511657,41.5375648],[-90.5511674,41.5374072]]}},{"type":"Feature","properties":{"id":"way/700569048","highway":"service"},"geometry":{"type":"LineString","coordinates":[[-90.5508438,41.5375668],[-90.5509206,41.5375658]]}},{"type":"Feature","properties":{"id":"way/700569049","highway":"service"},"geometry":{"type":"LineString","coordinates":[[-90.5509139,41.5374062],[-90.5508446,41.5374052]]}},{"type":"Feature","properties":{"id":"way/700569050","highway":"service"},"geometry":{"type":"LineString","coordinates":[[-90.5508433,41.5376642],[-90.5511003,41.5376652],[-90.5511647,41.5376561]]}},{"type":"Feature","properties":{"id":"way/700569052","highway":"service","service":"parking_aisle"},"geometry":{"type":"LineString","coordinates":[[-90.550804,41.5377756],[-90.5503252,41.5377756],[-90.5502715,41.5377756]]}},{"type":"Feature","properties":{"id":"way/700569053","highway":"service","service":"parking_aisle"},"geometry":{"type":"LineString","coordinates":[[-90.5503238,41.537623],[-90.5508053,41.537622]]}},{"type":"Feature","properties":{"id":"way/700569054","highway":"service"},"geometry":{"type":"LineString","coordinates":[[-90.5503252,41.5377756],[-90.5503238,41.537623]]}},{"type":"Feature","properties":{"id":"way/700569055","highway":"service"},"geometry":{"type":"LineString","coordinates":[[-90.5502715,41.5377756],[-90.5501359,41.5377756]]}},{"type":"Feature","properties":{"id":"way/700569056","highway":"service"},"geometry":{"type":"LineString","coordinates":[[-90.550804,41.5377756],[-90.5508428,41.5377756]]}},{"type":"Feature","properties":{"id":"way/700569057","highway":"service"},"geometry":{"type":"LineString","coordinates":[[-90.5508053,41.537622],[-90.5508435,41.537622]]}},{"type":"Feature","properties":{"id":"way/700569058","highway":"service","service":"parking_aisle"},"geometry":{"type":"LineString","coordinates":[[-90.550811,41.5379208],[-90.5506765,41.5379215]]}},{"type":"Feature","properties":{"id":"way/700569059","highway":"service"},"geometry":{"type":"LineString","coordinates":[[-90.550811,41.5379208],[-90.5508421,41.5379215]]}},{"type":"Feature","properties":{"id":"way/700569063","highway":"service","oneway":"yes"},"geometry":{"type":"LineString","coordinates":[[-90.5507161,41.5383452],[-90.5507166,41.5382341],[-90.5506714,41.5382143],[-90.5504091,41.5382173],[-90.5503517,41.5382017],[-90.5503258,41.5381675],[-90.5503269,41.538107],[-90.5503273,41.5380876],[-90.5502719,41.5380671]]}},{"type":"Feature","properties":{"id":"way/700569064","highway":"service","oneway":"yes"},"geometry":{"type":"LineString","coordinates":[[-90.5507166,41.5382341],[-90.5507658,41.5382132],[-90.5507806,41.5381773],[-90.5507745,41.5381561],[-90.5507593,41.5380987],[-90.550713,41.5380503],[-90.5506617,41.5380287],[-90.5505895,41.5380226],[-90.5504839,41.5380238]]}},{"type":"Feature","properties":{"id":"way/700569065","covered":"yes","highway":"service","oneway":"yes"},"geometry":{"type":"LineString","coordinates":[[-90.5504839,41.5380238],[-90.5504454,41.5380241]]}},{"type":"Feature","properties":{"id":"way/700569066","highway":"service","oneway":"yes"},"geometry":{"type":"LineString","coordinates":[[-90.5504454,41.5380241],[-90.5503548,41.5380241],[-90.5503278,41.538037],[-90.5502719,41.5380671]]}},{"type":"Feature","properties":{"id":"way/700569067","highway":"service","oneway":"yes"},"geometry":{"type":"LineString","coordinates":[[-90.5502719,41.5380671],[-90.5501355,41.5380648]]}},{"type":"Feature","properties":{"id":"way/700569068","highway":"residential","maxspeed":"25 mph","name":"Judson Street","tiger:cfcc":"A41","tiger:county":"Scott, IA","tiger:name_base":"Judson","tiger:name_type":"St","tiger:reviewed":"no","tiger:zip_left":"52803","tiger:zip_right":"52803"},"geometry":{"type":"LineString","coordinates":[[-90.5501355,41.5380648],[-90.550135,41.538346]]}},{"type":"Feature","properties":{"id":"way/700569069","highway":"service","oneway":"yes"},"geometry":{"type":"LineString","coordinates":[[-90.5507166,41.5382341],[-90.5507293,41.5381865],[-90.5507176,41.5381337],[-90.5506556,41.5381127],[-90.5504856,41.5381093]]}},{"type":"Feature","properties":{"id":"way/700569070","covered":"yes","highway":"service","oneway":"yes"},"geometry":{"type":"LineString","coordinates":[[-90.5504856,41.5381093],[-90.5504458,41.5381093]]}},{"type":"Feature","properties":{"id":"way/700569071","highway":"service","oneway":"yes"},"geometry":{"type":"LineString","coordinates":[[-90.5504458,41.5381093],[-90.5503269,41.538107]]}},{"type":"Feature","properties":{"id":"way/742189442","access":"permit","covered":"no","highway":"service","service":"parking_aisle","surface":"paved"},"geometry":{"type":"LineString","coordinates":[[-90.5759397,41.5130078],[-90.5755383,41.513004],[-90.5755433,41.5128221],[-90.5759418,41.5128198],[-90.5759397,41.5130078]]}},{"type":"Feature","properties":{"id":"way/742189443","access":"permit","covered":"no","highway":"service","service":"parking_aisle","surface":"paved"},"geometry":{"type":"LineString","coordinates":[[-90.5759418,41.5128198],[-90.5759456,41.5124717]]}},{"type":"Feature","properties":{"id":"way/743677341","access":"private","covered":"no","highway":"service","oneway":"no","service":"parking_aisle","surface":"paved"},"geometry":{"type":"LineString","coordinates":[[-90.575721,41.5119573],[-90.5757231,41.5118152],[-90.5757227,41.51177]]}},{"type":"Feature","properties":{"id":"way/743677342","highway":"service","oneway":"yes"},"geometry":{"type":"LineString","coordinates":[[-90.5760335,41.5117396],[-90.575786,41.5117328],[-90.5757227,41.51177]]}},{"type":"Feature","properties":{"id":"way/743677343","access":"private","covered":"no","highway":"service","oneway":"yes","service":"parking_aisle","surface":"paved"},"geometry":{"type":"LineString","coordinates":[[-90.5755502,41.5117919],[-90.5750149,41.5117919],[-90.575014,41.5119542],[-90.575721,41.5119573]]}},{"type":"Feature","properties":{"id":"way/743677344","access":"private","covered":"no","highway":"service","oneway":"yes","service":"parking_aisle","surface":"paved"},"geometry":{"type":"LineString","coordinates":[[-90.5757227,41.51177],[-90.5755821,41.511772],[-90.5755502,41.5117919]]}},{"type":"Feature","properties":{"id":"way/743677345","highway":"service","oneway":"yes"},"geometry":{"type":"LineString","coordinates":[[-90.5757231,41.5118152],[-90.5760334,41.5118197]]}},{"type":"Feature","properties":{"id":"way/754405465","highway":"service","tiger:cfcc":"A41","tiger:county":"Scott, IA","tiger:reviewed":"no"},"geometry":{"type":"LineString","coordinates":[[-90.5774979,41.5474512],[-90.5784596,41.5474607]]}},{"type":"Feature","properties":{"id":"way/757996120","highway":"residential","maxspeed":"25 mph","name":"Mound Street","surface":"paving_stones","tiger:cfcc":"A41","tiger:county":"Scott, IA","tiger:name_base":"Mound","tiger:name_type":"St","tiger:reviewed":"no","tiger:zip_left":"52803","tiger:zip_right":"52803"},"geometry":{"type":"LineString","coordinates":[[-90.5464969,41.532148],[-90.5464876,41.5326609],[-90.546467,41.53316]]}},{"type":"Feature","properties":{"id":"way/757996121","highway":"service","service":"alley","tiger:cfcc":"A41","tiger:county":"Scott, IA","tiger:reviewed":"no"},"geometry":{"type":"LineString","coordinates":[[-90.545402,41.532661],[-90.545976,41.5326497],[-90.5464876,41.5326609]]}},{"type":"Feature","properties":{"id":"way/758722796","highway":"service","service":"alley"},"geometry":{"type":"LineString","coordinates":[[-90.5664446,41.544737],[-90.5664705,41.5448573],[-90.5664369,41.5450089],[-90.5664316,41.5451596]]}},{"type":"Feature","properties":{"id":"way/758722797","highway":"service","service":"alley"},"geometry":{"type":"LineString","coordinates":[[-90.5652916,41.5447278],[-90.5652809,41.5451644]]}},{"type":"Feature","properties":{"id":"way/758722798","highway":"service","tiger:cfcc":"A45","tiger:county":"Scott, IA","tiger:reviewed":"no"},"geometry":{"type":"LineString","coordinates":[[-90.564043,41.531401],[-90.5640086,41.5314545],[-90.563987,41.5314892],[-90.5639615,41.531548],[-90.5639688,41.531628],[-90.563926,41.531641]]}},{"type":"Feature","properties":{"id":"way/758722799","highway":"service","service":"alley"},"geometry":{"type":"LineString","coordinates":[[-90.566329,41.544312],[-90.5663509,41.5426093]]}},{"type":"Feature","properties":{"id":"way/777740111","access":"private","highway":"residential","maxspeed":"30 mph","name":"East Avenue","tiger:cfcc":"A41","tiger:county":"Rock Island, IL","tiger:name_base":"East","tiger:name_type":"St","tiger:reviewed":"no"},"geometry":{"type":"LineString","coordinates":[[-90.5410746,41.5145073],[-90.5410163,41.5145915],[-90.540994,41.514646],[-90.5409838,41.5146937],[-90.5409911,41.5147558],[-90.5410132,41.515121],[-90.5410824,41.5161943],[-90.5410975,41.5164285],[-90.5411138,41.5166814],[-90.541167,41.5174066],[-90.5411962,41.5176098],[-90.5412117,41.5178924],[-90.5411973,41.5179727]]}},{"type":"Feature","properties":{"id":"way/777740112","highway":"service"},"geometry":{"type":"LineString","coordinates":[[-90.5408949,41.5168568],[-90.5408858,41.5166932],[-90.5408759,41.5165167],[-90.5408658,41.5163358],[-90.5408541,41.5161271],[-90.5408429,41.5159258],[-90.5408343,41.515772],[-90.5408249,41.5156051],[-90.5408158,41.5154421],[-90.5407981,41.5151254],[-90.5407635,41.5146797]]}},{"type":"Feature","properties":{"id":"way/777740113","highway":"service","service":"parking_aisle"},"geometry":{"type":"LineString","coordinates":[[-90.5408949,41.5168568],[-90.5401753,41.5168607]]}},{"type":"Feature","properties":{"id":"way/777740114","highway":"service","service":"parking_aisle"},"geometry":{"type":"LineString","coordinates":[[-90.5411138,41.5166814],[-90.5408858,41.5166932],[-90.540157,41.5167146]]}},{"type":"Feature","properties":{"id":"way/777740115","highway":"service","service":"parking_aisle"},"geometry":{"type":"LineString","coordinates":[[-90.5408759,41.5165167],[-90.539409,41.5165883]]}},{"type":"Feature","properties":{"id":"way/777740116","highway":"service","service":"parking_aisle"},"geometry":{"type":"LineString","coordinates":[[-90.5408658,41.5163358],[-90.539409,41.5163843],[-90.5393198,41.51632]]}},{"type":"Feature","properties":{"id":"way/777740118","highway":"service","service":"parking_aisle"},"geometry":{"type":"LineString","coordinates":[[-90.5408541,41.5161271],[-90.5397452,41.5161614],[-90.5399703,41.5159594],[-90.5401464,41.5158014],[-90.5403606,41.5156091],[-90.540538,41.5154499],[-90.5408158,41.5154421]]}},{"type":"Feature","properties":{"id":"way/777740119","highway":"service","service":"parking_aisle"},"geometry":{"type":"LineString","coordinates":[[-90.5408249,41.5156051],[-90.5403606,41.5156091]]}},{"type":"Feature","properties":{"id":"way/777740120","highway":"service","service":"parking_aisle"},"geometry":{"type":"LineString","coordinates":[[-90.5408343,41.515772],[-90.5401464,41.5158014]]}},{"type":"Feature","properties":{"id":"way/777740121","highway":"service","service":"parking_aisle"},"geometry":{"type":"LineString","coordinates":[[-90.5408429,41.5159258],[-90.5399703,41.5159594]]}},{"type":"Feature","properties":{"id":"way/777740127","highway":"service","service":"parking_aisle"},"geometry":{"type":"LineString","coordinates":[[-90.5414038,41.5178053],[-90.5424673,41.5177596],[-90.5436167,41.5177101]]}},{"type":"Feature","properties":{"id":"way/777740128","highway":"service"},"geometry":{"type":"LineString","coordinates":[[-90.5424673,41.5177596],[-90.5424764,41.5179224]]}},{"type":"Feature","properties":{"id":"way/777740129","highway":"service","service":"parking_aisle"},"geometry":{"type":"LineString","coordinates":[[-90.5447966,41.517686],[-90.5459039,41.5176291],[-90.5459233,41.5175178],[-90.5467356,41.517486],[-90.5467692,41.5175046],[-90.5467887,41.5175297],[-90.5467993,41.5175814],[-90.5467851,41.5176384],[-90.5467391,41.5176583],[-90.5459127,41.5176834]]}},{"type":"Feature","properties":{"id":"way/777740130","highway":"service"},"geometry":{"type":"LineString","coordinates":[[-90.5459039,41.5176291],[-90.5459127,41.5176834],[-90.5459249,41.5177964]]}},{"type":"Feature","properties":{"id":"way/777740131","highway":"service"},"geometry":{"type":"LineString","coordinates":[[-90.5436022,41.5175292],[-90.5447845,41.5174862]]}},{"type":"Feature","properties":{"id":"way/777740133","highway":"residential","maxspeed":"30 mph","name":"Chamberlain Court","source":"digitalglobe"},"geometry":{"type":"LineString","coordinates":[[-90.5412447,41.5188568],[-90.5406881,41.518861],[-90.5405299,41.5188743],[-90.5403825,41.5189035],[-90.5402457,41.5189728],[-90.5401707,41.5190691],[-90.5401546,41.5191413],[-90.5401773,41.5192959],[-90.5402887,41.5193982],[-90.5403691,41.5194223],[-90.5411922,41.5193944],[-90.5412889,41.5194248]]}},{"type":"Feature","properties":{"id":"way/777740136","highway":"service","service":"parking_aisle"},"geometry":{"type":"LineString","coordinates":[[-90.5427352,41.519679],[-90.5427047,41.5198099],[-90.5426661,41.519924],[-90.5426273,41.519997],[-90.5425949,41.5200579],[-90.5424892,41.5201888],[-90.5423489,41.5203121],[-90.5421436,41.5204293],[-90.5418977,41.5205206],[-90.5417025,41.52058],[-90.5415237,41.5205937],[-90.5413692,41.5205934]]}},{"type":"Feature","properties":{"id":"way/777740137","highway":"service"},"geometry":{"type":"LineString","coordinates":[[-90.5413295,41.5200122],[-90.5420359,41.5200039],[-90.5423388,41.5200004],[-90.5426273,41.519997]]}},{"type":"Feature","properties":{"id":"way/777740138","highway":"service","service":"parking_aisle"},"geometry":{"type":"LineString","coordinates":[[-90.5423388,41.5200004],[-90.542292,41.5200686],[-90.5422006,41.5201614],[-90.5420827,41.5202375],[-90.5419221,41.5203273],[-90.5417635,41.520373],[-90.5415785,41.5203943],[-90.5415359,41.5203532],[-90.5415196,41.5202314],[-90.5417066,41.5201995],[-90.5418306,41.520166],[-90.5419526,41.5201097],[-90.5420196,41.5200473],[-90.5420359,41.5200039]]}},{"type":"Feature","properties":{"id":"way/777740139","highway":"service","service":"parking_aisle"},"geometry":{"type":"LineString","coordinates":[[-90.5413692,41.5205934],[-90.5412041,41.5205878],[-90.5410985,41.5205842],[-90.540881,41.5205842],[-90.5407794,41.520566],[-90.5406635,41.520496],[-90.5405619,41.5203772],[-90.5405314,41.5202738],[-90.5405131,41.5200363],[-90.540472,41.5199782],[-90.5404635,41.5198623],[-90.5404646,41.5197992],[-90.5410389,41.5197946],[-90.5411385,41.5198083],[-90.541315,41.5198001]]}},{"type":"Feature","properties":{"id":"way/777740141","highway":"service","service":"parking_aisle","source":"digitalglobe"},"geometry":{"type":"LineString","coordinates":[[-90.5457544,41.5196236],[-90.5456686,41.5196115],[-90.5443865,41.5196477]]}},{"type":"Feature","properties":{"id":"way/777740142","highway":"service","service":"parking_aisle","source":"digitalglobe"},"geometry":{"type":"LineString","coordinates":[[-90.5457544,41.5196236],[-90.5458241,41.5196316],[-90.54672,41.5196075],[-90.547074,41.5195995]]}},{"type":"Feature","properties":{"id":"way/777740143","highway":"service","service":"parking_aisle","source":"digitalglobe"},"geometry":{"type":"LineString","coordinates":[[-90.5457973,41.5198084],[-90.5464839,41.5197802],[-90.5470847,41.5197702],[-90.547074,41.5195995]]}},{"type":"Feature","properties":{"id":"way/777740144","highway":"service"},"geometry":{"type":"LineString","coordinates":[[-90.5457973,41.5198084],[-90.5457544,41.5196236],[-90.5457268,41.5194669],[-90.5457174,41.5192605]]}},{"type":"Feature","properties":{"id":"way/777740145","highway":"service"},"geometry":{"type":"LineString","coordinates":[[-90.5443683,41.5193121],[-90.5443704,41.519483],[-90.5443865,41.5196477],[-90.5443962,41.5198453],[-90.5444969,41.5198629],[-90.5446272,41.5198857],[-90.5448121,41.5199549],[-90.5449615,41.5199491],[-90.5449754,41.5201752]]}},{"type":"Feature","properties":{"id":"way/777740146","highway":"service","service":"parking_aisle"},"geometry":{"type":"LineString","coordinates":[[-90.5444969,41.5198629],[-90.5445209,41.5203147],[-90.5442836,41.5203206],[-90.5440526,41.5203263],[-90.5440203,41.5198499],[-90.5442574,41.519847],[-90.5443962,41.5198453]]}},{"type":"Feature","properties":{"id":"way/777740147","highway":"service","service":"parking_aisle"},"geometry":{"type":"LineString","coordinates":[[-90.5442574,41.519847],[-90.5442836,41.5203206]]}},{"type":"Feature","properties":{"id":"way/777740148","highway":"service"},"geometry":{"type":"LineString","coordinates":[[-90.5432653,41.5195272],[-90.5431922,41.5195302],[-90.5431799,41.5193553]]}},{"type":"Feature","properties":{"id":"way/777740149","highway":"service","service":"parking_aisle","source":"digitalglobe"},"geometry":{"type":"LineString","coordinates":[[-90.547074,41.5195995],[-90.5470701,41.5195614],[-90.5470579,41.5194448],[-90.5469775,41.5194307],[-90.5464947,41.5194468],[-90.5457268,41.5194669],[-90.5456442,41.5194339],[-90.5452287,41.5194468],[-90.5443704,41.519483],[-90.5432653,41.5195272]]}},{"type":"Feature","properties":{"id":"way/777740150","highway":"service"},"geometry":{"type":"LineString","coordinates":[[-90.5470701,41.5195614],[-90.5473269,41.5195484],[-90.5473838,41.5195446],[-90.5476663,41.5195256],[-90.5476541,41.5193491]]}},{"type":"Feature","properties":{"id":"way/777740151","highway":"service","service":"parking_aisle"},"geometry":{"type":"LineString","coordinates":[[-90.5476541,41.5193491],[-90.549319,41.5192985]]}},{"type":"Feature","properties":{"id":"way/777740152","highway":"service"},"geometry":{"type":"LineString","coordinates":[[-90.5493094,41.5191491],[-90.549319,41.5192985],[-90.5493274,41.5194652],[-90.5493348,41.5196115],[-90.54929,41.5196587]]}},{"type":"Feature","properties":{"id":"way/777740153","highway":"service"},"geometry":{"type":"LineString","coordinates":[[-90.5476663,41.5195256],[-90.5476829,41.5196981]]}},{"type":"Feature","properties":{"id":"way/777740154","highway":"service","service":"parking_aisle"},"geometry":{"type":"LineString","coordinates":[[-90.5476829,41.5196981],[-90.54929,41.5196587]]}},{"type":"Feature","properties":{"id":"way/777740155","highway":"service","service":"parking_aisle"},"geometry":{"type":"LineString","coordinates":[[-90.5493274,41.5194652],[-90.5476663,41.5195256]]}},{"type":"Feature","properties":{"id":"way/777740158","highway":"service","service":"parking_aisle"},"geometry":{"type":"LineString","coordinates":[[-90.5450385,41.5191669],[-90.545419,41.5191415],[-90.5453867,41.518694],[-90.5455484,41.5186882],[-90.545587,41.5191357],[-90.545419,41.5191415]]}},{"type":"Feature","properties":{"id":"way/777740159","highway":"service"},"geometry":{"type":"LineString","coordinates":[[-90.545587,41.5191357],[-90.5457102,41.5191307],[-90.5459848,41.5191196],[-90.546134,41.5191135],[-90.5466376,41.519093],[-90.5466515,41.5192235]]}},{"type":"Feature","properties":{"id":"way/777740160","highway":"service","service":"parking_aisle"},"geometry":{"type":"LineString","coordinates":[[-90.5466376,41.519093],[-90.5470412,41.519093]]}},{"type":"Feature","properties":{"id":"way/777740161","highway":"service"},"geometry":{"type":"LineString","coordinates":[[-90.5457174,41.5192605],[-90.5457102,41.5191307]]}},{"type":"Feature","properties":{"id":"way/777740162","highway":"service","service":"parking_aisle"},"geometry":{"type":"LineString","coordinates":[[-90.546134,41.5191135],[-90.5460938,41.5186582],[-90.5459505,41.5186686],[-90.5459848,41.5191196]]}},{"type":"Feature","properties":{"id":"way/777740163","highway":"service","service":"parking_aisle"},"geometry":{"type":"LineString","coordinates":[[-90.5482107,41.5187508],[-90.5482337,41.5191739]]}},{"type":"Feature","properties":{"id":"way/777740164","highway":"service","service":"parking_aisle"},"geometry":{"type":"LineString","coordinates":[[-90.5479736,41.5187548],[-90.5480106,41.5191827]]}},{"type":"Feature","properties":{"id":"way/777740166","highway":"service"},"geometry":{"type":"LineString","coordinates":[[-90.5427122,41.5166394],[-90.5427022,41.5165201],[-90.5426915,41.5163922],[-90.5428555,41.5163872],[-90.5440805,41.5163496],[-90.5444777,41.5163375]]}},{"type":"Feature","properties":{"id":"way/777740167","highway":"service","service":"parking_aisle"},"geometry":{"type":"LineString","coordinates":[[-90.5431659,41.5164972],[-90.5440785,41.5164658],[-90.5444933,41.5164516],[-90.5444777,41.5163375],[-90.544473,41.5162004]]}},{"type":"Feature","properties":{"id":"way/777740168","highway":"service"},"geometry":{"type":"LineString","coordinates":[[-90.5440907,41.5165835],[-90.5440785,41.5164658],[-90.5440805,41.5163496]]}},{"type":"Feature","properties":{"id":"way/777740169","highway":"service","oneway":"yes","service":"parking_aisle"},"geometry":{"type":"LineString","coordinates":[[-90.5427022,41.5165201],[-90.5412917,41.5165672],[-90.5412836,41.5164272]]}},{"type":"Feature","properties":{"id":"way/777740170","highway":"service","service":"parking_aisle"},"geometry":{"type":"LineString","coordinates":[[-90.5410975,41.5164285],[-90.5412836,41.5164272],[-90.5419764,41.51641],[-90.5422025,41.5164044],[-90.5424138,41.5163991],[-90.5426915,41.5163922]]}},{"type":"Feature","properties":{"id":"way/777740171","highway":"service","service":"parking_aisle"},"geometry":{"type":"LineString","coordinates":[[-90.5424138,41.5163991],[-90.5423728,41.5155956]]}},{"type":"Feature","properties":{"id":"way/777740172","highway":"service","service":"parking_aisle"},"geometry":{"type":"LineString","coordinates":[[-90.5421504,41.5154953],[-90.5422025,41.5164044]]}},{"type":"Feature","properties":{"id":"way/777740174","highway":"service"},"geometry":{"type":"LineString","coordinates":[[-90.5446634,41.5161918],[-90.544473,41.5162004],[-90.5442418,41.5162028],[-90.5436785,41.5161627],[-90.5434398,41.5161275],[-90.543291,41.5161225],[-90.5428397,41.5161416],[-90.5428555,41.5163872],[-90.542873,41.516635]]}},{"type":"Feature","properties":{"id":"way/777740175","highway":"service"},"geometry":{"type":"LineString","coordinates":[[-90.5436785,41.5161627],[-90.543783,41.5158452]]}},{"type":"Feature","properties":{"id":"way/777740176","access":"private","highway":"unclassified","name":"2nd Street","tiger:cfcc":"A41","tiger:county":"Rock Island, IL","tiger:name_base":"Chestnut","tiger:name_type":"Ave","tiger:reviewed":"no"},"geometry":{"type":"LineString","coordinates":[[-90.5447282,41.5165577],[-90.5446843,41.5164618],[-90.5446634,41.5161918],[-90.5446548,41.5160802],[-90.5446333,41.51602],[-90.5446148,41.5155447],[-90.5446108,41.5154418],[-90.544595,41.5150379],[-90.5445771,41.5145773],[-90.5446036,41.5144435],[-90.5446195,41.5143547],[-90.5446176,41.5142645]]}},{"type":"Feature","properties":{"id":"way/777740177","highway":"service"},"geometry":{"type":"LineString","coordinates":[[-90.5446148,41.5155447],[-90.5444893,41.5155482],[-90.544272,41.5155543],[-90.544052,41.5155605],[-90.5438602,41.5155659],[-90.5436511,41.5155717]]}},{"type":"Feature","properties":{"id":"way/777740178","highway":"service","service":"parking_aisle"},"geometry":{"type":"LineString","coordinates":[[-90.5445109,41.5159561],[-90.5444893,41.5155482]]}},{"type":"Feature","properties":{"id":"way/777740179","highway":"service","service":"parking_aisle"},"geometry":{"type":"LineString","coordinates":[[-90.5442902,41.5159207],[-90.544272,41.5155543]]}},{"type":"Feature","properties":{"id":"way/777740180","highway":"service","service":"parking_aisle"},"geometry":{"type":"LineString","coordinates":[[-90.5440721,41.5158895],[-90.544052,41.5155605]]}},{"type":"Feature","properties":{"id":"way/777740181","highway":"service","service":"parking_aisle"},"geometry":{"type":"LineString","coordinates":[[-90.5438735,41.5158591],[-90.5438602,41.5155659]]}},{"type":"Feature","properties":{"id":"way/777740182","highway":"service","service":"parking_aisle"},"geometry":{"type":"LineString","coordinates":[[-90.5436608,41.5158219],[-90.5436511,41.5155717]]}},{"type":"Feature","properties":{"id":"way/777740183","highway":"service","service":"parking_aisle"},"geometry":{"type":"LineString","coordinates":[[-90.5446634,41.5161918],[-90.5448214,41.5161838],[-90.5448338,41.5162805],[-90.5458743,41.5162407],[-90.5458673,41.5160672],[-90.544825,41.5161043],[-90.5448214,41.5161838]]}},{"type":"Feature","properties":{"id":"way/777740184","highway":"unclassified"},"geometry":{"type":"LineString","coordinates":[[-90.5470572,41.5149533],[-90.5468193,41.5149615],[-90.5466066,41.5149688],[-90.5463766,41.5149767],[-90.5461534,41.5149844],[-90.5459248,41.5149922],[-90.5457111,41.5149996],[-90.544595,41.5150379]]}},{"type":"Feature","properties":{"id":"way/777740185","highway":"service"},"geometry":{"type":"LineString","coordinates":[[-90.5509171,41.5155389],[-90.5508873,41.5151047],[-90.5507693,41.5150183],[-90.5507479,41.5146648],[-90.5505708,41.5145664],[-90.5486865,41.5146283]]}},{"type":"Feature","properties":{"id":"way/777740186","highway":"service"},"geometry":{"type":"LineString","coordinates":[[-90.5487649,41.5155905],[-90.5472616,41.5156468],[-90.5471043,41.5156527],[-90.5468695,41.5156588],[-90.5466366,41.5156648],[-90.5464195,41.5156704],[-90.5462034,41.515676],[-90.5460653,41.5156787],[-90.5459784,41.5156477]]}},{"type":"Feature","properties":{"id":"way/777740188","highway":"service","service":"parking_aisle"},"geometry":{"type":"LineString","coordinates":[[-90.5630745,41.5158865],[-90.5626422,41.5161067]]}},{"type":"Feature","properties":{"id":"way/777740189","highway":"service","service":"parking_aisle"},"geometry":{"type":"LineString","coordinates":[[-90.5625209,41.5159741],[-90.5630821,41.5156879]]}},{"type":"Feature","properties":{"id":"way/777740190","highway":"service","service":"parking_aisle"},"geometry":{"type":"LineString","coordinates":[[-90.56309,41.5154799],[-90.5630449,41.5154776],[-90.5623788,41.5158182]]}},{"type":"Feature","properties":{"id":"way/777740191","highway":"service","service":"parking_aisle"},"geometry":{"type":"LineString","coordinates":[[-90.5625509,41.5160068],[-90.5624709,41.5160469],[-90.5623426,41.5161141],[-90.5621795,41.5161996],[-90.5619397,41.5163252],[-90.5617478,41.5161228],[-90.5618133,41.5160857]]}},{"type":"Feature","properties":{"id":"way/777740192","highway":"service","service":"parking_aisle"},"geometry":{"type":"LineString","coordinates":[[-90.5644343,41.5176694],[-90.5643801,41.517512],[-90.5643265,41.5173568],[-90.564593,41.5173014],[-90.5648549,41.5175529]]}},{"type":"Feature","properties":{"id":"way/777740193","highway":"service"},"geometry":{"type":"LineString","coordinates":[[-90.564593,41.5173014],[-90.5645175,41.5172103],[-90.5645105,41.5171265]]}},{"type":"Feature","properties":{"id":"way/777740194","access":"private","highway":"service"},"geometry":{"type":"LineString","coordinates":[[-90.5643801,41.517512],[-90.5639928,41.5175941],[-90.563694,41.5176448],[-90.5635219,41.5176644],[-90.5634021,41.517678],[-90.5631355,41.5177161],[-90.5629809,41.5177625],[-90.5629329,41.5177769],[-90.5627939,41.5177523],[-90.5627034,41.5177518]]}},{"type":"Feature","properties":{"id":"way/777740195","highway":"service","service":"parking_aisle"},"geometry":{"type":"LineString","coordinates":[[-90.5627506,41.517435],[-90.563694,41.5173983],[-90.5636819,41.5171642]]}},{"type":"Feature","properties":{"id":"way/777740196","highway":"service","service":"parking_aisle"},"geometry":{"type":"LineString","coordinates":[[-90.5644369,41.5171297],[-90.5644122,41.5167761],[-90.5645006,41.5167908],[-90.5646201,41.5168108],[-90.5649837,41.5167888],[-90.5650732,41.5169457],[-90.5645729,41.5169662]]}},{"type":"Feature","properties":{"id":"way/777740197","highway":"service","service":"parking_aisle"},"geometry":{"type":"LineString","coordinates":[[-90.564908,41.5166458],[-90.5648785,41.5165192],[-90.5645143,41.515982],[-90.564089,41.5153568],[-90.5640497,41.5152971],[-90.5639679,41.5152459],[-90.5638137,41.51502],[-90.5636353,41.5150782],[-90.5636259,41.5151987],[-90.5637084,41.5154391],[-90.5634955,41.5155144],[-90.5634623,41.5155261],[-90.5633456,41.5155294]]}},{"type":"Feature","properties":{"id":"way/777740198","highway":"service","oneway":"yes"},"geometry":{"type":"LineString","coordinates":[[-90.5582787,41.5163117],[-90.5582769,41.5161911],[-90.5582539,41.5161606],[-90.5582102,41.5161466]]}},{"type":"Feature","properties":{"id":"way/777740199","highway":"service","oneway":"yes","service":"parking_aisle"},"geometry":{"type":"LineString","coordinates":[[-90.5583247,41.5170722],[-90.5582787,41.5163117]]}},{"type":"Feature","properties":{"id":"way/777740200","highway":"service","oneway":"yes"},"geometry":{"type":"LineString","coordinates":[[-90.5577018,41.5171014],[-90.5579129,41.5170915],[-90.558098,41.5170828],[-90.5583247,41.5170722]]}},{"type":"Feature","properties":{"id":"way/777740201","highway":"service","oneway":"yes","service":"parking_aisle"},"geometry":{"type":"LineString","coordinates":[[-90.5580841,41.5163077],[-90.558098,41.5170828]]}},{"type":"Feature","properties":{"id":"way/777740202","highway":"service","oneway":"yes"},"geometry":{"type":"LineString","coordinates":[[-90.5582787,41.5163117],[-90.5581249,41.5163085],[-90.5580841,41.5163077],[-90.5578974,41.5162853],[-90.5576965,41.5162878]]}},{"type":"Feature","properties":{"id":"way/777740203","highway":"service","oneway":"yes"},"geometry":{"type":"LineString","coordinates":[[-90.5582102,41.5161466],[-90.5582168,41.5162441],[-90.5581249,41.5163085]]}},{"type":"Feature","properties":{"id":"way/777740204","highway":"service","oneway":"no"},"geometry":{"type":"LineString","coordinates":[[-90.5582102,41.5161466],[-90.5581796,41.5161368],[-90.5574226,41.5161646]]}},{"type":"Feature","properties":{"id":"way/777740205","highway":"service","oneway":"yes","service":"parking_aisle"},"geometry":{"type":"LineString","coordinates":[[-90.5579129,41.5170915],[-90.5578974,41.5162853]]}},{"type":"Feature","properties":{"id":"way/777740206","highway":"service","oneway":"yes","service":"parking_aisle"},"geometry":{"type":"LineString","coordinates":[[-90.5576965,41.5162878],[-90.5577018,41.5171014]]}},{"type":"Feature","properties":{"id":"way/777740207","highway":"service","service":"parking_aisle"},"geometry":{"type":"LineString","coordinates":[[-90.5515471,41.5178544],[-90.5506563,41.5178801],[-90.5506378,41.5176531]]}},{"type":"Feature","properties":{"id":"way/777740208","highway":"service"},"geometry":{"type":"LineString","coordinates":[[-90.5488758,41.5173902],[-90.5520841,41.5172755],[-90.5574677,41.5170711]]}},{"type":"Feature","properties":{"id":"way/777740209","highway":"service","service":"parking_aisle"},"geometry":{"type":"LineString","coordinates":[[-90.5469109,41.5164725],[-90.5469059,41.5163686],[-90.5456694,41.5164179],[-90.5456426,41.516445],[-90.5456482,41.5165225]]}},{"type":"Feature","properties":{"id":"way/777740210","highway":"service","oneway":"yes","service":"parking_aisle"},"geometry":{"type":"LineString","coordinates":[[-90.5463633,41.5164942],[-90.5464146,41.517187],[-90.5466271,41.5171783],[-90.5465838,41.5164855]]}},{"type":"Feature","properties":{"id":"way/777740211","highway":"service","oneway":"yes","service":"parking_aisle"},"geometry":{"type":"LineString","coordinates":[[-90.5417468,41.5166655],[-90.5417595,41.5168751],[-90.5418003,41.517299],[-90.5419328,41.5172961],[-90.5419436,41.5169575],[-90.5419305,41.5169056],[-90.541882,41.5168358],[-90.5418741,41.5166621]]}},{"type":"Feature","properties":{"id":"way/777740212","highway":"service","oneway":"yes","service":"parking_aisle"},"geometry":{"type":"LineString","coordinates":[[-90.5472248,41.5174809],[-90.5474232,41.5173156],[-90.547408,41.5169056]]}},{"type":"Feature","properties":{"id":"way/777740213","highway":"service"},"geometry":{"type":"LineString","coordinates":[[-90.547188,41.5169109],[-90.547408,41.5169056],[-90.5485708,41.5168837],[-90.548551,41.5170245],[-90.5484763,41.517153],[-90.5484049,41.5172417],[-90.5485156,41.5174298],[-90.5485471,41.5175158],[-90.548549,41.5177402]]}},{"type":"Feature","properties":{"id":"way/777740214","highway":"service","service":"parking_aisle"},"geometry":{"type":"LineString","coordinates":[[-90.5485708,41.5168837],[-90.5485909,41.5168525],[-90.5485922,41.5166507]]}},{"type":"Feature","properties":{"id":"way/777740215","highway":"service","service":"parking_aisle"},"geometry":{"type":"LineString","coordinates":[[-90.5489025,41.5189342],[-90.5499434,41.5189016]]}},{"type":"Feature","properties":{"id":"way/777740216","highway":"service","service":"parking_aisle"},"geometry":{"type":"LineString","coordinates":[[-90.5419908,41.5193986],[-90.5419792,41.5192349],[-90.5420553,41.5192316],[-90.5420288,41.5188473],[-90.5418881,41.5188506],[-90.5419067,41.5192382],[-90.5419792,41.5192349]]}},{"type":"Feature","properties":{"id":"way/777740217","highway":"service","service":"parking_aisle"},"geometry":{"type":"LineString","coordinates":[[-90.5425149,41.5182776],[-90.5424764,41.5179224]]}},{"type":"Feature","properties":{"id":"way/777740218","highway":"service","service":"driveway"},"geometry":{"type":"LineString","coordinates":[[-90.5417418,41.5179493],[-90.5417616,41.5180781],[-90.5417801,41.5181184],[-90.5418263,41.5181346],[-90.5419927,41.5181346],[-90.5420127,41.5181219],[-90.5420373,41.5180815],[-90.5420309,41.5179387]]}},{"type":"Feature","properties":{"id":"way/777740219","highway":"service"},"geometry":{"type":"LineString","coordinates":[[-90.5470495,41.5148135],[-90.5462857,41.5148315],[-90.5462355,41.5141984]]}},{"type":"Feature","properties":{"id":"way/777740220","highway":"service","service":"parking_aisle"},"geometry":{"type":"LineString","coordinates":[[-90.5463685,41.5141888],[-90.5463407,41.5140585],[-90.5461009,41.5140692],[-90.5460338,41.5131392],[-90.5462777,41.5131322],[-90.5465135,41.5131255],[-90.5465348,41.5134803],[-90.5465684,41.5140403],[-90.5463407,41.5140585]]}},{"type":"Feature","properties":{"id":"way/777740221","highway":"service","service":"parking_aisle"},"geometry":{"type":"LineString","coordinates":[[-90.5463407,41.5140585],[-90.5462777,41.5131322]]}},{"type":"Feature","properties":{"id":"way/777740222","highway":"service","service":"parking_aisle"},"geometry":{"type":"LineString","coordinates":[[-90.5465348,41.5134803],[-90.5466477,41.5134771],[-90.5467676,41.5135547],[-90.5467879,41.5139824],[-90.5467432,41.5140068],[-90.5465684,41.5140403]]}},{"type":"Feature","properties":{"id":"way/777740224","highway":"service","service":"parking_aisle"},"geometry":{"type":"LineString","coordinates":[[-90.5529396,41.5137286],[-90.5529259,41.5134772],[-90.5529073,41.513138]]}},{"type":"Feature","properties":{"id":"way/777740225","highway":"service"},"geometry":{"type":"LineString","coordinates":[[-90.5527639,41.5139709],[-90.5527471,41.5134829],[-90.5529259,41.5134772]]}},{"type":"Feature","properties":{"id":"way/777740226","highway":"service"},"geometry":{"type":"LineString","coordinates":[[-90.5492173,41.5139],[-90.5524867,41.5137864],[-90.5525681,41.5137639],[-90.5526247,41.5137268],[-90.5526566,41.5136831],[-90.5526601,41.5136089],[-90.5526389,41.5131464],[-90.5529073,41.513138]]}},{"type":"Feature","properties":{"id":"way/777873906","highway":"service","service":"parking_aisle"},"geometry":{"type":"LineString","coordinates":[[-90.5505745,41.5195485],[-90.5505351,41.5196465],[-90.5504619,41.5196351],[-90.5495076,41.5196876],[-90.549474,41.519731],[-90.5497667,41.519871],[-90.5503207,41.5198406],[-90.5503234,41.5198884],[-90.5503328,41.5200495],[-90.5503421,41.5202099],[-90.5503518,41.5203765],[-90.5503613,41.5205415],[-90.5512059,41.5206056]]}},{"type":"Feature","properties":{"id":"way/777873907","access":"private","highway":"unclassified","name":"North Avenue","tiger:cfcc":"A41","tiger:county":"Rock Island, IL","tiger:name_base":"North","tiger:name_type":"Ave","tiger:reviewed":"no"},"geometry":{"type":"LineString","coordinates":[[-90.5514274,41.5195705],[-90.5513604,41.5195685],[-90.5509554,41.5195806],[-90.5507588,41.5195877],[-90.5506979,41.5195806],[-90.5505745,41.5195485],[-90.5504169,41.5194972],[-90.5503264,41.5194688],[-90.5502246,41.5194282],[-90.5501114,41.5193701],[-90.5499831,41.5192888],[-90.5499383,41.5192606],[-90.5498267,41.5192131],[-90.5497126,41.5191941],[-90.5495874,41.5191744],[-90.5494257,41.5191568],[-90.5493094,41.5191491],[-90.5491572,41.5191411],[-90.5489523,41.5191457],[-90.5482337,41.5191739],[-90.5480106,41.5191827],[-90.5475554,41.5192006],[-90.5473977,41.5192024],[-90.5473045,41.5192034],[-90.5470996,41.5192057],[-90.5466515,41.5192235],[-90.5457174,41.5192605],[-90.5449172,41.5192923],[-90.5443683,41.5193121],[-90.543797,41.519335],[-90.5431799,41.5193553],[-90.5419908,41.5193986],[-90.5415107,41.5194161],[-90.5412889,41.5194248]]}},{"type":"Feature","properties":{"id":"way/777873908","highway":"service","service":"parking_aisle"},"geometry":{"type":"LineString","coordinates":[[-90.5517224,41.5204642],[-90.5503518,41.5203765]]}},{"type":"Feature","properties":{"id":"way/777873909","highway":"service","service":"parking_aisle"},"geometry":{"type":"LineString","coordinates":[[-90.5503421,41.5202099],[-90.551632,41.5202949]]}},{"type":"Feature","properties":{"id":"way/777873910","highway":"service","service":"parking_aisle"},"geometry":{"type":"LineString","coordinates":[[-90.551538,41.5201344],[-90.5503328,41.5200495]]}},{"type":"Feature","properties":{"id":"way/777873911","highway":"service","service":"parking_aisle"},"geometry":{"type":"LineString","coordinates":[[-90.5514626,41.5199495],[-90.5512846,41.5199553]]}},{"type":"Feature","properties":{"id":"way/777873914","highway":"service","service":"parking_aisle"},"geometry":{"type":"LineString","coordinates":[[-90.5505351,41.5196465],[-90.5505427,41.5197367],[-90.550831,41.5197517],[-90.5508484,41.5199265],[-90.550418,41.5198803],[-90.5503234,41.5198884],[-90.5505427,41.5197367]]}},{"type":"Feature","properties":{"id":"way/777873915","highway":"service","service":"parking_aisle"},"geometry":{"type":"LineString","coordinates":[[-90.5524056,41.519662],[-90.5521872,41.5196713],[-90.5519764,41.5196802],[-90.5517703,41.519689],[-90.5517904,41.5199611],[-90.5518802,41.5201629],[-90.5519634,41.5202644],[-90.552022,41.5203088],[-90.5520693,41.5203447],[-90.5522611,41.5204431],[-90.5521872,41.5196713]]}},{"type":"Feature","properties":{"id":"way/777873916","highway":"service","service":"parking_aisle"},"geometry":{"type":"LineString","coordinates":[[-90.5519764,41.5196802],[-90.552022,41.5203088]]}},{"type":"Feature","properties":{"id":"way/777873917","highway":"service","service":"parking_aisle"},"geometry":{"type":"LineString","coordinates":[[-90.5523888,41.5194573],[-90.5521922,41.5194649],[-90.5519688,41.5194736],[-90.5517491,41.5194821],[-90.5514948,41.519492],[-90.5514412,41.5182316],[-90.5515582,41.5180848]]}},{"type":"Feature","properties":{"id":"way/777873918","highway":"service","service":"parking_aisle"},"geometry":{"type":"LineString","coordinates":[[-90.5520931,41.5180697],[-90.5521922,41.5194649]]}},{"type":"Feature","properties":{"id":"way/777873919","highway":"service","service":"parking_aisle"},"geometry":{"type":"LineString","coordinates":[[-90.5519688,41.5194736],[-90.5518756,41.5180758]]}},{"type":"Feature","properties":{"id":"way/777873920","highway":"service","service":"parking_aisle"},"geometry":{"type":"LineString","coordinates":[[-90.5516559,41.518082],[-90.5517491,41.5194821]]}},{"type":"Feature","properties":{"id":"way/777873921","highway":"service"},"geometry":{"type":"LineString","coordinates":[[-90.5526047,41.5197745],[-90.552613,41.519941],[-90.5526215,41.5201098],[-90.5526296,41.5202725],[-90.5526374,41.5204283]]}},{"type":"Feature","properties":{"id":"way/777873922","highway":"service"},"geometry":{"type":"LineString","coordinates":[[-90.5544145,41.5197034],[-90.5544234,41.5198737],[-90.554432,41.5200399],[-90.5544408,41.5202069],[-90.554449,41.5203654]]}},{"type":"Feature","properties":{"id":"way/777873923","highway":"service","service":"parking_aisle"},"geometry":{"type":"LineString","coordinates":[[-90.5544145,41.5197034],[-90.5534671,41.5197406],[-90.5526047,41.5197745]]}},{"type":"Feature","properties":{"id":"way/777873924","highway":"service","service":"parking_aisle"},"geometry":{"type":"LineString","coordinates":[[-90.552613,41.519941],[-90.5534717,41.5199091],[-90.5544234,41.5198737]]}},{"type":"Feature","properties":{"id":"way/777873925","highway":"service","service":"parking_aisle"},"geometry":{"type":"LineString","coordinates":[[-90.554432,41.5200399],[-90.5534833,41.5200765],[-90.5526215,41.5201098]]}},{"type":"Feature","properties":{"id":"way/777873926","highway":"service","service":"parking_aisle"},"geometry":{"type":"LineString","coordinates":[[-90.5526296,41.5202725],[-90.5534934,41.5202412],[-90.5544408,41.5202069]]}},{"type":"Feature","properties":{"id":"way/777873927","highway":"service","service":"parking_aisle"},"geometry":{"type":"LineString","coordinates":[[-90.554449,41.5203654],[-90.5535019,41.5203983],[-90.5526374,41.5204283]]}},{"type":"Feature","properties":{"id":"way/777873928","highway":"service"},"geometry":{"type":"LineString","coordinates":[[-90.5535019,41.5203983],[-90.5534934,41.5202412],[-90.5534833,41.5200765],[-90.5534717,41.5199091],[-90.5534671,41.5197406]]}},{"type":"Feature","properties":{"id":"way/777873929","highway":"service"},"geometry":{"type":"LineString","coordinates":[[-90.552613,41.519941],[-90.5524292,41.5199487]]}},{"type":"Feature","properties":{"id":"way/777873930","highway":"service"},"geometry":{"type":"LineString","coordinates":[[-90.554432,41.5200399],[-90.5545948,41.520032]]}},{"type":"Feature","properties":{"id":"way/777873934","highway":"service"},"geometry":{"type":"LineString","coordinates":[[-90.5506979,41.5195806],[-90.5506648,41.5190663],[-90.5506322,41.5185601],[-90.5506187,41.5183498]]}},{"type":"Feature","properties":{"id":"way/777873935","highway":"service","service":"parking_aisle"},"geometry":{"type":"LineString","coordinates":[[-90.5506322,41.5185601],[-90.5504162,41.5185612],[-90.5504457,41.5189724],[-90.5505228,41.519012],[-90.5506648,41.5190663]]}},{"type":"Feature","properties":{"id":"way/777873939","highway":"service","service":"driveway"},"geometry":{"type":"LineString","coordinates":[[-90.5491755,41.5177106],[-90.5492558,41.5178188],[-90.5494699,41.5178153],[-90.5495159,41.517697]]}},{"type":"Feature","properties":{"id":"way/777873943","highway":"service","service":"parking_aisle"},"geometry":{"type":"LineString","coordinates":[[-90.5649837,41.5167888],[-90.5649385,41.5167065],[-90.564908,41.5166458]]}},{"type":"Feature","properties":{"id":"way/777873950","highway":"service","service":"parking_aisle"},"geometry":{"type":"LineString","coordinates":[[-90.5478316,41.5209079],[-90.5478277,41.5207519],[-90.549083,41.5207083],[-90.5490948,41.5208875]]}},{"type":"Feature","properties":{"id":"way/777873951","access":"private","highway":"service","service":"driveway"},"geometry":{"type":"LineString","coordinates":[[-90.548066,41.5216384],[-90.548064,41.5215728],[-90.5480584,41.5213883],[-90.5480396,41.5210678],[-90.5480133,41.5210363],[-90.5479509,41.521004],[-90.5478301,41.5209808],[-90.5477044,41.5209924],[-90.547632,41.5210004],[-90.5474972,41.5210076],[-90.5474326,41.5210111]]}},{"type":"Feature","properties":{"id":"way/777873955","highway":"service","service":"driveway"},"geometry":{"type":"LineString","coordinates":[[-90.545973,41.52203],[-90.5459072,41.522186],[-90.5459005,41.5222432],[-90.5459125,41.5222994],[-90.5459514,41.5223527],[-90.5460064,41.5223617],[-90.5460842,41.5223476],[-90.5461177,41.5223155],[-90.5461258,41.5222412],[-90.5461003,41.5221358],[-90.5460947,41.5220316]]}},{"type":"Feature","properties":{"id":"way/777873958","highway":"service","service":"driveway"},"geometry":{"type":"LineString","coordinates":[[-90.5449318,41.5219032],[-90.5447782,41.5221434],[-90.544695,41.5221503],[-90.5445748,41.5221307],[-90.5444793,41.5220799],[-90.5444394,41.5220488],[-90.5444085,41.5220246],[-90.5443638,41.5219554],[-90.5443499,41.5219],[-90.5443592,41.5218181]]}},{"type":"Feature","properties":{"id":"way/777873959","highway":"service","service":"driveway"},"geometry":{"type":"LineString","coordinates":[[-90.5444394,41.5220488],[-90.5442775,41.5221065],[-90.5441173,41.5221445],[-90.5440095,41.5221422],[-90.5439109,41.5221076],[-90.5438693,41.5220592],[-90.5438431,41.521998],[-90.5438508,41.5219312],[-90.5438739,41.5217618]]}},{"type":"Feature","properties":{"id":"way/777873964","highway":"service","service":"driveway"},"geometry":{"type":"LineString","coordinates":[[-90.5424365,41.5215275],[-90.5421618,41.5217348],[-90.5420659,41.5218072],[-90.5419889,41.521821],[-90.541935,41.5218129],[-90.5419088,41.521791],[-90.5419026,41.5217587],[-90.5419088,41.5217345],[-90.5419334,41.5217149],[-90.541992,41.5217045],[-90.5421618,41.5217348]]}},{"type":"Feature","properties":{"id":"way/777873965","highway":"service","service":"driveway"},"geometry":{"type":"LineString","coordinates":[[-90.5408987,41.5212547],[-90.5408771,41.5214111],[-90.5408771,41.5215375],[-90.5408771,41.5216158],[-90.5408801,41.5217186],[-90.5408954,41.5217673],[-90.540935,41.5217878],[-90.5409818,41.5217817],[-90.5410265,41.5217657],[-90.5410346,41.5217406],[-90.5410265,41.5217087],[-90.5410011,41.5216638],[-90.5408771,41.5215375]]}},{"type":"Feature","properties":{"id":"way/777873971","highway":"service"},"geometry":{"type":"LineString","coordinates":[[-90.551197,41.5140294],[-90.5512064,41.5141311],[-90.5512231,41.5143132],[-90.5512399,41.514496],[-90.5512561,41.5146713],[-90.5512731,41.5148558],[-90.5512887,41.515026],[-90.5513051,41.5152041],[-90.5513153,41.5153151],[-90.5531483,41.5152662],[-90.5531417,41.5151431],[-90.5531318,41.514958],[-90.5531224,41.5147827],[-90.553113,41.5146081],[-90.5531031,41.5144229],[-90.5530937,41.5142483],[-90.5530844,41.5140745],[-90.5530782,41.5139596]]}},{"type":"Feature","properties":{"id":"way/777873972","highway":"service","service":"parking_aisle"},"geometry":{"type":"LineString","coordinates":[[-90.5530844,41.5140745],[-90.5512064,41.5141311]]}},{"type":"Feature","properties":{"id":"way/777873973","highway":"service","service":"parking_aisle"},"geometry":{"type":"LineString","coordinates":[[-90.5512231,41.5143132],[-90.5530937,41.5142483]]}},{"type":"Feature","properties":{"id":"way/777873974","highway":"service","service":"parking_aisle"},"geometry":{"type":"LineString","coordinates":[[-90.5531031,41.5144229],[-90.5512399,41.514496]]}},{"type":"Feature","properties":{"id":"way/777873975","highway":"service","service":"parking_aisle"},"geometry":{"type":"LineString","coordinates":[[-90.5512561,41.5146713],[-90.553113,41.5146081]]}},{"type":"Feature","properties":{"id":"way/777873976","highway":"service","service":"parking_aisle"},"geometry":{"type":"LineString","coordinates":[[-90.5531224,41.5147827],[-90.5512731,41.5148558]]}},{"type":"Feature","properties":{"id":"way/777873977","highway":"service","service":"parking_aisle"},"geometry":{"type":"LineString","coordinates":[[-90.5512887,41.515026],[-90.5531318,41.514958]]}},{"type":"Feature","properties":{"id":"way/777873978","highway":"service","service":"parking_aisle"},"geometry":{"type":"LineString","coordinates":[[-90.5531417,41.5151431],[-90.5513051,41.5152041]]}},{"type":"Feature","properties":{"id":"way/777873979","highway":"service"},"geometry":{"type":"LineString","coordinates":[[-90.5513153,41.5153151],[-90.5513212,41.5154161],[-90.5513248,41.5154637],[-90.5513302,41.5155265]]}},{"type":"Feature","properties":{"id":"way/777873980","highway":"service"},"geometry":{"type":"LineString","coordinates":[[-90.5531483,41.5152662],[-90.5531525,41.5153078],[-90.5531455,41.5153675],[-90.5531549,41.5154687]]}},{"type":"Feature","properties":{"id":"way/777873982","highway":"service"},"geometry":{"type":"LineString","coordinates":[[-90.5425473,41.5143456],[-90.5425136,41.5139671],[-90.5424963,41.5135415],[-90.5431776,41.5135124],[-90.5431977,41.513908],[-90.5429362,41.5139141]]}},{"type":"Feature","properties":{"id":"way/777873983","highway":"service"},"geometry":{"type":"LineString","coordinates":[[-90.5435048,41.5122729],[-90.5435046,41.5123226],[-90.5435466,41.5129748]]}},{"type":"Feature","properties":{"id":"way/777873988","highway":"service"},"geometry":{"type":"LineString","coordinates":[[-90.5468595,41.5121395],[-90.5467374,41.5120597],[-90.5468277,41.5119635]]}},{"type":"Feature","properties":{"id":"way/777873990","highway":"service"},"geometry":{"type":"LineString","coordinates":[[-90.5460464,41.5121794],[-90.5461715,41.5121498],[-90.5463056,41.5121365],[-90.5463056,41.5120811],[-90.5467374,41.5120597]]}},{"type":"Feature","properties":{"id":"way/777873996","highway":"service"},"geometry":{"type":"LineString","coordinates":[[-90.5526389,41.5131464],[-90.5526294,41.5129689],[-90.5526242,41.5129318],[-90.5526207,41.5128891],[-90.5525577,41.5121373]]}},{"type":"Feature","properties":{"id":"way/777874000","access":"private","highway":"service","oneway":"yes"},"geometry":{"type":"LineString","coordinates":[[-90.562847,41.5146748],[-90.5626611,41.5147533],[-90.5625511,41.5148578],[-90.5625076,41.5148839],[-90.5624069,41.5149101]]}},{"type":"Feature","properties":{"id":"way/777874001","access":"private","highway":"service","oneway":"yes"},"geometry":{"type":"LineString","coordinates":[[-90.562847,41.5146748],[-90.562725,41.514779],[-90.5625618,41.514934]]}},{"type":"Feature","properties":{"id":"way/777874002","access":"no","highway":"service","service":"parking_aisle"},"geometry":{"type":"LineString","coordinates":[[-90.5628211,41.5145087],[-90.562805,41.5144882],[-90.5627838,41.5144631],[-90.5627549,41.5144448],[-90.5626898,41.5144326],[-90.5623777,41.5144847]]}},{"type":"Feature","properties":{"id":"way/777874007","highway":"service","service":"parking_aisle"},"geometry":{"type":"LineString","coordinates":[[-90.5468193,41.5149615],[-90.5468695,41.5156588]]}},{"type":"Feature","properties":{"id":"way/777874008","highway":"service","service":"parking_aisle"},"geometry":{"type":"LineString","coordinates":[[-90.5466366,41.5156648],[-90.5466066,41.5149688]]}},{"type":"Feature","properties":{"id":"way/777874009","highway":"service","service":"parking_aisle"},"geometry":{"type":"LineString","coordinates":[[-90.5463766,41.5149767],[-90.5464195,41.5156704]]}},{"type":"Feature","properties":{"id":"way/777874010","highway":"service","service":"parking_aisle"},"geometry":{"type":"LineString","coordinates":[[-90.5462034,41.515676],[-90.5461534,41.5149844]]}},{"type":"Feature","properties":{"id":"way/777874011","highway":"service","service":"parking_aisle"},"geometry":{"type":"LineString","coordinates":[[-90.5459248,41.5149922],[-90.5459784,41.5156477],[-90.5457533,41.5155935],[-90.5457397,41.5154023],[-90.5457111,41.5149996]]}},{"type":"Feature","properties":{"id":"way/777874012","highway":"service"},"geometry":{"type":"LineString","coordinates":[[-90.5486748,41.5161731],[-90.5486699,41.5160034],[-90.5486652,41.5158442],[-90.5486605,41.5156834],[-90.5486295,41.515653]]}},{"type":"Feature","properties":{"id":"way/777874013","highway":"service"},"geometry":{"type":"LineString","coordinates":[[-90.5473501,41.5162285],[-90.5473366,41.5160441],[-90.5473246,41.5158801],[-90.5473119,41.5157066]]}},{"type":"Feature","properties":{"id":"way/777874014","highway":"service","service":"parking_aisle"},"geometry":{"type":"LineString","coordinates":[[-90.5486748,41.5161731],[-90.5473501,41.5162285]]}},{"type":"Feature","properties":{"id":"way/777874015","highway":"service","service":"parking_aisle"},"geometry":{"type":"LineString","coordinates":[[-90.5473119,41.5157066],[-90.5486295,41.515653]]}},{"type":"Feature","properties":{"id":"way/777874016","highway":"service","service":"parking_aisle"},"geometry":{"type":"LineString","coordinates":[[-90.5486652,41.5158442],[-90.5473246,41.5158801]]}},{"type":"Feature","properties":{"id":"way/777874017","highway":"service","service":"parking_aisle"},"geometry":{"type":"LineString","coordinates":[[-90.5486699,41.5160034],[-90.5473366,41.5160441],[-90.5471316,41.5160585]]}},{"type":"Feature","properties":{"id":"way/777874023","highway":"service"},"geometry":{"type":"LineString","coordinates":[[-90.5419764,41.51641],[-90.5419587,41.5161441],[-90.5419077,41.5153779],[-90.5418883,41.5150163]]}},{"type":"Feature","properties":{"id":"way/777874025","highway":"service"},"geometry":{"type":"LineString","coordinates":[[-90.5410824,41.5161943],[-90.5415446,41.5161744],[-90.5418167,41.5161601],[-90.5419587,41.5161441]]}},{"type":"Feature","properties":{"id":"way/777874028","highway":"service"},"geometry":{"type":"LineString","coordinates":[[-90.5457397,41.5154023],[-90.5446108,41.5154418]]}},{"type":"Feature","properties":{"id":"way/790451585","highway":"service","service":"alley"},"geometry":{"type":"LineString","coordinates":[[-90.571541,41.545001],[-90.5707355,41.5450037]]}},{"type":"Feature","properties":{"id":"way/790451586","highway":"service","service":"alley"},"geometry":{"type":"LineString","coordinates":[[-90.5712286,41.5454997],[-90.5707302,41.5454953]]}},{"type":"Feature","properties":{"id":"way/790451587","highway":"service","tiger:cfcc":"A45;A41","tiger:county":"Scott, IA","tiger:name_base":"Temple","tiger:name_type":"Ln","tiger:reviewed":"no","tiger:zip_left":"52803","tiger:zip_right":"52803"},"geometry":{"type":"LineString","coordinates":[[-90.5721389,41.5418266],[-90.572078,41.541103],[-90.572085,41.541062],[-90.572069,41.540633],[-90.572038,41.539768]]}},{"type":"Feature","properties":{"id":"way/790451588","highway":"service","service":"alley"},"geometry":{"type":"LineString","coordinates":[[-90.5708132,41.5402647],[-90.5719458,41.5402592]]}},{"type":"Feature","properties":{"id":"way/793251759","highway":"service","service":"parking_aisle"},"geometry":{"type":"LineString","coordinates":[[-90.5997774,41.5310221],[-90.5997891,41.5308001],[-90.59974,41.5307704],[-90.5996863,41.5307949],[-90.5996699,41.5310165]]}},{"type":"Feature","properties":{"id":"way/793251760","highway":"service","service":"parking_aisle"},"geometry":{"type":"LineString","coordinates":[[-90.5997801,41.5314841],[-90.5999069,41.531462],[-90.5999204,41.5312472],[-90.5997925,41.5312088]]}},{"type":"Feature","properties":{"id":"way/793251761","highway":"service","service":"parking_aisle","surface":"asphalt"},"geometry":{"type":"LineString","coordinates":[[-90.5981146,41.5305066],[-90.5982092,41.5304749],[-90.5983781,41.530423]]}},{"type":"Feature","properties":{"id":"way/793251762","highway":"service","oneway":"yes","service":"parking_aisle","surface":"asphalt"},"geometry":{"type":"LineString","coordinates":[[-90.5983781,41.530423],[-90.598649,41.5304291],[-90.5986536,41.5302855],[-90.5986542,41.530266],[-90.5983833,41.5302568],[-90.5983781,41.530423]]}},{"type":"Feature","properties":{"id":"way/793251763","highway":"service","service":"parking_aisle"},"geometry":{"type":"LineString","coordinates":[[-90.5996856,41.5295196],[-90.5997044,41.5295927],[-90.5997634,41.5296288],[-90.6000558,41.5297453],[-90.6002623,41.5298075],[-90.6004099,41.5298155],[-90.6008953,41.5298015]]}},{"type":"Feature","properties":{"id":"way/793251765","highway":"residential","maxspeed":"25 mph","name":"Clay Street","surface":"brick","tiger:cfcc":"A41","tiger:county":"Scott, IA","tiger:name_base":"Clay","tiger:name_type":"St","tiger:reviewed":"no","tiger:zip_left":"52804","tiger:zip_right":"52804"},"geometry":{"type":"LineString","coordinates":[[-90.5963451,41.5306703],[-90.5964582,41.5306461],[-90.5979423,41.5306334]]}},{"type":"Feature","properties":{"id":"way/793258499","highway":"service","tiger:cfcc":"A41","tiger:county":"Scott, IA","tiger:name_base":"St Vincent Home","tiger:name_type":"Rd","tiger:reviewed":"no"},"geometry":{"type":"LineString","coordinates":[[-90.5827459,41.5474508],[-90.5827405,41.5477099],[-90.5827799,41.5478077],[-90.5827976,41.5478517],[-90.5827976,41.5479982],[-90.5827976,41.5480905]]}},{"type":"Feature","properties":{"id":"way/793345902","highway":"service","service":"alley"},"geometry":{"type":"LineString","coordinates":[[-90.597372,41.521781],[-90.598959,41.521788]]}},{"type":"Feature","properties":{"id":"way/793348913","highway":"service","service":"alley"},"geometry":{"type":"LineString","coordinates":[[-90.5798899,41.5325001],[-90.57851,41.532484]]}},{"type":"Feature","properties":{"id":"way/793350798","alt_name":"North Main Street","highway":"tertiary","lanes":"1","maxspeed":"30 mph","maxweight":"7 st","name":"Main Street","oneway":"yes","ref":"US 6 Hist","source:maxweight":"https://ecode360.com/39603137#39603137","tiger:cfcc":"A41","tiger:county":"Scott, IA","tiger:name_base":"Main","tiger:name_direction_prefix":"N","tiger:name_type":"St","tiger:reviewed":"no","tiger:zip_left":"52803","tiger:zip_right":"52803"},"geometry":{"type":"LineString","coordinates":[[-90.5755367,41.5315553],[-90.5756135,41.5312702],[-90.5755414,41.5310272],[-90.5754644,41.5312542],[-90.5755367,41.5315553]]}},{"type":"Feature","properties":{"id":"way/793350804","highway":"service","service":"alley"},"geometry":{"type":"LineString","coordinates":[[-90.5704173,41.5378217],[-90.5704576,41.536747],[-90.5711765,41.5367361]]}},{"type":"Feature","properties":{"id":"way/793350807","highway":"service","name":"West 17th Street"},"geometry":{"type":"LineString","coordinates":[[-90.5762603,41.5367236],[-90.5762525,41.5367416],[-90.576221,41.5367517],[-90.5760044,41.5367798],[-90.5755668,41.5367766]]}},{"type":"Feature","properties":{"id":"way/796861779","highway":"residential","maxspeed":"25 mph","name":"Taylor Street","surface":"asphalt"},"geometry":{"type":"LineString","coordinates":[[-90.5919961,41.5223686],[-90.5919904,41.5218131],[-90.5919922,41.5216752],[-90.5919947,41.5214916],[-90.5919974,41.5212954]]}},{"type":"Feature","properties":{"id":"way/796861780","highway":"tertiary","lanes":"3","maxspeed":"35 mph","name":"West 3rd Street","oneway":"no","tiger:cfcc":"A41","tiger:county":"Scott, IA","tiger:name_base":"3rd","tiger:name_direction_prefix":"W","tiger:name_type":"St","tiger:zip_left":"52802","tiger:zip_right":"52802"},"geometry":{"type":"LineString","coordinates":[[-90.5909062,41.5223756],[-90.5902085,41.5223812],[-90.5899399,41.5223822],[-90.5891699,41.5223883],[-90.5859344,41.5224015],[-90.5844632,41.5224071]]}},{"type":"Feature","properties":{"id":"way/798173103","highway":"residential","maxspeed":"25 mph","name":"East High Street","oneway":"no","tiger:cfcc":"A41","tiger:county":"Scott, IA","tiger:name_base":"High","tiger:name_direction_prefix":"E","tiger:name_type":"St","tiger:reviewed":"no","tiger:zip_left":"52803","tiger:zip_right":"52803"},"geometry":{"type":"LineString","coordinates":[[-90.558099,41.5409357],[-90.5579703,41.5409255],[-90.5574962,41.5408786],[-90.5568899,41.5408234],[-90.5563288,41.5407684],[-90.5561013,41.5407435],[-90.555593,41.540702],[-90.55368,41.540498],[-90.5515133,41.540288]]}},{"type":"Feature","properties":{"id":"way/798173106","highway":"residential","maxspeed":"25 mph","name":"Walling Court"},"geometry":{"type":"LineString","coordinates":[[-90.5656687,41.5395822],[-90.5657842,41.5396887]]}},{"type":"Feature","properties":{"id":"way/798553055","highway":"service","service":"alley"},"geometry":{"type":"LineString","coordinates":[[-90.5843911,41.5293627],[-90.5848651,41.5293546],[-90.5853533,41.5293271],[-90.585866,41.5293293]]}},{"type":"Feature","properties":{"id":"way/798553056","highway":"service","service":"alley"},"geometry":{"type":"LineString","coordinates":[[-90.586735,41.529831],[-90.5867438,41.5293623]]}},{"type":"Feature","properties":{"id":"way/798553057","highway":"service","service":"alley"},"geometry":{"type":"LineString","coordinates":[[-90.5864925,41.5298258],[-90.586458,41.529326]]}},{"type":"Feature","properties":{"id":"way/798553067","highway":"residential","maxspeed":"25 mph","name":"East 7th Street","surface":"brick","tiger:cfcc":"A41","tiger:county":"Scott, IA","tiger:name_base":"7th","tiger:name_direction_prefix":"E","tiger:name_type":"St","tiger:reviewed":"no","tiger:zip_left":"52803","tiger:zip_right":"52803"},"geometry":{"type":"LineString","coordinates":[[-90.571161,41.526782],[-90.5703637,41.5267771],[-90.569685,41.526773],[-90.568958,41.526769],[-90.568238,41.526763],[-90.566769,41.526755],[-90.5660327,41.5267582],[-90.5650799,41.5267608],[-90.5647321,41.5267618]]}},{"type":"Feature","properties":{"id":"way/798553068","highway":"residential","maxspeed":"25 mph","name":"Pershing Avenue","tiger:cfcc":"A41","tiger:county":"Scott, IA","tiger:name_base":"Pershing","tiger:name_type":"Ave","tiger:reviewed":"no","tiger:zip_left":"52801","tiger:zip_right":"52801"},"geometry":{"type":"LineString","coordinates":[[-90.571166,41.526257],[-90.571161,41.526782],[-90.5711516,41.5276783],[-90.57115,41.527827],[-90.571148,41.528334],[-90.571151,41.528729],[-90.571151,41.52886],[-90.571154,41.529322],[-90.571154,41.529381],[-90.571157,41.529906],[-90.5711573,41.5299572],[-90.571159,41.530319],[-90.57116,41.530432],[-90.5711628,41.5309478],[-90.5711679,41.5314681],[-90.5711649,41.531999],[-90.571141,41.532519],[-90.5711548,41.5330365],[-90.571159,41.533548],[-90.571159,41.533941],[-90.571167,41.534066],[-90.571191,41.534588],[-90.5712118,41.5351072],[-90.5712093,41.5356093],[-90.5712181,41.53603],[-90.5712199,41.5361152],[-90.5711815,41.5362231],[-90.5711806,41.536311],[-90.5711765,41.5367361],[-90.5711771,41.5367929],[-90.5711591,41.5374789],[-90.5711585,41.5382811]]}},{"type":"Feature","properties":{"id":"way/798553069","highway":"service","service":"alley","tiger:cfcc":"A41","tiger:county":"Scott, IA","tiger:reviewed":"no"},"geometry":{"type":"LineString","coordinates":[[-90.571166,41.526257],[-90.5703765,41.526249],[-90.56969,41.526244]]}},{"type":"Feature","properties":{"id":"way/798553071","highway":"service","service":"alley","surface":"brick","tiger:cfcc":"A41","tiger:county":"Scott, IA","tiger:reviewed":"no"},"geometry":{"type":"LineString","coordinates":[[-90.5740627,41.5262786],[-90.572629,41.526275],[-90.571888,41.526266],[-90.571166,41.526257]]}},{"type":"Feature","properties":{"id":"way/798553072","highway":"service","service":"alley","surface":"brick","tiger:cfcc":"A41","tiger:county":"Scott, IA","tiger:reviewed":"no"},"geometry":{"type":"LineString","coordinates":[[-90.56969,41.526244],[-90.568242,41.52623],[-90.566776,41.526223]]}},{"type":"Feature","properties":{"id":"way/798553074","highway":"residential","maxspeed":"25 mph","name":"East 10th Street","surface":"brick","tiger:cfcc":"A41","tiger:county":"Scott, IA","tiger:name_base":"10th","tiger:name_direction_prefix":"E","tiger:name_type":"St","tiger:reviewed":"no","tiger:zip_left":"52803","tiger:zip_right":"52803"},"geometry":{"type":"LineString","coordinates":[[-90.5564446,41.5300871],[-90.5538209,41.5301013]]}},{"type":"Feature","properties":{"id":"way/798553075","highway":"service","service":"alley","surface":"brick"},"geometry":{"type":"LineString","coordinates":[[-90.557878,41.5295452],[-90.5564468,41.5295385]]}},{"type":"Feature","properties":{"id":"way/798553076","highway":"service","service":"alley"},"geometry":{"type":"LineString","coordinates":[[-90.5564468,41.5295385],[-90.5538253,41.5295536]]}},{"type":"Feature","properties":{"id":"way/798553077","highway":"residential","maxspeed":"25 mph","name":"Mississippi Avenue","surface":"brick","tiger:cfcc":"A41","tiger:county":"Scott, IA","tiger:name_base":"Mississippi","tiger:name_type":"Ave","tiger:reviewed":"no","tiger:zip_left":"52803","tiger:zip_right":"52803"},"geometry":{"type":"LineString","coordinates":[[-90.5538227,41.5306454],[-90.553817,41.5312062],[-90.553804,41.531394],[-90.553805,41.531664],[-90.553806,41.531766],[-90.5538126,41.5321158],[-90.553816,41.532296]]}},{"type":"Feature","properties":{"id":"way/798553078","highway":"service","service":"alley","surface":"brick","tiger:cfcc":"A41","tiger:county":"Scott, IA","tiger:reviewed":"no"},"geometry":{"type":"LineString","coordinates":[[-90.5564381,41.5317575],[-90.5578905,41.5317355]]}},{"type":"Feature","properties":{"id":"way/798553079","highway":"residential","maxspeed":"25 mph","name":"College Avenue","surface":"brick","tiger:cfcc":"A41","tiger:county":"Scott, IA","tiger:name_base":"College","tiger:name_type":"Ave","tiger:reviewed":"no","tiger:zip_left":"52803","tiger:zip_right":"52803"},"geometry":{"type":"LineString","coordinates":[[-90.5564381,41.5317575],[-90.556436,41.532293]]}},{"type":"Feature","properties":{"id":"way/798553080","highway":"service","service":"alley","tiger:cfcc":"A41","tiger:county":"Scott, IA","tiger:reviewed":"no"},"geometry":{"type":"LineString","coordinates":[[-90.559208,41.531748],[-90.5585144,41.5317356],[-90.5578905,41.5317355]]}},{"type":"Feature","properties":{"id":"way/798818414","highway":"residential","maxspeed":"25 mph","name":"Scott Street","surface":"brick","tiger:cfcc":"A41","tiger:county":"Scott, IA","tiger:name_base":"Scott","tiger:name_type":"St","tiger:reviewed":"no","tiger:zip_left":"52803","tiger:zip_right":"52803"},"geometry":{"type":"LineString","coordinates":[[-90.5799632,41.5262736],[-90.5799549,41.5268005]]}},{"type":"Feature","properties":{"id":"way/798818416","highway":"residential","maxspeed":"25 mph","name":"West 5th Street","surface":"brick","tiger:cfcc":"A41","tiger:county":"Scott, IA","tiger:name_base":"5th","tiger:name_direction_prefix":"W","tiger:name_type":"St","tiger:reviewed":"no","tiger:zip_left":"52802","tiger:zip_right":"52802"},"geometry":{"type":"LineString","coordinates":[[-90.5829601,41.5246426],[-90.584443,41.5246411],[-90.5859142,41.5246569],[-90.587283,41.5246383],[-90.589014,41.5246365],[-90.590885,41.5246346]]}},{"type":"Feature","properties":{"id":"way/798818417","highway":"residential","maxspeed":"25 mph","name":"Taylor Street","tiger:cfcc":"A41","tiger:county":"Scott, IA","tiger:name_base":"Taylor","tiger:name_type":"St","tiger:reviewed":"no","tiger:zip_left":"52802","tiger:zip_right":"52802"},"geometry":{"type":"LineString","coordinates":[[-90.5925133,41.524633],[-90.5925113,41.52515],[-90.5925092,41.5256631],[-90.592507,41.5262181],[-90.5925048,41.526766],[-90.5925028,41.527284],[-90.5925007,41.527816]]}},{"type":"Feature","properties":{"id":"way/798818418","highway":"residential","maxspeed":"25 mph","name":"West 9th Street","surface":"asphalt","tiger:cfcc":"A41","tiger:county":"Scott, IA","tiger:name_base":"9th","tiger:name_direction_prefix":"W","tiger:name_type":"St","tiger:reviewed":"no","tiger:zip_left":"52804","tiger:zip_right":"52804"},"geometry":{"type":"LineString","coordinates":[[-90.594289,41.528352],[-90.595096,41.528357],[-90.5964093,41.5283858],[-90.597013,41.528399],[-90.598385,41.528462],[-90.599754,41.528537],[-90.6011599,41.5286177]]}},{"type":"Feature","properties":{"id":"way/798818419","highway":"residential","maxspeed":"25 mph","name":"Madison Street","surface":"brick","tiger:cfcc":"A41","tiger:county":"Scott, IA","tiger:name_base":"Madison","tiger:name_type":"St","tiger:reviewed":"no","tiger:zip_left":"52804","tiger:zip_right":"52804"},"geometry":{"type":"LineString","coordinates":[[-90.599754,41.528537],[-90.599746,41.529004],[-90.599737,41.52952]]}},{"type":"Feature","properties":{"id":"way/798818420","highway":"residential","maxspeed":"25 mph","name":"Brown Street","surface":"brick","tiger:cfcc":"A41","tiger:county":"Scott, IA","tiger:name_base":"Brown","tiger:name_type":"St","tiger:reviewed":"no","tiger:zip_left":"52804","tiger:zip_right":"52804"},"geometry":{"type":"LineString","coordinates":[[-90.584443,41.5246411],[-90.584439,41.525166],[-90.584434,41.52568],[-90.584426,41.526254]]}},{"type":"Feature","properties":{"id":"way/798818422","highway":"service","service":"alley"},"geometry":{"type":"LineString","coordinates":[[-90.584426,41.526254],[-90.5858915,41.5262619]]}},{"type":"Feature","properties":{"id":"way/798818423","highway":"residential","maxspeed":"25 mph","name":"West 7th Street","tiger:cfcc":"A41","tiger:county":"Scott, IA","tiger:name_base":"7th","tiger:name_direction_prefix":"W","tiger:name_type":"St","tiger:reviewed":"no","tiger:zip_left":"52802","tiger:zip_right":"52802"},"geometry":{"type":"LineString","coordinates":[[-90.584418,41.526781],[-90.5858838,41.5267831],[-90.587423,41.526794]]}},{"type":"Feature","properties":{"id":"way/798818424","highway":"residential","maxspeed":"25 mph","name":"Brown Street","tiger:cfcc":"A41","tiger:county":"Scott, IA","tiger:name_base":"Brown","tiger:name_type":"St","tiger:reviewed":"no","tiger:zip_left":"52804","tiger:zip_right":"52804"},"geometry":{"type":"LineString","coordinates":[[-90.584394,41.530946],[-90.584368,41.53217],[-90.584357,41.533005],[-90.58435,41.533516],[-90.584342,41.534033]]}},{"type":"Feature","properties":{"id":"way/798818425","highway":"residential","maxspeed":"25 mph","name":"Vine Street","tiger:cfcc":"A41","tiger:county":"Scott, IA","tiger:name_base":"Vine","tiger:name_type":"St","tiger:reviewed":"no","tiger:zip_left":"52804","tiger:zip_right":"52804"},"geometry":{"type":"LineString","coordinates":[[-90.587423,41.526794],[-90.587416,41.527293],[-90.587408,41.527819],[-90.587396,41.528348],[-90.58738,41.528847],[-90.587372,41.529385],[-90.58737,41.529903],[-90.5873697,41.529966],[-90.587366,41.530873],[-90.5873714,41.5311616],[-90.587377,41.531463],[-90.587397,41.531508],[-90.587428,41.531538]]}},{"type":"Feature","properties":{"id":"way/798818426","highway":"residential","maxspeed":"25 mph","name":"West 7th Street","tiger:cfcc":"A41","tiger:county":"Scott, IA","tiger:name_base":"7th","tiger:name_direction_prefix":"W","tiger:name_type":"St","tiger:reviewed":"no","tiger:zip_left":"52802","tiger:zip_right":"52802"},"geometry":{"type":"LineString","coordinates":[[-90.587423,41.526794],[-90.5883526,41.5267812],[-90.589003,41.5267843],[-90.59019,41.526783],[-90.590429,41.526779],[-90.590872,41.526772],[-90.5911011,41.5267692],[-90.5925048,41.526766],[-90.5943181,41.52676],[-90.5970558,41.526763],[-90.598421,41.526761],[-90.5997983,41.526751],[-90.601165,41.526758],[-90.6014997,41.5267584],[-90.603667,41.526761],[-90.604348,41.526762],[-90.605037,41.526763],[-90.605574,41.526765],[-90.605736,41.526755]]}},{"type":"Feature","properties":{"id":"way/798818427","highway":"service","service":"alley"},"geometry":{"type":"LineString","coordinates":[[-90.5858915,41.5262619],[-90.587432,41.52625],[-90.5884146,41.5262634]]}},{"type":"Feature","properties":{"id":"way/798818428","highway":"service","service":"alley","surface":"brick"},"geometry":{"type":"LineString","coordinates":[[-90.5784963,41.5262817],[-90.5799632,41.5262736]]}},{"type":"Feature","properties":{"id":"way/798818429","highway":"service","service":"alley"},"geometry":{"type":"LineString","coordinates":[[-90.5799632,41.5262736],[-90.5814429,41.5262721]]}},{"type":"Feature","properties":{"id":"way/798818430","highway":"residential","maxspeed":"25 mph","name":"Myrtle Street","surface":"brick","tiger:cfcc":"A41","tiger:county":"Scott, IA","tiger:name_base":"Myrtle","tiger:name_type":"St","tiger:reviewed":"no","tiger:zip_left":"52802","tiger:zip_right":"52802"},"geometry":{"type":"LineString","coordinates":[[-90.589003,41.5267843],[-90.588994,41.527347]]}},{"type":"Feature","properties":{"id":"way/798818431","highway":"service","service":"alley","surface":"brick"},"geometry":{"type":"LineString","coordinates":[[-90.582925,41.5283391],[-90.580249,41.528356],[-90.5785285,41.5283606]]}},{"type":"Feature","properties":{"id":"way/798818432","highway":"service","oneway":"yes"},"geometry":{"type":"LineString","coordinates":[[-90.5904395,41.5299215],[-90.590508,41.5300062],[-90.5905176,41.5300172],[-90.5906301,41.530146],[-90.5906133,41.5310097],[-90.5905517,41.5312277],[-90.5905068,41.5316346]]}},{"type":"Feature","properties":{"id":"way/798818433","highway":"residential","maxspeed":"25 mph","name":"West 10th Street","surface":"brick","tiger:cfcc":"A41","tiger:county":"Scott, IA","tiger:name_base":"10th","tiger:name_direction_prefix":"W","tiger:name_type":"St","tiger:reviewed":"no","tiger:zip_left":"52802"},"geometry":{"type":"LineString","coordinates":[[-90.5906914,41.5299119],[-90.590714,41.5299118],[-90.5915264,41.5299073]]}},{"type":"Feature","properties":{"id":"way/798818434","highway":"residential","maxspeed":"25 mph","name":"Carey Avenue","surface":"brick","tiger:cfcc":"A41","tiger:county":"Scott, IA","tiger:name_base":"Carey","tiger:name_type":"Ave","tiger:reviewed":"no","tiger:zip_left":"52803","tiger:zip_right":"52803"},"geometry":{"type":"LineString","coordinates":[[-90.5602527,41.5267985],[-90.5602386,41.5270227],[-90.5602314,41.527137],[-90.5602593,41.527413],[-90.5602455,41.5275573]]}},{"type":"Feature","properties":{"id":"way/798818435","highway":"residential","maxspeed":"25 mph","name":"East 6th Street","surface":"brick","tiger:cfcc":"A41","tiger:county":"Scott, IA","tiger:name_base":"6th","tiger:name_direction_prefix":"E","tiger:name_type":"St","tiger:reviewed":"no","tiger:zip_left":"52803","tiger:zip_right":"52803"},"geometry":{"type":"LineString","coordinates":[[-90.5602455,41.5275573],[-90.559575,41.527759],[-90.5593817,41.5278202]]}},{"type":"Feature","properties":{"id":"way/798818436","highway":"service","tiger:cfcc":"A41","tiger:county":"Scott, IA","tiger:reviewed":"no"},"geometry":{"type":"LineString","coordinates":[[-90.5598931,41.5283186],[-90.5597164,41.5283325],[-90.559578,41.5283573],[-90.5595167,41.5283807],[-90.5594946,41.5284122],[-90.5594587,41.5284851],[-90.5594417,41.5285509],[-90.5594393,41.5286226],[-90.5594459,41.5286899],[-90.559467,41.5287821],[-90.559494,41.528845],[-90.5596416,41.5291844],[-90.5596663,41.5292134],[-90.5597015,41.5292381],[-90.5597621,41.5292778],[-90.5598336,41.5293298],[-90.5598669,41.5293671],[-90.5600152,41.5295673],[-90.5600633,41.5296573],[-90.560111,41.5297762],[-90.5601378,41.5298664],[-90.560143,41.5299255]]}},{"type":"Feature","properties":{"id":"way/798818437","highway":"residential","maxspeed":"25 mph","name":"Judson Street","tiger:cfcc":"A41","tiger:county":"Scott, IA","tiger:name_base":"Judson","tiger:name_type":"St","tiger:reviewed":"no","tiger:zip_left":"52803","tiger:zip_right":"52803"},"geometry":{"type":"LineString","coordinates":[[-90.5505821,41.5331841],[-90.550583,41.5332587],[-90.550588,41.533687],[-90.550593,41.534176]]}},{"type":"Feature","properties":{"id":"way/798818438","highway":"residential","maxspeed":"25 mph","name":"Judson Street","surface":"paving_stones","tiger:cfcc":"A41","tiger:county":"Scott, IA","tiger:name_base":"Judson","tiger:name_type":"St","tiger:reviewed":"no","tiger:zip_left":"52803","tiger:zip_right":"52803"},"geometry":{"type":"LineString","coordinates":[[-90.5506045,41.5321643],[-90.550577,41.532697],[-90.5505811,41.5330917],[-90.5505821,41.5331841]]}},{"type":"Feature","properties":{"id":"way/798818439","highway":"service","service":"alley","surface":"brick","tiger:cfcc":"A41","tiger:county":"Scott, IA","tiger:reviewed":"no"},"geometry":{"type":"LineString","coordinates":[[-90.543673,41.531606],[-90.541996,41.531591]]}},{"type":"Feature","properties":{"id":"way/798818440","highway":"service","service":"alley","tiger:cfcc":"A41","tiger:county":"Scott, IA","tiger:reviewed":"no"},"geometry":{"type":"LineString","coordinates":[[-90.541996,41.531591],[-90.54165,41.531621],[-90.541499,41.531648],[-90.541291,41.531735],[-90.540852,41.531956],[-90.5405213,41.5321015],[-90.540081,41.532285],[-90.539842,41.53234],[-90.539697,41.532337],[-90.539328,41.532284],[-90.539043,41.532278],[-90.538712,41.53235],[-90.538367,41.532459]]}},{"type":"Feature","properties":{"id":"way/812632812","highway":"service","service":"alley"},"geometry":{"type":"LineString","coordinates":[[-90.5911856,41.5482356],[-90.5921422,41.5482379]]}},{"type":"Feature","properties":{"id":"way/821440323","highway":"service"},"geometry":{"type":"LineString","coordinates":[[-90.5572758,41.510462],[-90.5570662,41.5104691],[-90.5554478,41.5103691],[-90.5551162,41.5103266],[-90.5538206,41.5102458],[-90.552708,41.5101762],[-90.5524237,41.5101584],[-90.5512722,41.510087],[-90.5512316,41.5100845],[-90.5492289,41.5099568],[-90.546942,41.5097799],[-90.5459435,41.5097298],[-90.5456178,41.5097234],[-90.5455007,41.5097234],[-90.5454113,41.5097425],[-90.5450511,41.5098271],[-90.5447322,41.5099019],[-90.5445661,41.5099163],[-90.5439552,41.5099466],[-90.5431973,41.5099609],[-90.5428212,41.5099568],[-90.542614,41.5099545],[-90.5423436,41.5099242],[-90.5420988,41.5098732],[-90.5420434,41.509835],[-90.5418392,41.5095867]]}},{"type":"Feature","properties":{"id":"way/827082974","highway":"service"},"geometry":{"type":"LineString","coordinates":[[-90.5559077,41.5441442],[-90.555908,41.5443229],[-90.5559083,41.5445031],[-90.5559088,41.5448433]]}},{"type":"Feature","properties":{"id":"way/827082975","highway":"service","service":"parking_aisle"},"geometry":{"type":"LineString","coordinates":[[-90.5559088,41.5448433],[-90.5549317,41.5448462],[-90.5547475,41.5447077],[-90.5547025,41.5446739],[-90.5536688,41.5446709]]}},{"type":"Feature","properties":{"id":"way/827082976","highway":"service"},"geometry":{"type":"LineString","coordinates":[[-90.5549269,41.5428579],[-90.5549241,41.5430647],[-90.5549218,41.5432302],[-90.5549195,41.543403],[-90.5549186,41.5434696],[-90.5549171,41.5435734],[-90.5549148,41.5437476],[-90.5549123,41.5439269],[-90.5549034,41.5439643],[-90.554886,41.543986],[-90.5548583,41.5440061],[-90.5548405,41.5440336],[-90.5548349,41.5441461],[-90.5548341,41.5443251],[-90.5548334,41.5445053],[-90.5548327,41.5446681],[-90.5547475,41.5447077]]}},{"type":"Feature","properties":{"id":"way/827082977","highway":"service","service":"parking_aisle","surface":"asphalt"},"geometry":{"type":"LineString","coordinates":[[-90.5540118,41.5441508],[-90.5548349,41.5441461],[-90.5559077,41.5441442]]}},{"type":"Feature","properties":{"id":"way/827082978","highway":"service","service":"parking_aisle"},"geometry":{"type":"LineString","coordinates":[[-90.5536787,41.5443185],[-90.5548341,41.5443251],[-90.555908,41.5443229]]}},{"type":"Feature","properties":{"id":"way/827082979","highway":"service","service":"parking_aisle"},"geometry":{"type":"LineString","coordinates":[[-90.5559083,41.5445031],[-90.5548334,41.5445053],[-90.5536734,41.5445075]]}},{"type":"Feature","properties":{"id":"way/827082980","highway":"service","surface":"asphalt","tiger:cfcc":"A41","tiger:county":"Scott, IA","tiger:name_base":"Denison","tiger:name_direction_prefix":"E","tiger:name_type":"Ave","tiger:reviewed":"no","tiger:zip_left":"52803","tiger:zip_right":"52803"},"geometry":{"type":"LineString","coordinates":[[-90.5567529,41.54376],[-90.556698,41.543781],[-90.556647,41.543848],[-90.556646,41.5439112],[-90.5566485,41.5440194],[-90.556644,41.544076],[-90.556626,41.544117],[-90.556588,41.544143],[-90.55655,41.544153],[-90.5559077,41.5441442]]}},{"type":"Feature","properties":{"id":"way/827082981","highway":"service","service":"parking_aisle"},"geometry":{"type":"LineString","coordinates":[[-90.5540095,41.5437438],[-90.5549148,41.5437476]]}},{"type":"Feature","properties":{"id":"way/827082982","highway":"service","service":"parking_aisle"},"geometry":{"type":"LineString","coordinates":[[-90.5549171,41.5435734],[-90.5540124,41.5435759]]}},{"type":"Feature","properties":{"id":"way/827082983","highway":"service","service":"parking_aisle"},"geometry":{"type":"LineString","coordinates":[[-90.5549195,41.543403],[-90.5540139,41.543398]]}},{"type":"Feature","properties":{"id":"way/827082984","highway":"service","service":"parking_aisle"},"geometry":{"type":"LineString","coordinates":[[-90.5549218,41.5432302],[-90.5540181,41.5432298]]}},{"type":"Feature","properties":{"id":"way/827082985","highway":"service","service":"parking_aisle"},"geometry":{"type":"LineString","coordinates":[[-90.5549241,41.5430647],[-90.5543002,41.5430587]]}},{"type":"Feature","properties":{"id":"way/827082986","highway":"service"},"geometry":{"type":"LineString","coordinates":[[-90.5540132,41.5434819],[-90.5536675,41.5434761]]}},{"type":"Feature","properties":{"id":"way/827082987","highway":"service","service":"parking_aisle","surface":"asphalt"},"geometry":{"type":"LineString","coordinates":[[-90.5554258,41.5437694],[-90.5554294,41.5439765],[-90.554886,41.543986],[-90.5540108,41.5439817]]}},{"type":"Feature","properties":{"id":"way/827082988","highway":"service","service":"parking_aisle"},"geometry":{"type":"LineString","coordinates":[[-90.5554258,41.5437694],[-90.5552626,41.543769],[-90.5552244,41.5437185],[-90.5552235,41.5434713],[-90.5552225,41.5432223],[-90.555426,41.5432215]]}},{"type":"Feature","properties":{"id":"way/827082989","highway":"service"},"geometry":{"type":"LineString","coordinates":[[-90.5552235,41.5434713],[-90.5549186,41.5434696]]}},{"type":"Feature","properties":{"id":"way/827082990","highway":"service","service":"driveway"},"geometry":{"type":"LineString","coordinates":[[-90.5563569,41.5435734],[-90.5565037,41.5435755],[-90.5565066,41.5434175],[-90.5564814,41.5434008],[-90.556435,41.5433892],[-90.556393,41.54338],[-90.5562974,41.5433551],[-90.5562703,41.5433363],[-90.5562568,41.5433102],[-90.5562655,41.5431384],[-90.5562829,41.5431232],[-90.5563168,41.5431145],[-90.5563939,41.5431101]]}},{"type":"Feature","properties":{"id":"way/827082991","highway":"service","service":"parking_aisle"},"geometry":{"type":"LineString","coordinates":[[-90.5563966,41.5430538],[-90.5568366,41.5430549],[-90.5568755,41.5430802],[-90.5568792,41.5432011],[-90.5568359,41.5432324],[-90.5563935,41.5432296]]}},{"type":"Feature","properties":{"id":"way/827082992","highway":"service","service":"parking_aisle"},"geometry":{"type":"LineString","coordinates":[[-90.5580045,41.5435897],[-90.5578057,41.5435861],[-90.5575842,41.5435821],[-90.5576014,41.5430368],[-90.5578122,41.5430368],[-90.5578057,41.5435861]]}},{"type":"Feature","properties":{"id":"way/827082993","highway":"service","service":"parking_aisle"},"geometry":{"type":"LineString","coordinates":[[-90.557333,41.5437637],[-90.5573433,41.5433553]]}},{"type":"Feature","properties":{"id":"way/827082997","highway":"service"},"geometry":{"type":"LineString","coordinates":[[-90.5570375,41.5406677],[-90.557036,41.540537],[-90.556894,41.5405293]]}},{"type":"Feature","properties":{"id":"way/827082998","highway":"service","service":"parking_aisle"},"geometry":{"type":"LineString","coordinates":[[-90.5570375,41.5406677],[-90.5574995,41.5407128]]}},{"type":"Feature","properties":{"id":"way/827082999","highway":"service","service":"parking_aisle"},"geometry":{"type":"LineString","coordinates":[[-90.5575096,41.5405555],[-90.557036,41.540537]]}},{"type":"Feature","properties":{"id":"way/827083000","highway":"service","service":"alley"},"geometry":{"type":"LineString","coordinates":[[-90.553678,41.541931],[-90.552116,41.541928]]}},{"type":"Feature","properties":{"id":"way/827083001","highway":"residential","maxspeed":"25 mph","name":"East Lombard Street","tiger:cfcc":"A41","tiger:county":"Scott, IA","tiger:name_base":"Lombard","tiger:name_direction_prefix":"E","tiger:name_type":"St","tiger:reviewed":"no","tiger:zip_left":"52803","tiger:zip_right":"52803"},"geometry":{"type":"LineString","coordinates":[[-90.55433,41.542397],[-90.553677,41.542396],[-90.553176,41.542396],[-90.552628,41.5424],[-90.552105,41.542404],[-90.552052,41.542405],[-90.5514982,41.542409]]}},{"type":"Feature","properties":{"id":"way/827083002","highway":"service","service":"alley","surface":"asphalt"},"geometry":{"type":"LineString","coordinates":[[-90.55429,41.542861],[-90.55433,41.542397]]}},{"type":"Feature","properties":{"id":"way/827083003","highway":"residential","maxspeed":"25 mph","name":"East Rusholme Street","tiger:cfcc":"A41","tiger:county":"Scott, IA","tiger:name_base":"Rusholme","tiger:name_direction_prefix":"E","tiger:name_type":"St","tiger:reviewed":"no","tiger:zip_left":"52803","tiger:zip_right":"52803"},"geometry":{"type":"LineString","coordinates":[[-90.55429,41.542861],[-90.553676,41.542864],[-90.553186,41.542866],[-90.552622,41.542869],[-90.552056,41.542872],[-90.5514949,41.542874]]}},{"type":"Feature","properties":{"id":"way/827083004","highway":"service","service":"parking_aisle"},"geometry":{"type":"LineString","coordinates":[[-90.5554741,41.5424137],[-90.5553481,41.5423667],[-90.5553174,41.5423208],[-90.5553123,41.5422729],[-90.5554043,41.5421103],[-90.5555219,41.5419516],[-90.5555249,41.5419038],[-90.5555372,41.5417125],[-90.5560611,41.5417125]]}},{"type":"Feature","properties":{"id":"way/827083005","highway":"service","service":"parking_aisle"},"geometry":{"type":"LineString","coordinates":[[-90.5555249,41.5419038],[-90.556056,41.5418808]]}},{"type":"Feature","properties":{"id":"way/827083006","highway":"service"},"geometry":{"type":"LineString","coordinates":[[-90.5561066,41.541485],[-90.5560868,41.5415278],[-90.5560611,41.5417125],[-90.556056,41.5418808],[-90.5561664,41.5420247]]}},{"type":"Feature","properties":{"id":"way/827083007","highway":"service","service":"driveway"},"geometry":{"type":"LineString","coordinates":[[-90.5561664,41.5420247],[-90.5563065,41.5421474]]}},{"type":"Feature","properties":{"id":"way/827083008","highway":"service","layer":"-1","oneway":"yes","service":"driveway"},"geometry":{"type":"LineString","coordinates":[[-90.5563065,41.5421474],[-90.5562796,41.5422226],[-90.5562718,41.5422701],[-90.5562851,41.5423134],[-90.5563129,41.5423634],[-90.5563552,41.5423925],[-90.5564142,41.542415],[-90.5564898,41.54242],[-90.5565532,41.5424017],[-90.5565866,41.5423634],[-90.5566111,41.5422992],[-90.5566111,41.5422393],[-90.5565855,41.5421768],[-90.5565421,41.542146],[-90.5564653,41.5421202],[-90.5563741,41.5421127],[-90.5563065,41.5421474]]}},{"type":"Feature","properties":{"id":"way/827083011","highway":"service"},"geometry":{"type":"LineString","coordinates":[[-90.5564178,41.54119],[-90.5561079,41.5412008]]}},{"type":"Feature","properties":{"id":"way/827085298","highway":"residential","maxspeed":"25 mph","name":"Ripley Street","surface":"paved"},"geometry":{"type":"LineString","coordinates":[[-90.578524,41.5382867],[-90.5785205,41.5381815],[-90.5785063,41.537749],[-90.5785069,41.537514],[-90.5785107,41.5372116],[-90.5785038,41.536717],[-90.5785077,41.5362656],[-90.5785086,41.5361645],[-90.5785079,41.536044],[-90.5785027,41.5350969],[-90.5785007,41.5340565],[-90.5785027,41.5335259],[-90.5785095,41.533139],[-90.5785076,41.5330173],[-90.578509,41.5327161],[-90.57851,41.532484],[-90.5785124,41.5319699],[-90.5785187,41.530933],[-90.5785287,41.5298979],[-90.5785296,41.5288746],[-90.5785285,41.5283606],[-90.5785236,41.5279346],[-90.5785225,41.5278379],[-90.5785208,41.5277504],[-90.5785124,41.5273159],[-90.5785032,41.5268002]]}},{"type":"Feature","properties":{"id":"way/827085299","highway":"service","oneway":"yes"},"geometry":{"type":"LineString","coordinates":[[-90.5799999,41.5388206],[-90.5799823,41.5388014],[-90.5799576,41.5387872],[-90.5799281,41.5387796],[-90.5799124,41.5387795],[-90.579897,41.5387794],[-90.5798654,41.5387872],[-90.579839,41.5388025],[-90.5798212,41.5388236],[-90.5798138,41.538848],[-90.5798178,41.5388728],[-90.5798327,41.5388951],[-90.5798567,41.5389124],[-90.5798872,41.5389226],[-90.5799204,41.5389246],[-90.5799506,41.5389188],[-90.5799767,41.5389062],[-90.5799963,41.5388881],[-90.5800072,41.5388663],[-90.5800085,41.538843],[-90.5799999,41.5388206]]}},{"type":"Feature","properties":{"id":"way/827085300","highway":"service"},"geometry":{"type":"LineString","coordinates":[[-90.5798138,41.538848],[-90.5796863,41.5388463],[-90.5796137,41.5388454],[-90.5794933,41.5389285],[-90.5793999,41.5389752]]}},{"type":"Feature","properties":{"id":"way/827085301","highway":"service","service":"parking_aisle"},"geometry":{"type":"LineString","coordinates":[[-90.5793999,41.5389752],[-90.5786239,41.5389771]]}},{"type":"Feature","properties":{"id":"way/827085302","foot":"yes","highway":"residential","maxspeed":"25 mph","name":"Ripley Street","surface":"concrete"},"geometry":{"type":"LineString","coordinates":[[-90.5786239,41.5389771],[-90.5785752,41.5389677],[-90.5785278,41.5389299],[-90.578529,41.5388575],[-90.57853,41.5387976],[-90.5785281,41.5386415],[-90.5785262,41.5384773],[-90.5785247,41.5383452],[-90.578524,41.5382867]]}},{"type":"Feature","properties":{"id":"way/827085303","highway":"service","service":"parking_aisle"},"geometry":{"type":"LineString","coordinates":[[-90.5785262,41.5384773],[-90.5796827,41.5384809],[-90.5796844,41.5386487],[-90.5796859,41.5388075],[-90.5796863,41.5388463]]}},{"type":"Feature","properties":{"id":"way/827085304","highway":"service","service":"parking_aisle"},"geometry":{"type":"LineString","coordinates":[[-90.5796844,41.5386487],[-90.5785281,41.5386415]]}},{"type":"Feature","properties":{"id":"way/827085305","highway":"service","service":"parking_aisle"},"geometry":{"type":"LineString","coordinates":[[-90.57853,41.5387976],[-90.5796859,41.5388075]]}},{"type":"Feature","properties":{"id":"way/827085306","highway":"service","service":"parking_aisle"},"geometry":{"type":"LineString","coordinates":[[-90.5775195,41.5388003],[-90.5775171,41.5385606]]}},{"type":"Feature","properties":{"id":"way/827085307","highway":"service","service":"parking_aisle"},"geometry":{"type":"LineString","coordinates":[[-90.5780393,41.5387985],[-90.5780358,41.5384722],[-90.5782885,41.5384722],[-90.5782849,41.5387981]]}},{"type":"Feature","properties":{"id":"way/827085308","highway":"service","service":"parking_aisle"},"geometry":{"type":"LineString","coordinates":[[-90.5772894,41.5391593],[-90.5773895,41.5391637],[-90.5774873,41.5391594],[-90.5775362,41.5391255],[-90.5775362,41.5390068],[-90.5779179,41.5390041]]}},{"type":"Feature","properties":{"id":"way/827085309","highway":"service","service":"alley","surface":"paved","tiger:cfcc":"A41","tiger:county":"Scott, IA","tiger:reviewed":"no"},"geometry":{"type":"LineString","coordinates":[[-90.5772828,41.5387922],[-90.5771675,41.5387785],[-90.5770495,41.5387791],[-90.5765997,41.5387809],[-90.5763867,41.5387795],[-90.5763029,41.538779],[-90.5761689,41.5387783],[-90.5758995,41.5387768],[-90.5755759,41.538775],[-90.5747932,41.538786],[-90.574618,41.538783],[-90.574203,41.5387911],[-90.5740103,41.5387913]]}},{"type":"Feature","properties":{"id":"way/827085310","highway":"service","oneway":"yes","service":"parking_aisle"},"geometry":{"type":"LineString","coordinates":[[-90.578525,41.5413606],[-90.5784246,41.5413599],[-90.5780964,41.5413575],[-90.5780663,41.5413731],[-90.5780517,41.5414026],[-90.5780517,41.5415067],[-90.5784254,41.5415061],[-90.5785242,41.5415059]]}},{"type":"Feature","properties":{"id":"way/827085311","highway":"service","oneway":"yes","service":"parking_aisle"},"geometry":{"type":"LineString","coordinates":[[-90.5785235,41.541666],[-90.5784262,41.5416663],[-90.5780497,41.5416675],[-90.5780517,41.5415067]]}},{"type":"Feature","properties":{"id":"way/827085312","highway":"service","service":"parking_aisle"},"geometry":{"type":"LineString","coordinates":[[-90.5779173,41.5396544],[-90.5777707,41.539653],[-90.5774708,41.5396503]]}},{"type":"Feature","properties":{"id":"way/827085313","highway":"service","service":"parking_aisle"},"geometry":{"type":"LineString","coordinates":[[-90.5777707,41.539653],[-90.5777708,41.5399999],[-90.5779182,41.5399958]]}},{"type":"Feature","properties":{"id":"way/827085314","highway":"service","service":"parking_aisle"},"geometry":{"type":"LineString","coordinates":[[-90.5779195,41.5404832],[-90.5774625,41.5404819]]}},{"type":"Feature","properties":{"id":"way/827085315","highway":"service","service":"parking_aisle"},"geometry":{"type":"LineString","coordinates":[[-90.5775207,41.5408489],[-90.5779141,41.5408482],[-90.5779179,41.5407293],[-90.57792,41.540663]]}},{"type":"Feature","properties":{"id":"way/827085316","highway":"service","service":"parking_aisle"},"geometry":{"type":"LineString","coordinates":[[-90.5828228,41.5390592],[-90.5827548,41.5390577],[-90.5823275,41.5390485]]}},{"type":"Feature","properties":{"id":"way/827085317","highway":"service","service":"parking_aisle"},"geometry":{"type":"LineString","coordinates":[[-90.5828151,41.5398703],[-90.5822031,41.5398578]]}},{"type":"Feature","properties":{"id":"way/827085318","highway":"service"},"geometry":{"type":"LineString","coordinates":[[-90.5822031,41.5398578],[-90.5821941,41.5400438],[-90.5821936,41.540235]]}},{"type":"Feature","properties":{"id":"way/827085319","highway":"service","service":"parking_aisle"},"geometry":{"type":"LineString","coordinates":[[-90.5821941,41.5400438],[-90.5826511,41.5400479]]}},{"type":"Feature","properties":{"id":"way/827085320","highway":"service","service":"parking_aisle"},"geometry":{"type":"LineString","coordinates":[[-90.5820571,41.5418642],[-90.5820568,41.5413174],[-90.5820631,41.5409071],[-90.5819955,41.540906],[-90.5819971,41.5405939],[-90.5818177,41.5405904],[-90.5818179,41.5406214],[-90.5818224,41.541314],[-90.5818146,41.5418621]]}},{"type":"Feature","properties":{"id":"way/827085321","highway":"service","service":"parking_aisle"},"geometry":{"type":"LineString","coordinates":[[-90.5799189,41.5411123],[-90.5794137,41.5411134],[-90.578786,41.5411146]]}},{"type":"Feature","properties":{"id":"way/827085322","highway":"service","service":"parking_aisle"},"geometry":{"type":"LineString","coordinates":[[-90.5798976,41.5412967],[-90.5787807,41.5412966]]}},{"type":"Feature","properties":{"id":"way/827085323","highway":"service","service":"parking_aisle"},"geometry":{"type":"LineString","coordinates":[[-90.5799001,41.5414793],[-90.5787756,41.5414746]]}},{"type":"Feature","properties":{"id":"way/827085324","highway":"service","oneway":"yes"},"geometry":{"type":"LineString","coordinates":[[-90.584116,41.5387913],[-90.5840286,41.5386796]]}},{"type":"Feature","properties":{"id":"way/827085325","highway":"service","service":"parking_aisle"},"geometry":{"type":"LineString","coordinates":[[-90.583525,41.5406965],[-90.5829938,41.5406911],[-90.5829962,41.5405171],[-90.5835304,41.5405233],[-90.5841194,41.540526],[-90.5841182,41.5406929],[-90.583525,41.5406965]]}},{"type":"Feature","properties":{"id":"way/827500313","highway":"service","oneway":"yes","service":"parking_aisle"},"geometry":{"type":"LineString","coordinates":[[-90.5726163,41.5288262],[-90.5727603,41.528825],[-90.5732207,41.5288212],[-90.573222,41.5287338],[-90.5727593,41.5287292],[-90.572616,41.5287278]]}},{"type":"Feature","properties":{"id":"way/827500314","highway":"service"},"geometry":{"type":"LineString","coordinates":[[-90.572617,41.5291364],[-90.5727582,41.5291362],[-90.5732676,41.5291354],[-90.5733494,41.5290782],[-90.5733491,41.5289928],[-90.5733481,41.5286535],[-90.573273,41.5284788],[-90.5732451,41.528423],[-90.5732328,41.5283985],[-90.5732341,41.5281463]]}},{"type":"Feature","properties":{"id":"way/827500315","highway":"service"},"geometry":{"type":"LineString","coordinates":[[-90.5732451,41.528423],[-90.5734594,41.5284256],[-90.5734769,41.528278],[-90.573505,41.5282519],[-90.5735051,41.5281499]]}},{"type":"Feature","properties":{"id":"way/827500316","highway":"service","service":"parking_aisle"},"geometry":{"type":"LineString","coordinates":[[-90.573611,41.5283864],[-90.573615,41.5283252],[-90.5735962,41.5282921],[-90.5735479,41.528271],[-90.573505,41.5282519]]}},{"type":"Feature","properties":{"id":"way/827500317","highway":"service","service":"parking_aisle"},"geometry":{"type":"LineString","coordinates":[[-90.5728975,41.5281483],[-90.5729015,41.5286254],[-90.5727571,41.5286249],[-90.5726157,41.5286244]]}},{"type":"Feature","properties":{"id":"way/827500318","highway":"service","service":"parking_aisle"},"geometry":{"type":"LineString","coordinates":[[-90.5730048,41.528024],[-90.573544,41.5280317],[-90.5735654,41.528032]]}},{"type":"Feature","properties":{"id":"way/827500319","highway":"service"},"geometry":{"type":"LineString","coordinates":[[-90.574036,41.528157],[-90.5739551,41.5281189],[-90.5738859,41.5280863],[-90.5735654,41.528032]]}},{"type":"Feature","properties":{"id":"way/827500320","highway":"service","oneway":"yes"},"geometry":{"type":"LineString","coordinates":[[-90.5726163,41.529859],[-90.572754,41.5298565],[-90.5729028,41.5298537],[-90.5729779,41.5298296],[-90.5731174,41.5297734]]}},{"type":"Feature","properties":{"id":"way/827500321","highway":"service","oneway":"yes","service":"parking_aisle"},"geometry":{"type":"LineString","coordinates":[[-90.5731174,41.5297734],[-90.573116,41.5295013],[-90.5729041,41.5295003],[-90.572903,41.5298065],[-90.5729028,41.5298537]]}},{"type":"Feature","properties":{"id":"way/827500322","highway":"service","oneway":"yes"},"geometry":{"type":"LineString","coordinates":[[-90.572903,41.5298065],[-90.5727528,41.5298065],[-90.5726165,41.5298065]]}},{"type":"Feature","properties":{"id":"way/827500323","highway":"service","service":"parking_aisle"},"geometry":{"type":"LineString","coordinates":[[-90.5723247,41.5298422],[-90.5723288,41.52944],[-90.5721008,41.529436],[-90.5720894,41.5298401]]}},{"type":"Feature","properties":{"id":"way/827500324","highway":"service","service":"parking_aisle"},"geometry":{"type":"LineString","coordinates":[[-90.5726169,41.530446],[-90.5727549,41.5304447],[-90.5728974,41.5304433],[-90.5731281,41.530441],[-90.5731294,41.5299386],[-90.5731294,41.5299189],[-90.5729028,41.5299189],[-90.5728974,41.5304433]]}},{"type":"Feature","properties":{"id":"way/827500326","highway":"service","service":"parking_aisle"},"geometry":{"type":"LineString","coordinates":[[-90.5721384,41.5299541],[-90.571895,41.5299653]]}},{"type":"Feature","properties":{"id":"way/827500328","highway":"service","service":"parking_aisle"},"geometry":{"type":"LineString","coordinates":[[-90.5717088,41.5299633],[-90.5717119,41.5298402],[-90.5717186,41.529419],[-90.5714759,41.5294129],[-90.5714628,41.5299606]]}},{"type":"Feature","properties":{"id":"way/827500329","highway":"service"},"geometry":{"type":"LineString","coordinates":[[-90.571895,41.5299653],[-90.5717088,41.5299633],[-90.5715228,41.5299612],[-90.5714628,41.5299606],[-90.5711573,41.5299572]]}},{"type":"Feature","properties":{"id":"way/827500330","highway":"residential","maxspeed":"25 mph","name":"East 10th Street","tiger:cfcc":"A41","tiger:county":"Scott, IA","tiger:name_base":"10th","tiger:name_direction_prefix":"E","tiger:name_type":"St","tiger:reviewed":"no","tiger:zip_left":"52803","tiger:zip_right":"52803"},"geometry":{"type":"LineString","coordinates":[[-90.5667611,41.5299049],[-90.566023,41.5299047],[-90.565581,41.5299046],[-90.565187,41.5299045],[-90.564935,41.5299044],[-90.564855,41.5299044],[-90.564629,41.5299043],[-90.5636884,41.5299111]]}},{"type":"Feature","properties":{"id":"way/827500331","highway":"residential","maxspeed":"25 mph","name":"East 9th Street","tiger:cfcc":"A41","tiger:county":"Scott, IA","tiger:name_base":"9th","tiger:name_direction_prefix":"E","tiger:name_type":"St","tiger:reviewed":"no","tiger:zip_left":"52803","tiger:zip_right":"52803"},"geometry":{"type":"LineString","coordinates":[[-90.5697023,41.5288585],[-90.5682474,41.528858],[-90.5667674,41.5288465]]}},{"type":"Feature","properties":{"id":"way/827500332","highway":"service","service":"parking_aisle"},"geometry":{"type":"LineString","coordinates":[[-90.571823,41.5276904],[-90.5711516,41.5276783]]}},{"type":"Feature","properties":{"id":"way/827500333","highway":"service","service":"parking_aisle"},"geometry":{"type":"LineString","coordinates":[[-90.5705704,41.528334],[-90.5705704,41.5280177]]}},{"type":"Feature","properties":{"id":"way/827500334","highway":"service","service":"parking_aisle"},"geometry":{"type":"LineString","coordinates":[[-90.5718864,41.5290589],[-90.5715242,41.529054]]}},{"type":"Feature","properties":{"id":"way/827500335","highway":"service"},"geometry":{"type":"LineString","coordinates":[[-90.5715242,41.529054],[-90.5714947,41.5290138],[-90.5714961,41.5287324]]}},{"type":"Feature","properties":{"id":"way/827500336","highway":"service"},"geometry":{"type":"LineString","coordinates":[[-90.5740418,41.5277207],[-90.5739641,41.5277055],[-90.5739342,41.5276996],[-90.5738779,41.5276735],[-90.5738148,41.5276032],[-90.5737223,41.5274998],[-90.5736579,41.5274616],[-90.5735359,41.5274596]]}},{"type":"Feature","properties":{"id":"way/827500337","highway":"service","oneway":"yes","service":"parking_aisle"},"geometry":{"type":"LineString","coordinates":[[-90.5735359,41.5274596],[-90.5735292,41.5277137],[-90.5731993,41.5277187],[-90.5731456,41.5277026],[-90.5731242,41.5276705],[-90.5731295,41.5275269],[-90.5731563,41.5274867],[-90.5732341,41.5274637],[-90.5735359,41.5274596]]}},{"type":"Feature","properties":{"id":"way/827500338","highway":"service"},"geometry":{"type":"LineString","coordinates":[[-90.572614,41.52815],[-90.5721759,41.5281488],[-90.5721317,41.5281187],[-90.5721223,41.527955],[-90.5722054,41.5279078],[-90.5726158,41.5279018]]}},{"type":"Feature","properties":{"id":"way/827500339","highway":"service","service":"parking_aisle"},"geometry":{"type":"LineString","coordinates":[[-90.5735039,41.5305708],[-90.5735037,41.5305384],[-90.5735012,41.5299998]]}},{"type":"Feature","properties":{"id":"way/827500340","highway":"service","service":"alley"},"geometry":{"type":"LineString","coordinates":[[-90.5733523,41.5305693],[-90.5733547,41.5308915],[-90.5733608,41.5316021],[-90.573363,41.5320006],[-90.5733668,41.532498],[-90.573368,41.5326566],[-90.5733711,41.5330548]]}},{"type":"Feature","properties":{"id":"way/827500341","highway":"service","oneway":"yes","service":"parking_aisle"},"geometry":{"type":"LineString","coordinates":[[-90.5740436,41.5324999],[-90.5733668,41.532498]]}},{"type":"Feature","properties":{"id":"way/827500342","highway":"service","service":"parking_aisle"},"geometry":{"type":"LineString","coordinates":[[-90.5740463,41.5325914],[-90.5736245,41.5325904],[-90.5735736,41.5326516],[-90.573368,41.5326566]]}},{"type":"Feature","properties":{"id":"way/827500343","highway":"service","service":"parking_aisle"},"geometry":{"type":"LineString","coordinates":[[-90.5746422,41.5272977],[-90.574378,41.5272937],[-90.5743848,41.5268083]]}},{"type":"Feature","properties":{"id":"way/827500344","highway":"service","service":"parking_aisle"},"geometry":{"type":"LineString","coordinates":[[-90.5733882,41.527254],[-90.5733904,41.5268778],[-90.5733909,41.5267985]]}},{"type":"Feature","properties":{"id":"way/827500345","highway":"service","service":"parking_aisle"},"geometry":{"type":"LineString","coordinates":[[-90.5737772,41.5268023],[-90.5737892,41.526515]]}},{"type":"Feature","properties":{"id":"way/827500346","highway":"service","service":"parking_aisle"},"geometry":{"type":"LineString","coordinates":[[-90.5755618,41.525937],[-90.5744193,41.52593],[-90.5744193,41.5257181]]}},{"type":"Feature","properties":{"id":"way/827500348","highway":"service","service":"parking_aisle"},"geometry":{"type":"LineString","coordinates":[[-90.5738011,41.5257143],[-90.5738172,41.5252522]]}},{"type":"Feature","properties":{"id":"way/827500349","highway":"service","service":"parking_aisle"},"geometry":{"type":"LineString","coordinates":[[-90.574078,41.5252542],[-90.5738172,41.5252522],[-90.5726301,41.5252442]]}},{"type":"Feature","properties":{"id":"way/827500350","highway":"service","service":"parking_aisle"},"geometry":{"type":"LineString","coordinates":[[-90.5726303,41.5252723],[-90.5718122,41.5252763],[-90.5717948,41.5251749]]}},{"type":"Feature","properties":{"id":"way/827500351","highway":"service","service":"alley"},"geometry":{"type":"LineString","coordinates":[[-90.5726295,41.5251819],[-90.5717948,41.5251749],[-90.571693,41.5251748],[-90.5714421,41.5251744],[-90.571174,41.5251739]]}},{"type":"Feature","properties":{"id":"way/827500352","highway":"service","service":"alley"},"geometry":{"type":"LineString","coordinates":[[-90.5714407,41.5253336],[-90.5714421,41.5251744]]}},{"type":"Feature","properties":{"id":"way/827500353","highway":"service","service":"alley"},"geometry":{"type":"LineString","coordinates":[[-90.571489,41.5257031],[-90.5715024,41.5254028]]}},{"type":"Feature","properties":{"id":"way/827500354","highway":"service","service":"alley"},"geometry":{"type":"LineString","coordinates":[[-90.5711736,41.5252844],[-90.5707501,41.5252854]]}},{"type":"Feature","properties":{"id":"way/827500355","highway":"service"},"geometry":{"type":"LineString","coordinates":[[-90.5696928,41.5253617],[-90.569928,41.5253647]]}},{"type":"Feature","properties":{"id":"way/827500356","highway":"service","oneway":"yes","service":"parking_aisle"},"geometry":{"type":"LineString","coordinates":[[-90.569928,41.5253647],[-90.5703491,41.5253667],[-90.5703464,41.5252241],[-90.5699239,41.5252171],[-90.569928,41.5253647]]}},{"type":"Feature","properties":{"id":"way/827500357","highway":"service","service":"parking_aisle"},"geometry":{"type":"LineString","coordinates":[[-90.5729216,41.5239292],[-90.5729162,41.5235169]]}},{"type":"Feature","properties":{"id":"way/827500358","highway":"service","service":"parking_aisle"},"geometry":{"type":"LineString","coordinates":[[-90.5726105,41.5237334],[-90.5718849,41.5237284],[-90.5718809,41.5239142]]}},{"type":"Feature","properties":{"id":"way/827500359","highway":"service"},"geometry":{"type":"LineString","coordinates":[[-90.5718849,41.5237284],[-90.5718876,41.52351]]}},{"type":"Feature","properties":{"id":"way/827509645","highway":"service","service":"parking_aisle"},"geometry":{"type":"LineString","coordinates":[[-90.571177,41.5230033],[-90.5710429,41.5230041],[-90.5708481,41.5230053]]}},{"type":"Feature","properties":{"id":"way/827509646","highway":"service"},"geometry":{"type":"LineString","coordinates":[[-90.5716688,41.5235085],[-90.5716693,41.5233192]]}},{"type":"Feature","properties":{"id":"way/827509647","highway":"service"},"geometry":{"type":"LineString","coordinates":[[-90.5719492,41.5229718],[-90.5719158,41.5229654],[-90.5718969,41.5229617],[-90.5717253,41.5229617],[-90.5716703,41.5229617],[-90.5716274,41.5229617],[-90.5714423,41.5229617]]}},{"type":"Feature","properties":{"id":"way/827509648","highway":"service","service":"parking_aisle"},"geometry":{"type":"LineString","coordinates":[[-90.5714423,41.5229617],[-90.5714436,41.5233192],[-90.5716693,41.5233192]]}},{"type":"Feature","properties":{"id":"way/827509649","highway":"service","service":"parking_aisle"},"geometry":{"type":"LineString","coordinates":[[-90.5723945,41.5235135],[-90.5723945,41.5233232],[-90.5723945,41.5230882],[-90.572137,41.5230842],[-90.5721423,41.5233218]]}},{"type":"Feature","properties":{"id":"way/827509650","highway":"service","service":"parking_aisle"},"geometry":{"type":"LineString","coordinates":[[-90.5719143,41.5233205],[-90.5719158,41.5229654]]}},{"type":"Feature","properties":{"id":"way/827509651","highway":"service","service":"parking_aisle"},"geometry":{"type":"LineString","coordinates":[[-90.5716693,41.5233192],[-90.5719143,41.5233205],[-90.5721423,41.5233218],[-90.5723945,41.5233232]]}},{"type":"Feature","properties":{"id":"way/827509652","highway":"service","service":"parking_aisle"},"geometry":{"type":"LineString","coordinates":[[-90.5716693,41.5233192],[-90.5716703,41.5229617]]}},{"type":"Feature","properties":{"id":"way/827509653","highway":"service","service":"parking_aisle"},"geometry":{"type":"LineString","coordinates":[[-90.5714423,41.5229617],[-90.571445,41.5226143],[-90.5716676,41.5226133]]}},{"type":"Feature","properties":{"id":"way/827509654","highway":"service"},"geometry":{"type":"LineString","coordinates":[[-90.571677,41.5224124],[-90.5716676,41.5226133],[-90.571673,41.5227388]]}},{"type":"Feature","properties":{"id":"way/827509655","highway":"service","oneway":"yes"},"geometry":{"type":"LineString","coordinates":[[-90.571673,41.5227388],[-90.5716314,41.522778],[-90.5716274,41.5229617]]}},{"type":"Feature","properties":{"id":"way/827509656","highway":"service","oneway":"yes"},"geometry":{"type":"LineString","coordinates":[[-90.5717253,41.5229617],[-90.5717226,41.522781],[-90.571673,41.5227388]]}},{"type":"Feature","properties":{"id":"way/827509657","highway":"service","service":"driveway"},"geometry":{"type":"LineString","coordinates":[[-90.5717226,41.522781],[-90.5718169,41.5227534],[-90.5718108,41.5226149],[-90.5716676,41.5226133]]}},{"type":"Feature","properties":{"id":"way/827509658","highway":"service","service":"parking_aisle"},"geometry":{"type":"LineString","coordinates":[[-90.574092,41.5230979],[-90.5739706,41.5230979],[-90.57352,41.5231035]]}},{"type":"Feature","properties":{"id":"way/827509659","highway":"service","oneway":"yes","service":"parking_aisle"},"geometry":{"type":"LineString","coordinates":[[-90.5740926,41.5233358],[-90.5739688,41.5233329],[-90.5738488,41.5233318],[-90.5735626,41.5233292]]}},{"type":"Feature","properties":{"id":"way/827509660","highway":"service","service":"parking_aisle"},"geometry":{"type":"LineString","coordinates":[[-90.5735626,41.5233292],[-90.5735275,41.5233873],[-90.5735175,41.5234266],[-90.5735113,41.5235205]]}},{"type":"Feature","properties":{"id":"way/827509661","highway":"service","service":"parking_aisle"},"geometry":{"type":"LineString","coordinates":[[-90.5740881,41.5228667],[-90.5742253,41.5228634],[-90.5746114,41.5228683]]}},{"type":"Feature","properties":{"id":"way/827509662","highway":"service"},"geometry":{"type":"LineString","coordinates":[[-90.5747558,41.5229748],[-90.5747568,41.5231858]]}},{"type":"Feature","properties":{"id":"way/827509663","highway":"service","service":"parking_aisle"},"geometry":{"type":"LineString","coordinates":[[-90.570919,41.5218632],[-90.5709222,41.5214495]]}},{"type":"Feature","properties":{"id":"way/827509664","highway":"service","service":"parking_aisle"},"geometry":{"type":"LineString","coordinates":[[-90.5707154,41.5214487],[-90.5707099,41.5218609]]}},{"type":"Feature","properties":{"id":"way/827509665","highway":"service","service":"parking_aisle"},"geometry":{"type":"LineString","coordinates":[[-90.5705052,41.5218587],[-90.5705085,41.5214503]]}},{"type":"Feature","properties":{"id":"way/827509666","highway":"service","service":"parking_aisle"},"geometry":{"type":"LineString","coordinates":[[-90.5697042,41.5218697],[-90.5695859,41.5218767],[-90.5695085,41.5218813],[-90.5691957,41.5217209]]}},{"type":"Feature","properties":{"id":"way/827509667","highway":"service"},"geometry":{"type":"LineString","coordinates":[[-90.5701638,41.5207887],[-90.5701528,41.5212232],[-90.5701508,41.5213044]]}},{"type":"Feature","properties":{"id":"way/827509668","highway":"service","oneway":"yes","service":"parking_aisle"},"geometry":{"type":"LineString","coordinates":[[-90.5707827,41.5213066],[-90.570783,41.5212315],[-90.5707839,41.5210012],[-90.5707326,41.5209797],[-90.5707314,41.5207945]]}},{"type":"Feature","properties":{"id":"way/827509669","highway":"service","service":"parking_aisle"},"geometry":{"type":"LineString","coordinates":[[-90.5711727,41.5206116],[-90.5710465,41.52061],[-90.5709185,41.5206083],[-90.5709167,41.5204015],[-90.5709163,41.520358]]}},{"type":"Feature","properties":{"id":"way/827511529","NHS":"yes","highway":"primary","lanes":"4","maxspeed":"35 mph","name":"West River Drive","ref":"US 61 Business","tiger:cfcc":"A21","tiger:county":"Scott, IA","tiger:name_base":"River","tiger:name_base_1":"United States Highway 61","tiger:name_direction_prefix":"W","tiger:name_type":"Dr","tiger:reviewed":"no","tiger:zip_left":"52802","tiger:zip_right":"52802"},"geometry":{"type":"LineString","coordinates":[[-90.5909074,41.5199372],[-90.5911839,41.5199227],[-90.5914996,41.5198947],[-90.5921179,41.5198269]]}},{"type":"Feature","properties":{"id":"way/827511530","NHS":"yes","highway":"primary","lanes":"4","maxspeed":"35 mph","name":"East River Drive","ref":"US 67","sidewalk:both":"no","tiger:cfcc":"A21","tiger:county":"Scott, IA","tiger:name_base":"River","tiger:name_base_1":"United States Highway 67","tiger:name_direction_prefix":"E","tiger:name_type":"Dr","tiger:reviewed":"no","tiger:zip_left":"52803","tiger:zip_right":"52803"},"geometry":{"type":"LineString","coordinates":[[-90.568003,41.5211255],[-90.5675287,41.5213173],[-90.5672419,41.5214501],[-90.5669992,41.5215852],[-90.5668478,41.5216929],[-90.5665958,41.5219024],[-90.5664292,41.5220456],[-90.5662261,41.5221787],[-90.56601,41.522301],[-90.565844,41.522384]]}},{"type":"Feature","properties":{"id":"way/827511531","highway":"residential","maxspeed":"25 mph","name":"South Ripley Street","surface":"concrete","tiger:cfcc":"A41","tiger:county":"Scott, IA","tiger:name_base":"Ripley","tiger:name_base_1":"Ripley","tiger:name_direction_prefix_1":"S","tiger:name_type":"St","tiger:name_type_1":"St","tiger:reviewed":"no","tiger:zip_left":"52803","tiger:zip_right":"52803"},"geometry":{"type":"LineString","coordinates":[[-90.5785418,41.5194853],[-90.5785448,41.5193863],[-90.578546,41.5192739]]}},{"type":"Feature","properties":{"id":"way/827511532","highway":"residential","maxspeed":"25 mph","name":"South Ripley Street","surface":"concrete","tiger:cfcc":"A41","tiger:county":"Scott, IA","tiger:name_base":"Ripley","tiger:name_base_1":"Ripley","tiger:name_direction_prefix_1":"S","tiger:name_type":"St","tiger:name_type_1":"St","tiger:reviewed":"no","tiger:zip_left":"52803","tiger:zip_right":"52803"},"geometry":{"type":"LineString","coordinates":[[-90.5785379,41.5201926],[-90.5785399,41.5201448],[-90.578544,41.52005],[-90.5785467,41.5199054],[-90.5785484,41.5197679],[-90.5785451,41.5196295],[-90.5785418,41.5194853]]}},{"type":"Feature","properties":{"id":"way/827511533","highway":"service","oneway":"yes","service":"parking_aisle"},"geometry":{"type":"LineString","coordinates":[[-90.578544,41.52005],[-90.5784398,41.5200512],[-90.5777477,41.5200508],[-90.5777446,41.5199433],[-90.5777435,41.5199061]]}},{"type":"Feature","properties":{"id":"way/827511534","highway":"service","oneway":"yes","service":"parking_aisle"},"geometry":{"type":"LineString","coordinates":[[-90.5770639,41.5197826],[-90.5769691,41.5197817],[-90.5762171,41.5197744],[-90.5760065,41.5198159],[-90.57601,41.5199564],[-90.5760107,41.5199857],[-90.5769692,41.5199906],[-90.5770639,41.5199911]]}},{"type":"Feature","properties":{"id":"way/827511535","highway":"service","oneway":"yes","service":"parking_aisle"},"geometry":{"type":"LineString","coordinates":[[-90.5825299,41.5213097],[-90.5825299,41.5212094],[-90.5825299,41.5207576]]}},{"type":"Feature","properties":{"id":"way/827511536","highway":"service"},"geometry":{"type":"LineString","coordinates":[[-90.5822677,41.521312],[-90.5822661,41.5212102],[-90.5822644,41.5211037],[-90.5823405,41.5210043],[-90.5823352,41.5207581],[-90.5823352,41.520673],[-90.5824697,41.5204425],[-90.5824749,41.5203139],[-90.5824767,41.52027],[-90.582475,41.5201719]]}},{"type":"Feature","properties":{"id":"way/827511537","highway":"residential","maxspeed":"25 mph","name":"South Harrison Street","tiger:cfcc":"A41","tiger:county":"Scott, IA","tiger:name_base":"Harrison","tiger:name_base_1":"Harrison","tiger:name_direction_prefix_1":"S","tiger:name_type":"St","tiger:name_type_1":"St","tiger:reviewed":"no","tiger:zip_left":"52801"},"geometry":{"type":"LineString","coordinates":[[-90.5770639,41.5201871],[-90.5770639,41.5201209],[-90.5770639,41.5199911],[-90.5770639,41.5199066],[-90.5770639,41.5197826],[-90.577064,41.5196991],[-90.577064,41.5195963],[-90.577064,41.5194975],[-90.577064,41.519367]]}},{"type":"Feature","properties":{"id":"way/827511538","NHS":"yes","highway":"trunk","lanes":"4","maxspeed":"35 mph","name":"West River Drive","oneway":"yes","ref":"US 67","tiger:cfcc":"A21","tiger:county":"Scott, IA","tiger:name_base":"River","tiger:name_base_1":"United States Highway 67","tiger:name_direction_prefix":"E","tiger:name_type":"Dr","tiger:reviewed":"no","tiger:zip_left":"52803","tiger:zip_right":"52803"},"geometry":{"type":"LineString","coordinates":[[-90.5844886,41.5201626],[-90.5831677,41.5201679],[-90.5830184,41.5201685],[-90.5829138,41.5201692],[-90.582475,41.5201719],[-90.5816393,41.520177],[-90.5815111,41.5201778],[-90.5814085,41.5201783],[-90.5800121,41.5201853],[-90.5786586,41.520192],[-90.5785379,41.5201926],[-90.5784131,41.5201921],[-90.5772093,41.5201876],[-90.5770639,41.5201871],[-90.5769598,41.5201865],[-90.575726,41.5201799],[-90.5755961,41.5201792],[-90.5754721,41.5201792],[-90.5742488,41.5201791],[-90.5741243,41.5201791]]}},{"type":"Feature","properties":{"id":"way/827513276","highway":"service","service":"parking_aisle"},"geometry":{"type":"LineString","coordinates":[[-90.5890951,41.5199742],[-90.5890974,41.5200705],[-90.5890972,41.520158],[-90.5890962,41.5206666]]}},{"type":"Feature","properties":{"id":"way/827513277","highway":"service"},"geometry":{"type":"LineString","coordinates":[[-90.5892377,41.5213],[-90.5892377,41.5212314],[-90.5892377,41.5211565]]}},{"type":"Feature","properties":{"id":"way/827513278","highway":"service"},"geometry":{"type":"LineString","coordinates":[[-90.5892747,41.5211553],[-90.5892377,41.5211565],[-90.5891006,41.5211565]]}},{"type":"Feature","properties":{"id":"way/827513279","highway":"service","service":"parking_aisle"},"geometry":{"type":"LineString","coordinates":[[-90.5892747,41.5211553],[-90.5892761,41.5207987]]}},{"type":"Feature","properties":{"id":"way/827513280","highway":"service","service":"parking_aisle"},"geometry":{"type":"LineString","coordinates":[[-90.5890986,41.5208062],[-90.5891006,41.5211565]]}},{"type":"Feature","properties":{"id":"way/827513281","highway":"service","oneway":"yes","service":"driveway"},"geometry":{"type":"LineString","coordinates":[[-90.5890986,41.5208062],[-90.5890962,41.5206666],[-90.5893626,41.520664],[-90.5894086,41.5206792],[-90.5894343,41.5207071],[-90.5894422,41.5207402],[-90.5894431,41.5207872]]}},{"type":"Feature","properties":{"id":"way/827513282","highway":"service"},"geometry":{"type":"LineString","coordinates":[[-90.5881883,41.5213075],[-90.5881835,41.521233],[-90.5881564,41.5208103]]}},{"type":"Feature","properties":{"id":"way/827513283","highway":"service","service":"parking_aisle"},"geometry":{"type":"LineString","coordinates":[[-90.5888896,41.520495],[-90.5888247,41.5204946],[-90.58876,41.5204942],[-90.5886415,41.5204936],[-90.588291,41.5204917],[-90.5881688,41.520491],[-90.5881564,41.5208103]]}},{"type":"Feature","properties":{"id":"way/827513284","highway":"service","oneway":"yes","service":"parking_aisle"},"geometry":{"type":"LineString","coordinates":[[-90.58876,41.5204942],[-90.5887565,41.5208072]]}},{"type":"Feature","properties":{"id":"way/827513285","highway":"service"},"geometry":{"type":"LineString","coordinates":[[-90.5882422,41.5200954],[-90.5882732,41.5201899],[-90.588283,41.5202355],[-90.5882973,41.5202974],[-90.5882954,41.5204344],[-90.588291,41.5204917]]}},{"type":"Feature","properties":{"id":"way/827513286","highway":"service"},"geometry":{"type":"LineString","coordinates":[[-90.5886415,41.5204936],[-90.5886443,41.5204339],[-90.5886463,41.5202968],[-90.5886408,41.5201783],[-90.5886278,41.5201382],[-90.5885946,41.520041]]}},{"type":"Feature","properties":{"id":"way/827513287","highway":"service","oneway":"yes","service":"parking_aisle"},"geometry":{"type":"LineString","coordinates":[[-90.5877607,41.5203749],[-90.5877622,41.5204476],[-90.5877669,41.5206726],[-90.587961,41.5206714],[-90.5879595,41.5203726],[-90.5877607,41.5203749]]}},{"type":"Feature","properties":{"id":"way/827513288","highway":"service"},"geometry":{"type":"LineString","coordinates":[[-90.5877622,41.5204476],[-90.587599,41.520436],[-90.5870689,41.5204338]]}},{"type":"Feature","properties":{"id":"way/827513289","highway":"service","oneway":"yes"},"geometry":{"type":"LineString","coordinates":[[-90.5870689,41.5204338],[-90.5869879,41.5205127],[-90.5869826,41.5205856],[-90.5869626,41.5211328],[-90.5869589,41.5212332],[-90.5869561,41.5213108]]}},{"type":"Feature","properties":{"id":"way/827513290","highway":"service","oneway":"yes","service":"parking_aisle"},"geometry":{"type":"LineString","coordinates":[[-90.5875844,41.5213092],[-90.5875836,41.5212289],[-90.5875826,41.5211369],[-90.5869626,41.5211328]]}},{"type":"Feature","properties":{"id":"way/827513291","highway":"service","service":"parking_aisle"},"geometry":{"type":"LineString","coordinates":[[-90.5868038,41.5213108],[-90.5868041,41.5212065],[-90.5868056,41.5207539]]}},{"type":"Feature","properties":{"id":"way/827513292","highway":"service"},"geometry":{"type":"LineString","coordinates":[[-90.5868056,41.5207539],[-90.5868613,41.5207345],[-90.5868857,41.5206918],[-90.5868879,41.5204187],[-90.5867107,41.5203437],[-90.5867093,41.5202984],[-90.5867076,41.5202431]]}},{"type":"Feature","properties":{"id":"way/827513293","highway":"service","service":"parking_aisle"},"geometry":{"type":"LineString","coordinates":[[-90.5865828,41.5207513],[-90.586584,41.5212082],[-90.5865843,41.5213105]]}},{"type":"Feature","properties":{"id":"way/827513294","highway":"service","service":"parking_aisle"},"geometry":{"type":"LineString","coordinates":[[-90.5862593,41.5207475],[-90.5862607,41.5209021],[-90.5860841,41.5209006],[-90.5859615,41.5208998]]}},{"type":"Feature","properties":{"id":"way/827513295","highway":"service","service":"parking_aisle"},"geometry":{"type":"LineString","coordinates":[[-90.5915421,41.5218172],[-90.5915475,41.5222468]]}},{"type":"Feature","properties":{"id":"way/827513296","highway":"service","service":"parking_aisle"},"geometry":{"type":"LineString","coordinates":[[-90.5913248,41.5222538],[-90.5913155,41.5218192]]}},{"type":"Feature","properties":{"id":"way/827513297","highway":"service","service":"parking_aisle"},"geometry":{"type":"LineString","coordinates":[[-90.5911102,41.5218211],[-90.5911142,41.5222488]]}},{"type":"Feature","properties":{"id":"way/827513298","highway":"service","service":"parking_aisle"},"geometry":{"type":"LineString","coordinates":[[-90.5917729,41.5222518],[-90.5917742,41.5218151],[-90.5917769,41.5212957]]}},{"type":"Feature","properties":{"id":"way/827513299","highway":"service"},"geometry":{"type":"LineString","coordinates":[[-90.5915998,41.5212959],[-90.5916051,41.5218166]]}},{"type":"Feature","properties":{"id":"way/827513300","highway":"service","service":"parking_aisle"},"geometry":{"type":"LineString","coordinates":[[-90.5912685,41.5218196],[-90.5912591,41.5212963]]}},{"type":"Feature","properties":{"id":"way/827513301","highway":"service","service":"parking_aisle"},"geometry":{"type":"LineString","coordinates":[[-90.5911298,41.521678],[-90.5908969,41.5216773]]}},{"type":"Feature","properties":{"id":"way/827513302","highway":"service","service":"parking_aisle"},"geometry":{"type":"LineString","coordinates":[[-90.5906988,41.5218244],[-90.5906979,41.52201],[-90.590697,41.5221862]]}},{"type":"Feature","properties":{"id":"way/827513303","highway":"service"},"geometry":{"type":"LineString","coordinates":[[-90.5906979,41.52201],[-90.5909001,41.5220087]]}},{"type":"Feature","properties":{"id":"way/827513304","highway":"service"},"geometry":{"type":"LineString","coordinates":[[-90.5902085,41.5223812],[-90.5902032,41.5219265]]}},{"type":"Feature","properties":{"id":"way/827513305","highway":"service"},"geometry":{"type":"LineString","coordinates":[[-90.5899399,41.5223822],[-90.589928,41.5219248]]}},{"type":"Feature","properties":{"id":"way/827513306","highway":"service","service":"parking_aisle"},"geometry":{"type":"LineString","coordinates":[[-90.5939164,41.5216914],[-90.5919922,41.5216752]]}},{"type":"Feature","properties":{"id":"way/827513307","highway":"service"},"geometry":{"type":"LineString","coordinates":[[-90.5939142,41.5215169],[-90.5939164,41.5216914],[-90.5939179,41.5218087]]}},{"type":"Feature","properties":{"id":"way/827513308","highway":"service","service":"parking_aisle"},"geometry":{"type":"LineString","coordinates":[[-90.5939382,41.5222313],[-90.5939523,41.5218072]]}},{"type":"Feature","properties":{"id":"way/827513309","highway":"service","service":"parking_aisle"},"geometry":{"type":"LineString","coordinates":[[-90.5937949,41.5222324],[-90.5938042,41.521809]]}},{"type":"Feature","properties":{"id":"way/827513310","highway":"service","service":"parking_aisle"},"geometry":{"type":"LineString","coordinates":[[-90.5935776,41.5222394],[-90.5935822,41.5218095]]}},{"type":"Feature","properties":{"id":"way/827513311","highway":"service","service":"parking_aisle"},"geometry":{"type":"LineString","coordinates":[[-90.593365,41.52181],[-90.5933635,41.5222394]]}},{"type":"Feature","properties":{"id":"way/827513312","highway":"service","service":"parking_aisle"},"geometry":{"type":"LineString","coordinates":[[-90.59314,41.5222428],[-90.5931477,41.5218105]]}},{"type":"Feature","properties":{"id":"way/827513313","highway":"service","service":"parking_aisle"},"geometry":{"type":"LineString","coordinates":[[-90.592932,41.521811],[-90.5929197,41.522244]]}},{"type":"Feature","properties":{"id":"way/827513314","highway":"service","service":"parking_aisle"},"geometry":{"type":"LineString","coordinates":[[-90.5926978,41.522244],[-90.5927009,41.5218115]]}},{"type":"Feature","properties":{"id":"way/827513315","highway":"service","service":"parking_aisle"},"geometry":{"type":"LineString","coordinates":[[-90.5924636,41.5222463],[-90.5924651,41.521812]]}},{"type":"Feature","properties":{"id":"way/827513316","highway":"service","service":"parking_aisle"},"geometry":{"type":"LineString","coordinates":[[-90.5922278,41.5218126],[-90.5922294,41.5222428]]}},{"type":"Feature","properties":{"id":"way/827513318","highway":"service","service":"parking_aisle"},"geometry":{"type":"LineString","coordinates":[[-90.5943584,41.5216933],[-90.5948487,41.5216933],[-90.5950942,41.5216933],[-90.5950915,41.5214121]]}},{"type":"Feature","properties":{"id":"way/827513319","highway":"service","service":"driveway"},"geometry":{"type":"LineString","coordinates":[[-90.5948113,41.5212366],[-90.5948782,41.5214021],[-90.5950915,41.5214121],[-90.5951479,41.5213499],[-90.5951653,41.5212785],[-90.595136,41.5211766]]}},{"type":"Feature","properties":{"id":"way/827513320","covered":"yes","highway":"service","service":"drive-through"},"geometry":{"type":"LineString","coordinates":[[-90.594853,41.5215347],[-90.5948529,41.5214767]]}},{"type":"Feature","properties":{"id":"way/827513321","highway":"service","service":"parking_aisle"},"geometry":{"type":"LineString","coordinates":[[-90.5950942,41.5216933],[-90.5950956,41.5217911]]}},{"type":"Feature","properties":{"id":"way/827513322","highway":"service","service":"parking_aisle"},"geometry":{"type":"LineString","coordinates":[[-90.5953075,41.5217914],[-90.5953053,41.5211453]]}},{"type":"Feature","properties":{"id":"way/827513323","highway":"service","service":"parking_aisle"},"geometry":{"type":"LineString","coordinates":[[-90.5955248,41.5217917],[-90.595516,41.5211064]]}},{"type":"Feature","properties":{"id":"way/827513324","highway":"service","oneway":"yes","service":"parking_aisle"},"geometry":{"type":"LineString","coordinates":[[-90.595665,41.5217947],[-90.595666,41.5221839],[-90.5954836,41.5221849],[-90.5954836,41.5217917]]}},{"type":"Feature","properties":{"id":"way/827513325","highway":"service","service":"parking_aisle"},"geometry":{"type":"LineString","coordinates":[[-90.5922373,41.5228992],[-90.592238,41.5223695]]}},{"type":"Feature","properties":{"id":"way/827513326","highway":"service","service":"parking_aisle"},"geometry":{"type":"LineString","coordinates":[[-90.5924683,41.5223667],[-90.592461,41.5228984]]}},{"type":"Feature","properties":{"id":"way/827513327","highway":"service","service":"parking_aisle"},"geometry":{"type":"LineString","coordinates":[[-90.5927035,41.5223653],[-90.5926968,41.5228977]]}},{"type":"Feature","properties":{"id":"way/827513328","highway":"service","service":"parking_aisle"},"geometry":{"type":"LineString","coordinates":[[-90.5922373,41.5228992],[-90.5922393,41.5234665]]}},{"type":"Feature","properties":{"id":"way/827513329","highway":"service","service":"parking_aisle"},"geometry":{"type":"LineString","coordinates":[[-90.5915619,41.5229013],[-90.5915633,41.5227477],[-90.5912454,41.5227487]]}},{"type":"Feature","properties":{"id":"way/827513330","highway":"service","service":"parking_aisle"},"geometry":{"type":"LineString","coordinates":[[-90.5911139,41.5229027],[-90.5911206,41.5226954]]}},{"type":"Feature","properties":{"id":"way/827513331","highway":"service","service":"parking_aisle"},"geometry":{"type":"LineString","coordinates":[[-90.5909049,41.5195854],[-90.590996,41.5195795],[-90.5911008,41.5195727],[-90.591135,41.519565],[-90.5912348,41.5195427],[-90.5921747,41.519447],[-90.5922472,41.5194146],[-90.5923242,41.5194077],[-90.5923577,41.5194151],[-90.5924136,41.5194273],[-90.5937387,41.5192993],[-90.5937665,41.5194585],[-90.5923673,41.5195865],[-90.5923011,41.5196327],[-90.5922348,41.5196685],[-90.5921439,41.5196846],[-90.5920576,41.5196777],[-90.5919359,41.5196385],[-90.5913072,41.5196985],[-90.5912102,41.51968],[-90.5911824,41.5196523],[-90.591135,41.519565]]}},{"type":"Feature","properties":{"id":"way/827513332","highway":"service"},"geometry":{"type":"LineString","coordinates":[[-90.5923673,41.5195865],[-90.5923577,41.5194151]]}},{"type":"Feature","properties":{"id":"way/827513333","highway":"service","service":"parking_aisle"},"geometry":{"type":"LineString","coordinates":[[-90.5861797,41.5240494],[-90.5861777,41.5244176],[-90.586379,41.5244189],[-90.5865823,41.5244202],[-90.5867673,41.5244214],[-90.5869706,41.5244227],[-90.5871618,41.5244239],[-90.5873651,41.5244252],[-90.5873631,41.524107],[-90.587168,41.5241047],[-90.5869767,41.5241025]]}},{"type":"Feature","properties":{"id":"way/827513334","highway":"service","oneway":"yes","service":"parking_aisle"},"geometry":{"type":"LineString","coordinates":[[-90.587168,41.5241047],[-90.5871618,41.5244239]]}},{"type":"Feature","properties":{"id":"way/827513335","highway":"service","oneway":"yes","service":"parking_aisle"},"geometry":{"type":"LineString","coordinates":[[-90.5869706,41.5244227],[-90.5869767,41.5241025]]}},{"type":"Feature","properties":{"id":"way/827513336","highway":"service","oneway":"yes","service":"parking_aisle"},"geometry":{"type":"LineString","coordinates":[[-90.5867753,41.5236677],[-90.5867673,41.5244214]]}},{"type":"Feature","properties":{"id":"way/827513337","highway":"service","oneway":"yes","service":"parking_aisle"},"geometry":{"type":"LineString","coordinates":[[-90.5865823,41.5244202],[-90.5865863,41.5236696]]}},{"type":"Feature","properties":{"id":"way/827513338","highway":"service","oneway":"yes","service":"parking_aisle"},"geometry":{"type":"LineString","coordinates":[[-90.5863765,41.5240467],[-90.586379,41.5244189]]}},{"type":"Feature","properties":{"id":"way/827513339","highway":"service","service":"parking_aisle"},"geometry":{"type":"LineString","coordinates":[[-90.5869767,41.5241025],[-90.5869849,41.5236656]]}},{"type":"Feature","properties":{"id":"way/827514398","highway":"service"},"geometry":{"type":"LineString","coordinates":[[-90.569713,41.5229522],[-90.5695865,41.5229498],[-90.5694542,41.5229481]]}},{"type":"Feature","properties":{"id":"way/827514399","highway":"service","service":"parking_aisle"},"geometry":{"type":"LineString","coordinates":[[-90.5694579,41.5227804],[-90.5685255,41.5227684]]}},{"type":"Feature","properties":{"id":"way/827514400","highway":"service"},"geometry":{"type":"LineString","coordinates":[[-90.5685914,41.5229221],[-90.5684463,41.5229685],[-90.5683802,41.5229681],[-90.5682556,41.5229674]]}},{"type":"Feature","properties":{"id":"way/827514401","highway":"service","service":"parking_aisle"},"geometry":{"type":"LineString","coordinates":[[-90.5694542,41.5229481],[-90.5693523,41.5229473],[-90.56867,41.522934],[-90.5685914,41.5229221],[-90.5685277,41.5228731],[-90.5685255,41.5227684],[-90.5685224,41.5226134],[-90.569462,41.522624],[-90.5694579,41.5227804],[-90.5694542,41.5229481],[-90.5694602,41.5233116],[-90.5692656,41.5233169]]}},{"type":"Feature","properties":{"id":"way/827514402","highway":"service"},"geometry":{"type":"LineString","coordinates":[[-90.5685224,41.5226134],[-90.5685224,41.5225022],[-90.5685224,41.5223944]]}},{"type":"Feature","properties":{"id":"way/827514403","highway":"service"},"geometry":{"type":"LineString","coordinates":[[-90.5679377,41.522931],[-90.5679379,41.5232407]]}},{"type":"Feature","properties":{"id":"way/827514404","highway":"service","tiger:cfcc":"A41","tiger:county":"Scott, IA","tiger:reviewed":"no"},"geometry":{"type":"LineString","coordinates":[[-90.5679377,41.522931],[-90.5681321,41.5229328],[-90.5682571,41.522934]]}},{"type":"Feature","properties":{"id":"way/827514405","highway":"service"},"geometry":{"type":"LineString","coordinates":[[-90.5667363,41.52263],[-90.5667406,41.522484],[-90.5667434,41.5223875]]}},{"type":"Feature","properties":{"id":"way/827514406","highway":"service","service":"parking_aisle"},"geometry":{"type":"LineString","coordinates":[[-90.5661803,41.5227492],[-90.5658072,41.522746],[-90.5655276,41.5227436],[-90.5650716,41.5229535],[-90.5649911,41.5229906],[-90.5649737,41.5230257],[-90.5649683,41.5231703],[-90.5657971,41.5231696],[-90.5661678,41.5231693]]}},{"type":"Feature","properties":{"id":"way/827514407","highway":"service","service":"parking_aisle"},"geometry":{"type":"LineString","coordinates":[[-90.566174,41.5229616],[-90.5650716,41.5229535]]}},{"type":"Feature","properties":{"id":"way/827514408","highway":"service"},"geometry":{"type":"LineString","coordinates":[[-90.5657878,41.5234885],[-90.5657904,41.5233997],[-90.5657944,41.5232626],[-90.5657971,41.5231696]]}},{"type":"Feature","properties":{"id":"way/827514409","highway":"service","surface":"concrete"},"geometry":{"type":"LineString","coordinates":[[-90.5657944,41.5232626],[-90.566165,41.5232637]]}},{"type":"Feature","properties":{"id":"way/827514410","highway":"service","service":"parking_aisle","tiger:cfcc":"A41","tiger:county":"Scott, IA","tiger:reviewed":"no"},"geometry":{"type":"LineString","coordinates":[[-90.5679377,41.522931],[-90.5679388,41.5226365],[-90.5667363,41.52263],[-90.5661839,41.522627],[-90.5659099,41.5226214],[-90.5658108,41.5226705],[-90.5658072,41.522746]]}},{"type":"Feature","properties":{"id":"way/827514411","highway":"service"},"geometry":{"type":"LineString","coordinates":[[-90.5697028,41.5246533],[-90.5695113,41.5246542]]}},{"type":"Feature","properties":{"id":"way/827514412","highway":"service","oneway":"yes","service":"parking_aisle"},"geometry":{"type":"LineString","coordinates":[[-90.5695113,41.5246542],[-90.5690936,41.5246562],[-90.5688795,41.5246572],[-90.5688778,41.5247897],[-90.5693945,41.5247884],[-90.5695113,41.524689],[-90.5695113,41.5246542]]}},{"type":"Feature","properties":{"id":"way/827514413","highway":"service","service":"parking_aisle"},"geometry":{"type":"LineString","coordinates":[[-90.5688795,41.5246572],[-90.568875,41.5242226],[-90.569083,41.5242226],[-90.5690936,41.5246562]]}},{"type":"Feature","properties":{"id":"way/827514414","highway":"service"},"geometry":{"type":"LineString","coordinates":[[-90.568875,41.5242226],[-90.568899,41.5241418],[-90.5689468,41.5240994],[-90.5690327,41.5240396],[-90.5690908,41.5240152],[-90.5692219,41.5239846],[-90.569708,41.523986]]}},{"type":"Feature","properties":{"id":"way/827514415","highway":"service","service":"parking_aisle","surface":"concrete"},"geometry":{"type":"LineString","coordinates":[[-90.5659935,41.5234922],[-90.5659921,41.5236786],[-90.5659898,41.5239899],[-90.5657828,41.5239886],[-90.5657863,41.523709],[-90.5658465,41.5236799],[-90.5659921,41.5236786]]}},{"type":"Feature","properties":{"id":"way/827514416","highway":"service","service":"alley"},"geometry":{"type":"LineString","coordinates":[[-90.5697065,41.5240632],[-90.5699886,41.5240629],[-90.5702027,41.5240628],[-90.570592,41.5240624],[-90.5709247,41.5240621],[-90.5711765,41.5240619]]}},{"type":"Feature","properties":{"id":"way/827514417","highway":"service","service":"parking_aisle"},"geometry":{"type":"LineString","coordinates":[[-90.5709247,41.5240621],[-90.5709282,41.5243361],[-90.5711763,41.5243348]]}},{"type":"Feature","properties":{"id":"way/827514418","highway":"service","service":"parking_aisle"},"geometry":{"type":"LineString","coordinates":[[-90.5708026,41.5235014],[-90.5708037,41.5236029],[-90.5708061,41.5239215]]}},{"type":"Feature","properties":{"id":"way/827514419","highway":"service"},"geometry":{"type":"LineString","coordinates":[[-90.5711766,41.5239254],[-90.5708061,41.5239215],[-90.5705867,41.5239175],[-90.570592,41.5240624]]}},{"type":"Feature","properties":{"id":"way/827514420","highway":"service","oneway":"yes","service":"parking_aisle"},"geometry":{"type":"LineString","coordinates":[[-90.5699886,41.5240629],[-90.5699868,41.5244474],[-90.5701939,41.5244527],[-90.5702027,41.5240628]]}},{"type":"Feature","properties":{"id":"way/827514421","highway":"service","oneway":"yes"},"geometry":{"type":"LineString","coordinates":[[-90.5701867,41.5246326],[-90.5701939,41.5244527]]}},{"type":"Feature","properties":{"id":"way/827514422","highway":"residential","maxspeed":"25 mph","name":"East 5th Street","surface":"paving_stones","tiger:cfcc":"A41","tiger:county":"Scott, IA","tiger:name_base":"5th","tiger:name_direction_prefix":"E","tiger:name_type":"St","tiger:reviewed":"no","tiger:zip_left":"52801","tiger:zip_right":"52801"},"geometry":{"type":"LineString","coordinates":[[-90.571176,41.52464],[-90.5710058,41.5246403],[-90.5701867,41.5246326],[-90.5698515,41.5246301],[-90.569703,41.524629]]}},{"type":"Feature","properties":{"id":"way/827514423","highway":"service","service":"parking_aisle"},"geometry":{"type":"LineString","coordinates":[[-90.571693,41.5251748],[-90.5717022,41.5248671],[-90.5714419,41.5248648],[-90.5714421,41.5251744]]}},{"type":"Feature","properties":{"id":"way/827514424","highway":"service","service":"parking_aisle"},"geometry":{"type":"LineString","coordinates":[[-90.5622339,41.5255315],[-90.5620864,41.5253836],[-90.5631725,41.5246958]]}},{"type":"Feature","properties":{"id":"way/827514425","highway":"service","service":"alley","surface":"paving_stones"},"geometry":{"type":"LineString","coordinates":[[-90.5629892,41.5246112],[-90.5624472,41.5249547],[-90.5619499,41.52527],[-90.5615795,41.5255047],[-90.5615333,41.5255151],[-90.5614443,41.5255197]]}},{"type":"Feature","properties":{"id":"way/827514426","highway":"service"},"geometry":{"type":"LineString","coordinates":[[-90.5621355,41.5246649],[-90.5624472,41.5249547]]}},{"type":"Feature","properties":{"id":"way/827514427","highway":"service","service":"parking_aisle"},"geometry":{"type":"LineString","coordinates":[[-90.5623467,41.5247574],[-90.5626425,41.5245901],[-90.5626748,41.5245324],[-90.562726,41.5244858]]}},{"type":"Feature","properties":{"id":"way/827514428","highway":"service","service":"parking_aisle"},"geometry":{"type":"LineString","coordinates":[[-90.5622339,41.5255315],[-90.5623617,41.5257103],[-90.5624781,41.5258745],[-90.5616346,41.5262209]]}},{"type":"Feature","properties":{"id":"way/827514429","highway":"service"},"geometry":{"type":"LineString","coordinates":[[-90.5616346,41.5262209],[-90.5616276,41.5260825],[-90.5616252,41.5260352],[-90.5615582,41.5259509]]}},{"type":"Feature","properties":{"id":"way/827514430","highway":"service","service":"parking_aisle"},"geometry":{"type":"LineString","coordinates":[[-90.5616276,41.5260825],[-90.561816,41.5260137],[-90.5618398,41.5260051],[-90.5619803,41.5258944],[-90.5619967,41.5258816],[-90.5623617,41.5257103]]}},{"type":"Feature","properties":{"id":"way/827514431","highway":"service"},"geometry":{"type":"LineString","coordinates":[[-90.5619803,41.5258944],[-90.5618791,41.5257444]]}},{"type":"Feature","properties":{"id":"way/827514432","highway":"service"},"geometry":{"type":"LineString","coordinates":[[-90.561816,41.5260137],[-90.5617112,41.5258525]]}},{"type":"Feature","properties":{"id":"way/827514433","highway":"service","service":"parking_aisle"},"geometry":{"type":"LineString","coordinates":[[-90.5624781,41.5258745],[-90.5627101,41.5257922]]}},{"type":"Feature","properties":{"id":"way/827514434","highway":"service","service":"parking_aisle"},"geometry":{"type":"LineString","coordinates":[[-90.5628338,41.5261451],[-90.562739,41.5260115],[-90.5622063,41.5262198],[-90.5616267,41.5264464]]}},{"type":"Feature","properties":{"id":"way/827514435","highway":"service"},"geometry":{"type":"LineString","coordinates":[[-90.5622063,41.5262198],[-90.562312,41.526365]]}},{"type":"Feature","properties":{"id":"way/827514436","highway":"service","service":"parking_aisle"},"geometry":{"type":"LineString","coordinates":[[-90.5614425,41.5253138],[-90.5615984,41.5253064],[-90.5616025,41.5252357],[-90.5617143,41.5251656],[-90.5617834,41.5251223],[-90.5619499,41.52527]]}},{"type":"Feature","properties":{"id":"way/827514437","highway":"service"},"geometry":{"type":"LineString","coordinates":[[-90.5617143,41.5251656],[-90.5615739,41.525039]]}},{"type":"Feature","properties":{"id":"way/827514438","highway":"service","service":"parking_aisle"},"geometry":{"type":"LineString","coordinates":[[-90.5613234,41.5260789],[-90.56087,41.5260848]]}},{"type":"Feature","properties":{"id":"way/827514439","highway":"service"},"geometry":{"type":"LineString","coordinates":[[-90.5614517,41.526347],[-90.5609989,41.5263558],[-90.5604504,41.5263664]]}},{"type":"Feature","properties":{"id":"way/827514440","highway":"service","service":"parking_aisle"},"geometry":{"type":"LineString","coordinates":[[-90.5605617,41.5262917],[-90.5604758,41.5262303],[-90.5604712,41.5258702],[-90.5604,41.5258022]]}},{"type":"Feature","properties":{"id":"way/827514441","highway":"service","service":"parking_aisle"},"geometry":{"type":"LineString","coordinates":[[-90.5606097,41.5262595],[-90.5609931,41.5262574],[-90.5609989,41.5263558]]}},{"type":"Feature","properties":{"id":"way/827514442","highway":"service","service":"parking_aisle"},"geometry":{"type":"LineString","coordinates":[[-90.5653327,41.5251924],[-90.5653367,41.5251065],[-90.5650229,41.5250352],[-90.5647037,41.5250874],[-90.564655,41.5251649]]}},{"type":"Feature","properties":{"id":"way/827514443","highway":"service","service":"parking_aisle"},"geometry":{"type":"LineString","coordinates":[[-90.5642086,41.5252454],[-90.5643711,41.5251246]]}},{"type":"Feature","properties":{"id":"way/827514444","highway":"service"},"geometry":{"type":"LineString","coordinates":[[-90.564493,41.52515],[-90.5645861,41.5250519],[-90.5649456,41.5249144]]}},{"type":"Feature","properties":{"id":"way/827514445","highway":"service","service":"parking_aisle"},"geometry":{"type":"LineString","coordinates":[[-90.5636884,41.5249012],[-90.5634113,41.525068]]}},{"type":"Feature","properties":{"id":"way/827514446","highway":"service"},"geometry":{"type":"LineString","coordinates":[[-90.5641551,41.5245391],[-90.5655141,41.5249776],[-90.5653796,41.525193]]}},{"type":"Feature","properties":{"id":"way/827514447","highway":"service","service":"parking_aisle"},"geometry":{"type":"LineString","coordinates":[[-90.5597756,41.5267121],[-90.5599266,41.5270307],[-90.5601198,41.5269735],[-90.5599684,41.5266404]]}},{"type":"Feature","properties":{"id":"way/827516165","highway":"service","service":"parking_aisle"},"geometry":{"type":"LineString","coordinates":[[-90.5492181,41.5308822],[-90.5493291,41.5308776],[-90.5499221,41.5306779],[-90.5498378,41.5305361],[-90.5493113,41.5307179],[-90.5492237,41.5307144]]}},{"type":"Feature","properties":{"id":"way/827516166","highway":"service","service":"parking_aisle"},"geometry":{"type":"LineString","coordinates":[[-90.5447407,41.5316161],[-90.5447387,41.5314046]]}},{"type":"Feature","properties":{"id":"way/827516167","highway":"service","service":"parking_aisle"},"geometry":{"type":"LineString","coordinates":[[-90.5457271,41.5314184],[-90.5457282,41.5316235],[-90.5457177,41.5318798]]}},{"type":"Feature","properties":{"id":"way/827516168","highway":"service","service":"parking_aisle"},"geometry":{"type":"LineString","coordinates":[[-90.5460435,41.5318868],[-90.5460482,41.5316254]]}},{"type":"Feature","properties":{"id":"way/827516169","highway":"service","service":"parking_aisle"},"geometry":{"type":"LineString","coordinates":[[-90.5452403,41.5320285],[-90.5452362,41.5316206]]}},{"type":"Feature","properties":{"id":"way/827516170","highway":"service","service":"parking_aisle"},"geometry":{"type":"LineString","coordinates":[[-90.5454987,41.5313574],[-90.5454988,41.5316221]]}},{"type":"Feature","properties":{"id":"way/827516171","highway":"service","service":"parking_aisle"},"geometry":{"type":"LineString","coordinates":[[-90.5451115,41.5317302],[-90.5449172,41.5317292],[-90.5449173,41.5316179]]}},{"type":"Feature","properties":{"id":"way/827516172","highway":"service","service":"parking_aisle"},"geometry":{"type":"LineString","coordinates":[[-90.5439015,41.531608],[-90.5439051,41.5315097],[-90.5441792,41.5315118],[-90.5441804,41.531611]]}},{"type":"Feature","properties":{"id":"way/827516173","highway":"service","service":"parking_aisle"},"geometry":{"type":"LineString","coordinates":[[-90.5464963,41.5308187],[-90.5469184,41.530823],[-90.5469926,41.530713],[-90.547193,41.5307118]]}},{"type":"Feature","properties":{"id":"way/827516174","highway":"service","service":"parking_aisle"},"geometry":{"type":"LineString","coordinates":[[-90.5464968,41.5307637],[-90.5461267,41.5307651]]}},{"type":"Feature","properties":{"id":"way/827516175","highway":"service","service":"parking_aisle"},"geometry":{"type":"LineString","coordinates":[[-90.5459303,41.5310951],[-90.5459303,41.5308022]]}},{"type":"Feature","properties":{"id":"way/828244881","highway":"service","service":"parking_aisle"},"geometry":{"type":"LineString","coordinates":[[-90.5841823,41.518],[-90.5842166,41.5181052],[-90.5842461,41.5181915],[-90.5843137,41.5183945],[-90.5843753,41.5185796],[-90.584438,41.5187678],[-90.5844959,41.5189416],[-90.5837136,41.5190826],[-90.5836554,41.5189051],[-90.5835975,41.5187282],[-90.5835358,41.5185399],[-90.5834695,41.5183374],[-90.5834408,41.51825]]}},{"type":"Feature","properties":{"id":"way/835484002","highway":"service","name":"Coast Guard","service":"parking_aisle"},"geometry":{"type":"LineString","coordinates":[[-90.5623788,41.5158182],[-90.5623002,41.5158617],[-90.5620537,41.5159935]]}},{"type":"Feature","properties":{"id":"way/835484007","access":"private","highway":"service","name":"USMCR","service":"parking_aisle"},"geometry":{"type":"LineString","coordinates":[[-90.5622597,41.5156866],[-90.5621552,41.5155803],[-90.562106,41.5155271],[-90.5620088,41.5154244],[-90.5618681,41.5152757],[-90.5616493,41.5150446],[-90.5615286,41.5150165],[-90.5612703,41.5151378],[-90.5612907,41.5154063],[-90.5613817,41.5155153],[-90.5618681,41.5152757]]}},{"type":"Feature","properties":{"id":"way/835484008","highway":"service","name":"USMCR","service":"parking_aisle"},"geometry":{"type":"LineString","coordinates":[[-90.562106,41.5155271],[-90.5617565,41.5157039]]}},{"type":"Feature","properties":{"id":"way/835888279","highway":"residential","maxspeed":"25 mph","name":"Durnin Avenue","name:etymology":"Milton Howard"},"geometry":{"type":"LineString","coordinates":[[-90.5557098,41.5211626],[-90.555726,41.5211286],[-90.5557297,41.5210786],[-90.5557325,41.5210412],[-90.5557242,41.5209622],[-90.5557098,41.5208251],[-90.5556644,41.5207862],[-90.5555595,41.5207781],[-90.5546842,41.520814],[-90.553665,41.5208563],[-90.5536202,41.5208618],[-90.5535249,41.5208736],[-90.5534928,41.5208775],[-90.553233,41.5209324],[-90.5511901,41.5214327],[-90.5511013,41.5214545],[-90.5509009,41.5214926],[-90.5507089,41.5215116],[-90.5494989,41.5215602],[-90.5490066,41.5215767],[-90.5487953,41.5215947]]}},{"type":"Feature","properties":{"id":"way/835888280","highway":"residential","maxspeed":"25 mph","name":"Baker Avenue","name:etymology":"John F. Baker Junior","name:etymology:wikidata":"Q6232170","name:etymology:wikipedia":"en:John F. Baker Jr."},"geometry":{"type":"LineString","coordinates":[[-90.5511013,41.5214545],[-90.5512244,41.5217623],[-90.5512698,41.5217988],[-90.5513444,41.5218158],[-90.5513872,41.5218119],[-90.5535044,41.5212888],[-90.553581,41.5212784],[-90.5536504,41.5212694],[-90.5549639,41.5212184],[-90.555606,41.5211941],[-90.5557098,41.5211626]]}},{"type":"Feature","properties":{"id":"way/835888281","highway":"residential","maxspeed":"30 mph","name":"Howard Avenue"},"geometry":{"type":"LineString","coordinates":[[-90.5536504,41.5212694],[-90.5536202,41.5208618]]}},{"type":"Feature","properties":{"id":"way/835888282","access":"private","highway":"unclassified","name":"Hillmore Street","source":"digitalglobe"},"geometry":{"type":"LineString","coordinates":[[-90.5557659,41.5205139],[-90.5560703,41.5205004],[-90.5564405,41.5204722],[-90.5566819,41.5204542],[-90.5567945,41.5204341],[-90.5568509,41.520408],[-90.5568965,41.5203518],[-90.5569072,41.5202995],[-90.556858,41.5194734],[-90.5568129,41.5189218],[-90.5567972,41.5185825],[-90.5567867,41.5183433],[-90.5567653,41.5178068],[-90.5567277,41.5174387]]}},{"type":"Feature","properties":{"id":"way/835888285","access":"private","highway":"service"},"geometry":{"type":"LineString","coordinates":[[-90.5558423,41.5213318],[-90.5558208,41.5212856],[-90.5558181,41.5212434],[-90.5558262,41.5211751],[-90.5558637,41.5211169],[-90.55592,41.5210687],[-90.5559737,41.5210305],[-90.5560515,41.5209984],[-90.5561358,41.5209671],[-90.5562082,41.520945],[-90.5562753,41.5209329],[-90.5563665,41.5209309],[-90.5563986,41.5209306],[-90.5564538,41.5209301],[-90.5565584,41.5209341],[-90.5566737,41.5209301],[-90.5567876,41.5209169],[-90.5569071,41.5209],[-90.5570627,41.5208799],[-90.5574018,41.5208466],[-90.5574796,41.5208285],[-90.5575562,41.5208076],[-90.5576206,41.5207835],[-90.557693,41.5207474],[-90.5578003,41.5206871],[-90.5579585,41.5205847],[-90.5581758,41.5204562],[-90.5584628,41.5202875],[-90.5585659,41.520218],[-90.5586452,41.520161],[-90.5587632,41.5200565],[-90.5588892,41.5199461],[-90.5590555,41.5197915],[-90.5592487,41.5196207],[-90.5594339,41.5194476],[-90.5595008,41.5193898],[-90.5596008,41.5193462]]}},{"type":"Feature","properties":{"id":"way/835888286","access":"private","highway":"service"},"geometry":{"type":"LineString","coordinates":[[-90.5480584,41.5213883],[-90.5481321,41.5213928],[-90.5483601,41.5213968],[-90.5484903,41.521388],[-90.5485425,41.5213846],[-90.5487344,41.5213719],[-90.5492011,41.5213398],[-90.549295,41.5213277],[-90.5493337,41.5213141],[-90.5493829,41.521204],[-90.5493563,41.5211114],[-90.5493374,41.5208899],[-90.5490948,41.5208875],[-90.5478316,41.5209079],[-90.5478301,41.5209808]]}},{"type":"Feature","properties":{"id":"way/838828956","highway":"service","tiger:cfcc":"A41","tiger:county":"Scott, IA","tiger:reviewed":"no"},"geometry":{"type":"LineString","coordinates":[[-90.576131,41.544315],[-90.575955,41.54442],[-90.575786,41.544496],[-90.5755806,41.5445452],[-90.575569,41.544548],[-90.5751995,41.5445672],[-90.5752019,41.544631],[-90.5751997,41.5448252],[-90.5751984,41.5449449],[-90.5749306,41.5449451],[-90.5749394,41.5445637],[-90.5751995,41.5445672]]}},{"type":"Feature","properties":{"id":"way/838828957","highway":"service","tiger:cfcc":"A41","tiger:county":"Scott, IA","tiger:reviewed":"no"},"geometry":{"type":"LineString","coordinates":[[-90.576396,41.543961],[-90.576352,41.543888],[-90.5762924,41.5436695],[-90.5762628,41.5435498],[-90.576281,41.5433342],[-90.5763808,41.5430758],[-90.5764035,41.5429067],[-90.576337,41.542705],[-90.5763008,41.5426503],[-90.576251,41.542575],[-90.5761,41.54245],[-90.575894,41.542352],[-90.5757098,41.5422947],[-90.575698,41.542291],[-90.575544,41.542269],[-90.5754681,41.5422766],[-90.5754274,41.5422806],[-90.575393,41.542284],[-90.575214,41.542326],[-90.575083,41.542387],[-90.574956,41.542472],[-90.57479,41.5426747],[-90.574743,41.542732],[-90.574678,41.542878],[-90.574635,41.543036],[-90.574582,41.543152],[-90.574487,41.543267],[-90.574359,41.543393],[-90.57399,41.54365],[-90.5739042,41.5437295],[-90.5738463,41.5438288],[-90.57377,41.543929],[-90.573632,41.544036],[-90.5734113,41.5441104],[-90.573207,41.544204],[-90.573107,41.544301],[-90.572946,41.544588],[-90.572913,41.544746],[-90.572932,41.544954],[-90.573018,41.545092],[-90.573128,41.545174],[-90.573307,41.545238],[-90.573541,41.545315],[-90.573985,41.54534],[-90.574624,41.545327]]}},{"type":"Feature","properties":{"id":"way/838828958","highway":"service","oneway":"yes"},"geometry":{"type":"LineString","coordinates":[[-90.576638,41.544357],[-90.5765348,41.5441882]]}},{"type":"Feature","properties":{"id":"way/838828959","highway":"service","oneway":"yes"},"geometry":{"type":"LineString","coordinates":[[-90.5765051,41.5441416],[-90.576396,41.543961]]}},{"type":"Feature","properties":{"id":"way/838828960","highway":"service","oneway":"yes"},"geometry":{"type":"LineString","coordinates":[[-90.576396,41.543961],[-90.5763018,41.5441596]]}},{"type":"Feature","properties":{"id":"way/838828961","highway":"service","oneway":"yes"},"geometry":{"type":"LineString","coordinates":[[-90.5764179,41.5442968],[-90.576638,41.544357]]}},{"type":"Feature","properties":{"id":"way/838828962","highway":"service","oneway":"yes"},"geometry":{"type":"LineString","coordinates":[[-90.5762898,41.5441842],[-90.576131,41.544315]]}},{"type":"Feature","properties":{"id":"way/838828963","highway":"service","oneway":"yes"},"geometry":{"type":"LineString","coordinates":[[-90.576131,41.544315],[-90.5763803,41.5442938]]}},{"type":"Feature","properties":{"id":"way/842830892","highway":"tertiary","lanes":"2","maxspeed":"30 mph","name":"Rockingham Road","surface":"asphalt","tiger:cfcc":"A35","tiger:county":"Scott, IA","tiger:name_base":"Rockingham","tiger:name_base_1":"State Highway 22","tiger:name_type":"Rd","tiger:reviewed":"no","tiger:zip_left":"52802"},"geometry":{"type":"LineString","coordinates":[[-90.6261933,41.5092568],[-90.6255307,41.5092512],[-90.624749,41.509251],[-90.624313,41.509253],[-90.6235643,41.5092506],[-90.6233191,41.5092557],[-90.6232106,41.5092642],[-90.6231264,41.5092841],[-90.6230023,41.5093271],[-90.6228497,41.5093974],[-90.6211121,41.5103373],[-90.6209957,41.5104002],[-90.6208722,41.5104689],[-90.6202866,41.5107908],[-90.6201056,41.5108903],[-90.6199312,41.5109873],[-90.6192047,41.5113801],[-90.6188315,41.5115939],[-90.6184243,41.5118625],[-90.6181269,41.5120418],[-90.6179454,41.5121363],[-90.6175362,41.5123186],[-90.6169043,41.5126046],[-90.6166723,41.5127046],[-90.6155758,41.5131952],[-90.6151456,41.5133922],[-90.6144315,41.513712],[-90.613786,41.513989],[-90.613192,41.514258],[-90.613107,41.514296],[-90.61298,41.5143529],[-90.6125834,41.5145306],[-90.6125253,41.5145566],[-90.6122309,41.5146885],[-90.612116,41.51474],[-90.611732,41.514918],[-90.611576,41.514992],[-90.611163,41.515187],[-90.611133,41.515201],[-90.610841,41.51534],[-90.6104174,41.5155387],[-90.610291,41.515598],[-90.6100552,41.5157069],[-90.609713,41.515865],[-90.6096012,41.5159165],[-90.609481,41.51597],[-90.6093231,41.5160423],[-90.6092922,41.5160565],[-90.609136,41.516128],[-90.608546,41.516396],[-90.608434,41.516447],[-90.607435,41.516901],[-90.606758,41.517209],[-90.604879,41.5180649],[-90.603675,41.518514],[-90.6031574,41.518728],[-90.6029585,41.5188064],[-90.602351,41.519046],[-90.601802,41.519256],[-90.601163,41.519495],[-90.6009237,41.5195964],[-90.6006322,41.5197156],[-90.6000057,41.5199729],[-90.5998254,41.5200414],[-90.5994358,41.5202044],[-90.599311,41.5202566],[-90.599056,41.520375],[-90.59886,41.520474],[-90.598788,41.52051],[-90.598668,41.520553],[-90.5982937,41.5206223],[-90.597955,41.520685],[-90.5973248,41.5208047],[-90.5967638,41.5209039],[-90.5966785,41.5209163],[-90.5963077,41.5209704],[-90.596112,41.520999],[-90.5957311,41.521073],[-90.595516,41.5211064]]}},{"type":"Feature","properties":{"id":"way/842855277","highway":"service","service":"alley"},"geometry":{"type":"LineString","coordinates":[[-90.5964093,41.5283858],[-90.5964034,41.5289251],[-90.5963912,41.5295098]]}},{"type":"Feature","properties":{"id":"way/842855287","highway":"service","service":"alley","tiger:cfcc":"A41","tiger:county":"Scott, IA","tiger:reviewed":"no"},"geometry":{"type":"LineString","coordinates":[[-90.5962784,41.5239876],[-90.5971142,41.5239942],[-90.59832,41.523986],[-90.598489,41.5239883],[-90.5993207,41.5239907],[-90.5994089,41.5239707],[-90.599465,41.5239367],[-90.5994783,41.5238827],[-90.5994745,41.5234459]]}},{"type":"Feature","properties":{"id":"way/843174917","highway":"residential","maxspeed":"30 mph","maxweightrating:hgv":"7 st","name":"East 15th Street","oneway":"yes","tiger:cfcc":"A41","tiger:county":"Scott, IA","tiger:name_base":"15th","tiger:name_direction_prefix":"E","tiger:name_type":"St","tiger:reviewed":"no","tiger:zip_left":"52803","tiger:zip_right":"52803"},"geometry":{"type":"LineString","coordinates":[[-90.5697083,41.535101],[-90.5712118,41.5351072],[-90.5719116,41.5351099],[-90.5726406,41.5351158],[-90.5733559,41.5351198],[-90.574055,41.535125]]}},{"type":"Feature","properties":{"id":"way/843174918","highway":"residential","maxspeed":"25 mph","maxweightrating:hgv":"7 st","name":"Iowa Street","surface":"paving_stones","tiger:cfcc":"A41","tiger:county":"Scott, IA","tiger:name_base":"Iowa","tiger:name_type":"St","tiger:reviewed":"no","tiger:zip_left":"52803","tiger:zip_left_1":"52803","tiger:zip_right":"52803","tiger:zip_right_1":"52803"},"geometry":{"type":"LineString","coordinates":[[-90.5697083,41.535101],[-90.5697078,41.5356073],[-90.5697126,41.5360193],[-90.5697137,41.5361153]]}},{"type":"Feature","properties":{"id":"way/843174919","highway":"tertiary","maxspeed":"30 mph","maxweightrating:hgv":"7 st","name":"Kirkwood Boulevard","oneway":"yes","surface":"asphalt","tiger:cfcc":"A45","tiger:county":"Scott, IA","tiger:name_base":"Kirkwood","tiger:name_type":"Blvd","tiger:reviewed":"no"},"geometry":{"type":"LineString","coordinates":[[-90.5697137,41.5361153],[-90.5682422,41.5361154]]}},{"type":"Feature","properties":{"id":"way/843174920","highway":"residential","maxspeed":"25 mph","name":"Iowa Street","tiger:cfcc":"A41","tiger:county":"Scott, IA","tiger:name_base":"Iowa","tiger:name_type":"St","tiger:reviewed":"no","tiger:zip_left":"52803","tiger:zip_left_1":"52803","tiger:zip_right":"52803","tiger:zip_right_1":"52803"},"geometry":{"type":"LineString","coordinates":[[-90.5697096,41.538281],[-90.5697121,41.538727],[-90.5696985,41.539522],[-90.5696789,41.5407217]]}},{"type":"Feature","properties":{"id":"way/843174921","highway":"residential","maxspeed":"30 mph","maxweightrating:hgv":"7 st","name":"East 14th Street","oneway":"yes","tiger:cfcc":"A41","tiger:county":"Scott, IA","tiger:name_base":"14th","tiger:name_direction_prefix":"E","tiger:name_type":"St","tiger:reviewed":"no","tiger:zip_left":"52803","tiger:zip_right":"52803"},"geometry":{"type":"LineString","coordinates":[[-90.5682351,41.5340511],[-90.5675106,41.5340491],[-90.566754,41.534041],[-90.5649635,41.5340479],[-90.5625311,41.534027],[-90.561386,41.53402],[-90.560198,41.5340293]]}},{"type":"Feature","properties":{"id":"way/843174922","highway":"residential","maxspeed":"25 mph","name":"Leclaire Street","surface":"paving_stones","tiger:cfcc":"A41","tiger:county":"Scott, IA","tiger:name_base":"Leclaire","tiger:name_type":"St","tiger:reviewed":"no"},"geometry":{"type":"LineString","coordinates":[[-90.5682351,41.5340511],[-90.5682337,41.5345828],[-90.5682435,41.535103],[-90.5682419,41.5355642],[-90.5682437,41.5356052],[-90.5682496,41.535749],[-90.5682437,41.5360395],[-90.5682422,41.5361154]]}},{"type":"Feature","properties":{"id":"way/843174923","highway":"tertiary","maxspeed":"30 mph","maxweightrating:hgv":"7 st","name":"Kirkwood Boulevard","oneway":"yes","surface":"asphalt","tiger:cfcc":"A45","tiger:county":"Scott, IA","tiger:name_base":"Kirkwood","tiger:name_type":"Blvd","tiger:reviewed":"no"},"geometry":{"type":"LineString","coordinates":[[-90.5682422,41.5361154],[-90.566778,41.5361163],[-90.56509,41.5361302],[-90.5649693,41.5361312],[-90.5637758,41.5361333],[-90.5625412,41.5361393],[-90.5609732,41.5361285],[-90.5594327,41.5361318],[-90.5580859,41.5361346],[-90.55789,41.536135]]}},{"type":"Feature","properties":{"id":"way/843174924","highway":"residential","maxspeed":"25 mph","name":"Leclaire Street","tiger:cfcc":"A41","tiger:county":"Scott, IA","tiger:name_base":"Leclaire","tiger:name_type":"St","tiger:reviewed":"no"},"geometry":{"type":"LineString","coordinates":[[-90.5682422,41.5361154],[-90.5682412,41.5362311],[-90.5682432,41.5363358],[-90.5682513,41.5367526],[-90.5682556,41.5372732],[-90.5682502,41.5373633],[-90.5682342,41.5374206],[-90.5682182,41.5374714],[-90.5682058,41.5375622],[-90.5681896,41.5376266],[-90.5681612,41.5376819],[-90.5680523,41.5378263],[-90.5680255,41.5378763],[-90.5680163,41.5379351],[-90.5680201,41.5382815]]}},{"type":"Feature","properties":{"id":"way/843174925","highway":"residential","maxspeed":"30 mph","maxweightrating:hgv":"7 st","name":"East 15th Street","oneway":"yes","tiger:cfcc":"A41","tiger:county":"Scott, IA","tiger:name_base":"15th","tiger:name_direction_prefix":"E","tiger:name_type":"St","tiger:reviewed":"no","tiger:zip_left":"52803","tiger:zip_right":"52803"},"geometry":{"type":"LineString","coordinates":[[-90.5625427,41.535085],[-90.5649607,41.5350891],[-90.566767,41.535091],[-90.5675326,41.535089],[-90.5682435,41.535103],[-90.5697083,41.535101]]}},{"type":"Feature","properties":{"id":"way/843174926","highway":"residential","maxspeed":"25 mph","name":"Arlington Avenue","tiger:cfcc":"A41","tiger:county":"Scott, IA","tiger:name_base":"Arlington","tiger:name_type":"Ave","tiger:reviewed":"no","tiger:zip_left":"52803","tiger:zip_right":"52803"},"geometry":{"type":"LineString","coordinates":[[-90.5625427,41.535085],[-90.5625517,41.5356018],[-90.5625432,41.5360384],[-90.5625412,41.5361393],[-90.5625435,41.5362455],[-90.5625411,41.5363211],[-90.5625266,41.5367705],[-90.5625299,41.5372113],[-90.562527,41.5376607],[-90.5625256,41.5381039],[-90.5625251,41.5382778]]}},{"type":"Feature","properties":{"id":"way/843174927","highway":"residential","maxspeed":"25 mph","name":"Arlington Avenue","surface":"bricks","tiger:cfcc":"A41","tiger:county":"Scott, IA","tiger:name_base":"Arlington","tiger:name_type":"Ave","tiger:reviewed":"no","tiger:zip_left":"52803","tiger:zip_right":"52803"},"geometry":{"type":"LineString","coordinates":[[-90.5625318,41.532982],[-90.5625322,41.5334417],[-90.5625407,41.533512],[-90.5625311,41.534027],[-90.562534,41.5345564],[-90.5625427,41.535085]]}},{"type":"Feature","properties":{"id":"way/843174928","highway":"residential","maxspeed":"25 mph","name":"Arlington Avenue","tiger:cfcc":"A41","tiger:county":"Scott, IA","tiger:name_base":"Arlington","tiger:name_type":"Ave","tiger:reviewed":"no","tiger:zip_left":"52803","tiger:zip_right":"52803"},"geometry":{"type":"LineString","coordinates":[[-90.5625314,41.5328773],[-90.5625318,41.532982]]}},{"type":"Feature","properties":{"id":"way/843174929","highway":"residential","maxspeed":"25 mph","name":"East 10th Street","tiger:cfcc":"A41","tiger:county":"Scott, IA","tiger:name_base":"10th","tiger:name_direction_prefix":"E","tiger:name_type":"St","tiger:reviewed":"no","tiger:zip_left":"52803","tiger:zip_right":"52803"},"geometry":{"type":"LineString","coordinates":[[-90.5636884,41.5299111],[-90.5625197,41.5299229],[-90.5617877,41.5299281],[-90.5614797,41.5299254],[-90.5613098,41.5299245],[-90.5610553,41.5299239],[-90.5603308,41.5299237],[-90.560143,41.5299255],[-90.559375,41.5299245]]}},{"type":"Feature","properties":{"id":"way/843174930","highway":"residential","maxspeed":"25 mph","name":"Carey Avenue","tiger:cfcc":"A41","tiger:county":"Scott, IA","tiger:name_base":"Carey","tiger:name_type":"Ave","tiger:reviewed":"no","tiger:zip_left":"52803","tiger:zip_right":"52803"},"geometry":{"type":"LineString","coordinates":[[-90.560198,41.5340293],[-90.560169,41.5345502],[-90.56018,41.53506]]}},{"type":"Feature","properties":{"id":"way/843174931","highway":"residential","maxspeed":"30 mph","maxweightrating:hgv":"7 st","name":"East 14th Street","oneway":"yes","tiger:cfcc":"A41","tiger:county":"Scott, IA","tiger:name_base":"14th","tiger:name_direction_prefix":"E","tiger:name_type":"St","tiger:reviewed":"no","tiger:zip_left":"52803","tiger:zip_right":"52803"},"geometry":{"type":"LineString","coordinates":[[-90.560198,41.5340293],[-90.558695,41.534046],[-90.558534,41.534053],[-90.557895,41.534063]]}},{"type":"Feature","properties":{"id":"way/843174934","highway":"residential","maxspeed":"25 mph","name":"Prospect Drive"},"geometry":{"type":"LineString","coordinates":[[-90.5514025,41.5294199],[-90.551434,41.5293332],[-90.5514754,41.5292633]]}},{"type":"Feature","properties":{"id":"way/848056216","highway":"residential","maxspeed":"25 mph","name":"Adams Street","tiger:cfcc":"A41","tiger:county":"Scott, IA","tiger:name_base":"Adams","tiger:name_type":"St","tiger:reviewed":"no","tiger:zip_left":"52803","tiger:zip_right":"52803"},"geometry":{"type":"LineString","coordinates":[[-90.5523459,41.5337058],[-90.5523469,41.534236]]}},{"type":"Feature","properties":{"id":"way/848056219","highway":"residential","maxspeed":"25 mph","name":"Mississippi Avenue","surface":"paving_stones","tiger:cfcc":"A41","tiger:county":"Scott, IA","tiger:name_base":"Mississippi","tiger:name_type":"Ave","tiger:reviewed":"no","tiger:zip_left":"52803","tiger:zip_right":"52803"},"geometry":{"type":"LineString","coordinates":[[-90.553731,41.5347463],[-90.5537326,41.534853],[-90.5537391,41.5353022],[-90.5537368,41.5357316],[-90.5537516,41.5383337]]}},{"type":"Feature","properties":{"id":"way/848164400","highway":"service","service":"parking_aisle"},"geometry":{"type":"LineString","coordinates":[[-90.5601104,41.52929],[-90.5599028,41.5292915],[-90.5598336,41.5293298]]}},{"type":"Feature","properties":{"id":"way/849372459","highway":"residential","maxspeed":"25 mph","name":"Western Avenue","tiger:cfcc":"A41","tiger:county":"Scott, IA","tiger:name_base":"Western","tiger:name_type":"Ave","tiger:reviewed":"no"},"geometry":{"type":"LineString","coordinates":[[-90.5814621,41.5245716],[-90.5814665,41.5240691],[-90.5814706,41.5236181],[-90.5814714,41.5235281],[-90.5814724,41.5234217],[-90.5814767,41.5229785],[-90.5814801,41.5225124],[-90.5814809,41.5223997]]}},{"type":"Feature","properties":{"id":"way/849372460","highway":"residential","maxspeed":"25 mph","name":"Scott Street","surface":"paving_stones","tiger:cfcc":"A41","tiger:county":"Scott, IA","tiger:name_base":"Scott","tiger:name_type":"St","tiger:reviewed":"no","tiger:zip_left":"52803","tiger:zip_right":"52803"},"geometry":{"type":"LineString","coordinates":[[-90.5799038,41.5340561],[-90.5799065,41.5345806],[-90.5799103,41.5351002],[-90.579913,41.5356373],[-90.5799163,41.5361624]]}},{"type":"Feature","properties":{"id":"way/849372461","highway":"residential","maxspeed":"25 mph","name":"Scott Street","tiger:cfcc":"A41","tiger:county":"Scott, IA","tiger:name_base":"Scott","tiger:name_type":"St","tiger:reviewed":"no","tiger:zip_left":"52803","tiger:zip_right":"52803"},"geometry":{"type":"LineString","coordinates":[[-90.5798414,41.5361626],[-90.579846,41.5367106],[-90.5798489,41.5372273],[-90.5798462,41.5377537],[-90.5798542,41.538287]]}},{"type":"Feature","properties":{"id":"way/852986322","highway":"service","service":"parking_aisle"},"geometry":{"type":"LineString","coordinates":[[-90.5884614,41.5316337],[-90.5884544,41.5317253],[-90.5883819,41.5317902],[-90.5882695,41.5317966],[-90.5880477,41.5317892],[-90.5880416,41.5318807],[-90.5880392,41.5319158]]}},{"type":"Feature","properties":{"id":"way/862212877","highway":"service","service":"parking_aisle"},"geometry":{"type":"LineString","coordinates":[[-90.572797,41.5305638],[-90.572801,41.5307282],[-90.5728049,41.5308919],[-90.5728092,41.5310675],[-90.5732879,41.5310856]]}},{"type":"Feature","properties":{"id":"way/862212878","highway":"service","service":"parking_aisle"},"geometry":{"type":"LineString","coordinates":[[-90.5728049,41.5308919],[-90.5731149,41.5309029]]}},{"type":"Feature","properties":{"id":"way/862212879","highway":"service","service":"parking_aisle"},"geometry":{"type":"LineString","coordinates":[[-90.572801,41.5307282],[-90.573123,41.5307312]]}},{"type":"Feature","properties":{"id":"way/862212883","highway":"service","oneway":"yes","service":"parking_aisle"},"geometry":{"type":"LineString","coordinates":[[-90.5733547,41.5308915],[-90.5740303,41.5308935]]}},{"type":"Feature","properties":{"id":"way/862212886","highway":"service","service":"parking_aisle"},"geometry":{"type":"LineString","coordinates":[[-90.5752492,41.5268169],[-90.5752585,41.5263725]]}},{"type":"Feature","properties":{"id":"way/862212887","highway":"service","service":"parking_aisle"},"geometry":{"type":"LineString","coordinates":[[-90.5743703,41.5262769],[-90.5743676,41.5266978]]}},{"type":"Feature","properties":{"id":"way/862212888","highway":"service","service":"parking_aisle"},"geometry":{"type":"LineString","coordinates":[[-90.5752072,41.5305863],[-90.5752078,41.5305417],[-90.5752156,41.5300025],[-90.5752181,41.5299061],[-90.5752022,41.5298838],[-90.5751771,41.5298668],[-90.5751459,41.5298571],[-90.5751121,41.5298559],[-90.5750797,41.5298633],[-90.5750526,41.5298784],[-90.5750339,41.5298995],[-90.5750257,41.529924],[-90.5750285,41.5299474],[-90.5750409,41.529969],[-90.5750617,41.5299866],[-90.5750889,41.5299984],[-90.5751196,41.5300032],[-90.5752156,41.5300025]]}},{"type":"Feature","properties":{"id":"way/862212898","highway":"service"},"geometry":{"type":"LineString","coordinates":[[-90.5745923,41.5284344],[-90.5745935,41.5282255],[-90.5745939,41.5281622]]}},{"type":"Feature","properties":{"id":"way/862212899","highway":"service"},"geometry":{"type":"LineString","coordinates":[[-90.5746844,41.528163],[-90.5746852,41.5282262],[-90.5746931,41.5288182],[-90.5746941,41.5288886]]}},{"type":"Feature","properties":{"id":"way/862212900","highway":"service"},"geometry":{"type":"LineString","coordinates":[[-90.5753571,41.5294106],[-90.5753721,41.5292569],[-90.575385,41.5291958],[-90.5754086,41.5291499],[-90.575443,41.5291234],[-90.5754764,41.5291081],[-90.5754914,41.5291047],[-90.5755193,41.5290984],[-90.5755779,41.5290977]]}},{"type":"Feature","properties":{"id":"way/862212946","highway":"service"},"geometry":{"type":"LineString","coordinates":[[-90.5726162,41.5278424],[-90.5727577,41.5278419],[-90.573015,41.5278445]]}},{"type":"Feature","properties":{"id":"way/863398845","highway":"service","service":"alley"},"geometry":{"type":"LineString","coordinates":[[-90.5610573,41.545186],[-90.5604688,41.5451885],[-90.5598506,41.5451893]]}},{"type":"Feature","properties":{"id":"way/863398846","highway":"service","service":"alley"},"geometry":{"type":"LineString","coordinates":[[-90.5604688,41.5451885],[-90.5604859,41.5439057],[-90.5604951,41.5432981]]}},{"type":"Feature","properties":{"id":"way/869889457","highway":"service","name":"South Brady Street","surface":"asphalt","tiger:cfcc":"A41","tiger:county":"Scott, IA","tiger:name_base":"Brady","tiger:name_direction_prefix":"S","tiger:name_type":"St","tiger:reviewed":"no"},"geometry":{"type":"LineString","coordinates":[[-90.5741243,41.5201791],[-90.5741242,41.5201328],[-90.5741238,41.5200164]]}},{"type":"Feature","properties":{"id":"way/875209472","highway":"service"},"geometry":{"type":"LineString","coordinates":[[-90.552708,41.5101762],[-90.5527252,41.5100119],[-90.5527831,41.5094605],[-90.5526628,41.509382],[-90.5521061,41.5092662],[-90.5513837,41.5090525],[-90.5505157,41.5087956],[-90.5503379,41.508743],[-90.5502491,41.5086425],[-90.5500066,41.5084777],[-90.5491963,41.5083584],[-90.5485322,41.5082316],[-90.5482171,41.5081829],[-90.5480752,41.5081107],[-90.5475947,41.5080746]]}},{"type":"Feature","properties":{"id":"way/875209475","highway":"service"},"geometry":{"type":"LineString","coordinates":[[-90.5513183,41.509724],[-90.5512934,41.5099202],[-90.5512722,41.510087]]}},{"type":"Feature","properties":{"id":"way/875209476","highway":"service"},"geometry":{"type":"LineString","coordinates":[[-90.5512934,41.5099202],[-90.5527252,41.5100119]]}},{"type":"Feature","properties":{"id":"way/875218711","highway":"residential","name":"18th Street","tiger:cfcc":"A41","tiger:county":"Rock Island, IL","tiger:name_base":"18th","tiger:name_type":"St","tiger:reviewed":"no","tiger:zip_left":"61201","tiger:zip_right":"61201"},"geometry":{"type":"LineString","coordinates":[[-90.5746435,41.5121483],[-90.5746451,41.5116021],[-90.5746433,41.5114414],[-90.5746413,41.5112641],[-90.5746392,41.5110718]]}},{"type":"Feature","properties":{"id":"way/875218713","highway":"service","service":"parking_aisle"},"geometry":{"type":"LineString","coordinates":[[-90.5732154,41.5124262],[-90.5728241,41.5124239],[-90.5728223,41.512597],[-90.5732135,41.5125994],[-90.5732154,41.5124262]]}},{"type":"Feature","properties":{"id":"way/875218715","highway":"service"},"geometry":{"type":"LineString","coordinates":[[-90.5762304,41.5124971],[-90.5761272,41.5124059],[-90.5760388,41.512355],[-90.5760097,41.5122569],[-90.5760189,41.5121389]]}},{"type":"Feature","properties":{"id":"way/875218716","highway":"service"},"geometry":{"type":"LineString","coordinates":[[-90.5759456,41.5124717],[-90.5759646,41.5124054],[-90.5759912,41.5123744],[-90.5760388,41.512355]]}},{"type":"Feature","properties":{"id":"way/875218718","highway":"service"},"geometry":{"type":"LineString","coordinates":[[-90.5766241,41.5128288],[-90.5767925,41.512801]]}},{"type":"Feature","properties":{"id":"way/875218719","highway":"service"},"geometry":{"type":"LineString","coordinates":[[-90.576845,41.512975],[-90.5766396,41.5130086]]}},{"type":"Feature","properties":{"id":"way/875218720","highway":"service"},"geometry":{"type":"LineString","coordinates":[[-90.5767341,41.5126118],[-90.5765186,41.5126507]]}},{"type":"Feature","properties":{"id":"way/875218721","highway":"service"},"geometry":{"type":"LineString","coordinates":[[-90.5764048,41.5125088],[-90.5765017,41.5124851],[-90.57723,41.512355],[-90.5777617,41.5123173],[-90.5778719,41.5123021],[-90.5784491,41.5122016],[-90.5790335,41.512164],[-90.5790969,41.5121756],[-90.5791448,41.5122008],[-90.5791724,41.512242],[-90.579243,41.5124536],[-90.5790959,41.5124762]]}},{"type":"Feature","properties":{"id":"way/875218726","highway":"service"},"geometry":{"type":"LineString","coordinates":[[-90.5798176,41.5110724],[-90.5797421,41.5109247],[-90.5796183,41.5109583]]}},{"type":"Feature","properties":{"id":"way/875806866","highway":"service","service":"parking_aisle"},"geometry":{"type":"LineString","coordinates":[[-90.5806209,41.5100176],[-90.5805845,41.5099303],[-90.580547,41.5098403],[-90.5804357,41.509522]]}},{"type":"Feature","properties":{"id":"way/875806874","highway":"service","service":"parking_aisle"},"geometry":{"type":"LineString","coordinates":[[-90.5821433,41.5100201],[-90.5820204,41.510047],[-90.5817521,41.5101058]]}},{"type":"Feature","properties":{"id":"way/875806876","highway":"service"},"geometry":{"type":"LineString","coordinates":[[-90.5814863,41.5103977],[-90.5813031,41.5099552],[-90.581269,41.5098729]]}},{"type":"Feature","properties":{"id":"way/875806885","highway":"service","service":"parking_aisle"},"geometry":{"type":"LineString","coordinates":[[-90.5784349,41.5103174],[-90.5782976,41.5103478],[-90.5779815,41.510418],[-90.5778702,41.510146],[-90.5781897,41.5100746],[-90.5783281,41.5100436]]}},{"type":"Feature","properties":{"id":"way/875806886","highway":"service","service":"parking_aisle"},"geometry":{"type":"LineString","coordinates":[[-90.5782976,41.5103478],[-90.5781897,41.5100746]]}},{"type":"Feature","properties":{"id":"way/875806887","highway":"service","service":"parking_aisle"},"geometry":{"type":"LineString","coordinates":[[-90.5778702,41.510146],[-90.5777562,41.5101764],[-90.5776347,41.5102089]]}},{"type":"Feature","properties":{"id":"way/875806888","highway":"service","service":"parking_aisle"},"geometry":{"type":"LineString","coordinates":[[-90.5784349,41.5103174],[-90.5788036,41.5102378]]}},{"type":"Feature","properties":{"id":"way/875806889","highway":"service","service":"parking_aisle"},"geometry":{"type":"LineString","coordinates":[[-90.578367,41.5101431],[-90.5786205,41.5100869],[-90.5788774,41.5100299],[-90.578821,41.5098883],[-90.5783103,41.5099979]]}},{"type":"Feature","properties":{"id":"way/875806902","highway":"service","oneway":"yes","service":"parking_aisle"},"geometry":{"type":"LineString","coordinates":[[-90.5774647,41.5118626],[-90.5772655,41.5113464]]}},{"type":"Feature","properties":{"id":"way/875806903","highway":"service","oneway":"yes","service":"parking_aisle"},"geometry":{"type":"LineString","coordinates":[[-90.5774406,41.5113041],[-90.5776329,41.5118195]]}},{"type":"Feature","properties":{"id":"way/875806904","hgv":"designated","highway":"trunk","lanes":"2","maxspeed":"30 mph","name":"1st Avenue","oneway":"yes","ref":"IL 92","source:hgv":"https://gis-idot.opendata.arcgis.com/datasets/IDOT::designated-truck-routes-state-jurisdiction-truck-route/explore?location=40.542466%2C-88.991188%2C14.60;https://www.gettingaroundillinois.com/MapViewer/?config=DTRconfig.json","tiger:cfcc":"A31","tiger:county":"Rock Island, IL","tiger:name_base":"1st","tiger:name_type":"Ave","tiger:zip_left":"61201","tiger:zip_right":"61201"},"geometry":{"type":"LineString","coordinates":[[-90.5782662,41.5116591],[-90.5785108,41.511614],[-90.5786478,41.5115625],[-90.578789,41.511513],[-90.5789038,41.5114728],[-90.5790463,41.5114224],[-90.5791705,41.511377],[-90.5793029,41.5113327],[-90.5794385,41.5112967],[-90.5798632,41.5112017],[-90.5800067,41.51118],[-90.580146,41.5111588],[-90.5802932,41.51114],[-90.5804273,41.5111216],[-90.5805779,41.5111009],[-90.5807192,41.5110808],[-90.5810081,41.5110256],[-90.5811524,41.5109915],[-90.5812826,41.5109607],[-90.5814188,41.5109285]]}},{"type":"Feature","properties":{"id":"way/875806905","hgv":"designated","hgv:national_network":"yes","highway":"trunk","lanes":"2","maxspeed":"30 mph","name":"1st Avenue","oneway":"yes","ref":"IL 92","source:hgv:national_network":"Title 23: Highways Part 658 http://ecfr.gpoaccess.gov/cgi/t/text/text-idx?c=ecfr&rgn=div5&view=text&node=23:1.0.1.7.33&idno=23","tiger:cfcc":"A41","tiger:county":"Rock Island, IL","tiger:name_base":"1st","tiger:name_type":"Ave"},"geometry":{"type":"LineString","coordinates":[[-90.5786032,41.5114805],[-90.578456,41.5115341],[-90.5782662,41.5116591]]}},{"type":"Feature","properties":{"id":"way/875806906","hgv":"designated","hgv:national_network":"yes","highway":"primary","lanes":"2","maxspeed":"30 mph","name":"1st Avenue","oneway":"yes","ref":"IL 92","source:hgv:national_network":"Title 23: Highways Part 658 http://ecfr.gpoaccess.gov/cgi/t/text/text-idx?c=ecfr&rgn=div5&view=text&node=23:1.0.1.7.33&idno=23","tiger:cfcc":"A41","tiger:county":"Rock Island, IL","tiger:name_base":"1st","tiger:name_type":"Ave"},"geometry":{"type":"LineString","coordinates":[[-90.5718378,41.5120341],[-90.5716958,41.5120171],[-90.571654,41.5120139],[-90.5715064,41.5120038],[-90.5713535,41.5119898],[-90.5712141,41.5119777],[-90.5710719,41.5119677],[-90.5709217,41.5119536],[-90.5707903,41.5119395],[-90.5706347,41.5119195],[-90.5704926,41.5118994],[-90.570345,41.5118793],[-90.5702002,41.5118552],[-90.5700527,41.5118331],[-90.5698998,41.511807],[-90.5697737,41.5117789],[-90.5696342,41.5117548],[-90.5694921,41.5117206],[-90.5693553,41.5116925],[-90.5692158,41.5116563],[-90.569071,41.5116222],[-90.5689315,41.511586],[-90.568792,41.5115499],[-90.5686633,41.5115097],[-90.5685292,41.5114716],[-90.5683977,41.5114294],[-90.5682556,41.5113832],[-90.5681354,41.5113448],[-90.568007,41.5112967],[-90.567864,41.5112486],[-90.567746,41.5112044],[-90.5676145,41.5111502],[-90.5674928,41.5110953],[-90.567382,41.5110395],[-90.5672769,41.5109735],[-90.5671622,41.5108948],[-90.5670647,41.5108027],[-90.5669735,41.5107204],[-90.5669519,41.5106946]]}},{"type":"Feature","properties":{"id":"way/875806907","highway":"service","oneway":"yes","service":"parking_aisle"},"geometry":{"type":"LineString","coordinates":[[-90.577807,41.5117827],[-90.5776122,41.5112689]]}},{"type":"Feature","properties":{"id":"way/875806908","highway":"service","service":"parking_aisle"},"geometry":{"type":"LineString","coordinates":[[-90.5779743,41.5116188],[-90.5779245,41.5115],[-90.5781723,41.5114493]]}},{"type":"Feature","properties":{"id":"way/875806909","highway":"service","oneway":"yes","service":"parking_aisle"},"geometry":{"type":"LineString","coordinates":[[-90.5767424,41.5118032],[-90.5772454,41.5116985],[-90.5771648,41.5115114],[-90.5766617,41.5116194]]}},{"type":"Feature","properties":{"id":"way/875806910","highway":"service"},"geometry":{"type":"LineString","coordinates":[[-90.5762463,41.5121154],[-90.5762315,41.5119415],[-90.5762277,41.5118978],[-90.5762236,41.5118498],[-90.5762191,41.5117963],[-90.5762163,41.5117631]]}},{"type":"Feature","properties":{"id":"way/875806911","highway":"service","oneway":"yes","service":"drive-through"},"geometry":{"type":"LineString","coordinates":[[-90.5760287,41.5119546],[-90.5761184,41.5119534],[-90.5761672,41.5119528],[-90.5762315,41.5119415],[-90.5767526,41.5118288]]}},{"type":"Feature","properties":{"id":"way/875806912","highway":"service","oneway":"yes","service":"drive-through"},"geometry":{"type":"LineString","coordinates":[[-90.5760303,41.5119085],[-90.5761661,41.5119091],[-90.5762277,41.5118978],[-90.5767339,41.5117839]]}},{"type":"Feature","properties":{"id":"way/875806913","highway":"service","oneway":"yes","service":"drive-through"},"geometry":{"type":"LineString","coordinates":[[-90.5760308,41.5118621],[-90.5761649,41.5118636],[-90.5762236,41.5118498],[-90.5767141,41.5117388]]}},{"type":"Feature","properties":{"id":"way/875806914","highway":"service","oneway":"yes","service":"drive-through"},"geometry":{"type":"LineString","coordinates":[[-90.5760334,41.5118197],[-90.576159,41.5118094],[-90.5762191,41.5117963],[-90.5766942,41.5116933]]}},{"type":"Feature","properties":{"id":"way/875806915","highway":"service","service":"drive-through"},"geometry":{"type":"LineString","coordinates":[[-90.5760329,41.5117693],[-90.5761649,41.5117727],[-90.5762163,41.5117631],[-90.5766771,41.5116544]]}},{"type":"Feature","properties":{"id":"way/875806917","highway":"service","service":"parking_aisle"},"geometry":{"type":"LineString","coordinates":[[-90.5705626,41.5118336],[-90.5705626,41.5114287],[-90.57108,41.5114318],[-90.571203,41.5112415],[-90.5715476,41.5112461],[-90.5717121,41.5112476],[-90.571843,41.5112483]]}},{"type":"Feature","properties":{"id":"way/875806918","highway":"service","service":"parking_aisle"},"geometry":{"type":"LineString","coordinates":[[-90.571203,41.5112415],[-90.5704874,41.5112346],[-90.5704895,41.511431],[-90.5705626,41.5114287]]}},{"type":"Feature","properties":{"id":"way/875806919","highway":"service","service":"driveway"},"geometry":{"type":"LineString","coordinates":[[-90.5715476,41.5112461],[-90.5715434,41.5114333]]}},{"type":"Feature","properties":{"id":"way/875806920","highway":"service","oneway":"yes","service":"driveway"},"geometry":{"type":"LineString","coordinates":[[-90.5715434,41.5114333],[-90.571454,41.5115376],[-90.5714377,41.5115756],[-90.571453,41.511622],[-90.5714764,41.5116532],[-90.5715099,41.5116715],[-90.5715597,41.511673],[-90.5716156,41.511657],[-90.5716298,41.5116335],[-90.571639,41.5115916],[-90.571641,41.5115573],[-90.5715434,41.5114333]]}},{"type":"Feature","properties":{"id":"way/875806921","highway":"service","service":"parking_aisle"},"geometry":{"type":"LineString","coordinates":[[-90.5703827,41.5110057],[-90.5703805,41.5110965],[-90.5703778,41.5112334],[-90.5699308,41.5112305]]}},{"type":"Feature","properties":{"id":"way/875806922","highway":"service"},"geometry":{"type":"LineString","coordinates":[[-90.5703827,41.5110057],[-90.5702346,41.5110261],[-90.5698864,41.5110226],[-90.5698233,41.5109765],[-90.5698228,41.5108381],[-90.5698223,41.5106708],[-90.5698206,41.5104886]]}},{"type":"Feature","properties":{"id":"way/875806923","highway":"residential","lanes":"2","maxspeed":"30 mph","name":"23rd Street","surface":"bricks","tiger:cfcc":"A41","tiger:county":"Rock Island, IL","tiger:name_base":"23rd","tiger:name_type":"St","tiger:reviewed":"no","tiger:zip_left":"61201","tiger:zip_right":"61201"},"geometry":{"type":"LineString","coordinates":[[-90.5677663,41.5104597],[-90.5677723,41.5099218]]}},{"type":"Feature","properties":{"id":"way/875806924","highway":"service","service":"parking_aisle"},"geometry":{"type":"LineString","coordinates":[[-90.5698228,41.5108381],[-90.5704855,41.5108357],[-90.5705302,41.5108138],[-90.5705441,41.5107734],[-90.5705502,41.5104897]]}},{"type":"Feature","properties":{"id":"way/875806925","highway":"service","service":"parking_aisle"},"geometry":{"type":"LineString","coordinates":[[-90.5702498,41.5106731],[-90.5698223,41.5106708]]}},{"type":"Feature","properties":{"id":"way/876203292","highway":"service","service":"parking_aisle"},"geometry":{"type":"LineString","coordinates":[[-90.5672143,41.5104576],[-90.5672183,41.5099175]]}},{"type":"Feature","properties":{"id":"way/876203305","highway":"service","oneway":"yes","service":"parking_aisle"},"geometry":{"type":"LineString","coordinates":[[-90.5684284,41.5099282],[-90.5684186,41.5104684]]}},{"type":"Feature","properties":{"id":"way/876203322","highway":"service","service":"parking_aisle"},"geometry":{"type":"LineString","coordinates":[[-90.569861,41.5104896],[-90.569859,41.5103493],[-90.5698612,41.5101643],[-90.5703199,41.5101671],[-90.5703223,41.5103539],[-90.569859,41.5103493]]}},{"type":"Feature","properties":{"id":"way/876203324","highway":"service","service":"parking_aisle"},"geometry":{"type":"LineString","coordinates":[[-90.5707736,41.5104921],[-90.5707765,41.510667],[-90.57078,41.5108264],[-90.5715576,41.5108252],[-90.5715576,41.5106693],[-90.5715599,41.510492]]}},{"type":"Feature","properties":{"id":"way/876203325","highway":"service","service":"parking_aisle"},"geometry":{"type":"LineString","coordinates":[[-90.5715576,41.5106693],[-90.5707765,41.510667]]}},{"type":"Feature","properties":{"id":"way/876203326","highway":"service","service":"parking_aisle"},"geometry":{"type":"LineString","coordinates":[[-90.5711883,41.5104925],[-90.5711954,41.5101487],[-90.5712007,41.5099453]]}},{"type":"Feature","properties":{"id":"way/876203327","highway":"service","service":"parking_aisle"},"geometry":{"type":"LineString","coordinates":[[-90.5707332,41.5104911],[-90.5707377,41.5101465],[-90.5709595,41.5101475],[-90.5711954,41.5101487]]}},{"type":"Feature","properties":{"id":"way/876203328","highway":"service","service":"parking_aisle"},"geometry":{"type":"LineString","coordinates":[[-90.5709595,41.5101475],[-90.5709565,41.5104926]]}},{"type":"Feature","properties":{"id":"way/876203329","highway":"service","service":"parking_aisle"},"geometry":{"type":"LineString","coordinates":[[-90.5722104,41.5099463],[-90.5722134,41.5101172],[-90.5721729,41.5101654],[-90.5721729,41.5102086],[-90.5721729,41.5103478],[-90.5721729,41.5104728],[-90.5721729,41.5105581],[-90.5722109,41.5106355],[-90.5722088,41.5110426]]}},{"type":"Feature","properties":{"id":"way/876203330","highway":"service","service":"parking_aisle"},"geometry":{"type":"LineString","coordinates":[[-90.5723694,41.5103465],[-90.5721729,41.5103478]]}},{"type":"Feature","properties":{"id":"way/876203331","highway":"service"},"geometry":{"type":"LineString","coordinates":[[-90.5723771,41.5104748],[-90.5721729,41.5104728]]}},{"type":"Feature","properties":{"id":"way/876203332","highway":"service"},"geometry":{"type":"LineString","coordinates":[[-90.5723797,41.510208],[-90.5721729,41.5102086]]}},{"type":"Feature","properties":{"id":"way/876203337","highway":"service"},"geometry":{"type":"LineString","coordinates":[[-90.5732144,41.5115631],[-90.5729774,41.5115631],[-90.5729234,41.5115712],[-90.5728143,41.5115875],[-90.572753,41.5115871],[-90.572389,41.5115846],[-90.5721712,41.5115831],[-90.5720995,41.5115826]]}},{"type":"Feature","properties":{"id":"way/876203338","highway":"service","service":"parking_aisle"},"geometry":{"type":"LineString","coordinates":[[-90.572389,41.5115846],[-90.5723904,41.511694],[-90.572753,41.511694],[-90.572753,41.5115871]]}},{"type":"Feature","properties":{"id":"way/876203339","highway":"service","service":"parking_aisle"},"geometry":{"type":"LineString","coordinates":[[-90.5721712,41.5115831],[-90.5721686,41.5114078],[-90.5723591,41.5114082],[-90.572942,41.5114095],[-90.5729213,41.5114557],[-90.5729234,41.5115712]]}},{"type":"Feature","properties":{"id":"way/876203340","highway":"service","oneway":"yes","service":"parking_aisle"},"geometry":{"type":"LineString","coordinates":[[-90.572942,41.5114095],[-90.5729422,41.5112798],[-90.5729082,41.5112603],[-90.5723565,41.5112642],[-90.5723591,41.5114082]]}},{"type":"Feature","properties":{"id":"way/876203349","highway":"service","service":"parking_aisle"},"geometry":{"type":"LineString","coordinates":[[-90.5746433,41.5114414],[-90.5743333,41.5114389],[-90.5743389,41.5112616],[-90.5746413,41.5112641]]}},{"type":"Feature","properties":{"id":"way/876203350","highway":"service","service":"parking_aisle"},"geometry":{"type":"LineString","coordinates":[[-90.5741078,41.5116032],[-90.5741111,41.5114648]]}},{"type":"Feature","properties":{"id":"way/877282820","highway":"residential","maxspeed":"25 mph","name":"East Rusholme Street","surface":"asphalt"},"geometry":{"type":"LineString","coordinates":[[-90.5685018,41.5426114],[-90.567159,41.5426134]]}},{"type":"Feature","properties":{"id":"way/877282821","highway":"residential","maxspeed":"25 mph","name":"East Rusholme Street","surface":"bricks"},"geometry":{"type":"LineString","coordinates":[[-90.569551,41.542624],[-90.5694679,41.542613],[-90.5685018,41.5426114]]}},{"type":"Feature","properties":{"id":"way/877282822","highway":"service","service":"alley"},"geometry":{"type":"LineString","coordinates":[[-90.5722813,41.539766],[-90.5722952,41.5387212]]}},{"type":"Feature","properties":{"id":"way/877282836","highway":"service","service":"alley"},"geometry":{"type":"LineString","coordinates":[[-90.5618487,41.5400621],[-90.5618701,41.5392875],[-90.5618835,41.5387801]]}},{"type":"Feature","properties":{"id":"way/877605986","highway":"residential","maxspeed":"25 mph","name":"West 6th Street","surface":"asphalt"},"geometry":{"type":"LineString","coordinates":[[-90.574072,41.525716],[-90.5742457,41.5257171],[-90.5744193,41.5257181],[-90.5747732,41.5257202],[-90.5754297,41.5257242],[-90.575562,41.525725],[-90.575722,41.5257261],[-90.576306,41.52573],[-90.5769193,41.5257335],[-90.577017,41.525734],[-90.5771736,41.5257335],[-90.5784174,41.5257298],[-90.5785057,41.5257295],[-90.5785808,41.5257286],[-90.579973,41.525712],[-90.58017,41.525711],[-90.5814519,41.5257139],[-90.5829503,41.5256899],[-90.584434,41.52568],[-90.5850937,41.5256898],[-90.585514,41.525696],[-90.5858996,41.5256943],[-90.587286,41.525687],[-90.5874686,41.5256914]]}},{"type":"Feature","properties":{"id":"way/877605987","highway":"residential","junction":"roundabout"},"geometry":{"type":"LineString","coordinates":[[-90.5874815,41.5256753],[-90.5874686,41.5256914],[-90.5874585,41.525704],[-90.587449,41.5257367],[-90.587454,41.52577],[-90.587473,41.5258003],[-90.5875039,41.5258245],[-90.5875435,41.5258399],[-90.5875877,41.5258451],[-90.5876334,41.525839],[-90.5876738,41.5258218],[-90.5877043,41.5257956],[-90.5877214,41.5257633],[-90.5877232,41.5257286],[-90.5877094,41.5256954],[-90.5876962,41.525682],[-90.5876818,41.5256674],[-90.5876449,41.5256486],[-90.5876018,41.5256395],[-90.5875572,41.5256412],[-90.5875156,41.5256536],[-90.5874815,41.5256753]]}},{"type":"Feature","properties":{"id":"way/877617037","highway":"service","service":"alley"},"geometry":{"type":"LineString","coordinates":[[-90.5922256,41.5382668],[-90.5922141,41.538806]]}},{"type":"Feature","properties":{"id":"way/877937766","highway":"residential","maxspeed":"25 mph","name":"Bridge Avenue","tiger:cfcc":"A41","tiger:county":"Scott, IA","tiger:reviewed":"no"},"geometry":{"type":"LineString","coordinates":[[-90.557951,41.549675],[-90.5579487,41.5492224]]}},{"type":"Feature","properties":{"id":"way/877937767","highway":"trunk","name":"Brady Street","tiger:cfcc":"A41","tiger:county":"Scott, IA","tiger:name_base":"Brady","tiger:name_direction_prefix":"S","tiger:name_type":"St","tiger:reviewed":"no"},"geometry":{"type":"LineString","coordinates":[[-90.5741253,41.5202691],[-90.5741243,41.5201791]]}},{"type":"Feature","properties":{"id":"way/877946550","access":"private","highway":"service"},"geometry":{"type":"LineString","coordinates":[[-90.5585165,41.5192761],[-90.5585916,41.519246],[-90.5587257,41.5191617],[-90.5588652,41.5190673],[-90.5589159,41.519026],[-90.558943,41.5189689],[-90.558951,41.5188355]]}},{"type":"Feature","properties":{"id":"way/877985832","highway":"service","service":"alley"},"geometry":{"type":"LineString","coordinates":[[-90.5530288,41.5371852],[-90.5530451,41.5383396]]}},{"type":"Feature","properties":{"id":"way/877985835","highway":"service","service":"alley"},"geometry":{"type":"LineString","coordinates":[[-90.5508411,41.5388668],[-90.550844,41.5388869],[-90.550841,41.5392858]]}},{"type":"Feature","properties":{"id":"way/877985836","highway":"service","service":"alley","tiger:cfcc":"A41","tiger:county":"Scott, IA","tiger:reviewed":"no"},"geometry":{"type":"LineString","coordinates":[[-90.5501736,41.538873],[-90.5508411,41.5388668],[-90.551095,41.538684],[-90.5511333,41.5386357],[-90.5511498,41.5385846],[-90.5511548,41.5383431]]}},{"type":"Feature","properties":{"id":"way/878247542","highway":"service","service":"alley","tiger:cfcc":"A41","tiger:county":"Scott, IA","tiger:name_base":"Bob","tiger:name_type":"Ave","tiger:reviewed":"no","tiger:zip_left":"52803","tiger:zip_right":"52803"},"geometry":{"type":"LineString","coordinates":[[-90.5646407,41.529459],[-90.5637784,41.5294503],[-90.5635944,41.5294525],[-90.563507,41.5294536]]}},{"type":"Feature","properties":{"id":"way/878340422","highway":"service","service":"parking_aisle"},"geometry":{"type":"LineString","coordinates":[[-90.5814596,41.5248427],[-90.5812253,41.5248424],[-90.5802087,41.5248415],[-90.5801618,41.5249368],[-90.5801658,41.5249971],[-90.5802423,41.5250162],[-90.581224,41.5250071],[-90.5812253,41.5248424]]}},{"type":"Feature","properties":{"id":"way/878340423","highway":"service","service":"parking_aisle"},"geometry":{"type":"LineString","coordinates":[[-90.5794899,41.5246463],[-90.5794928,41.5248454],[-90.5794953,41.5250202],[-90.5787375,41.5250202],[-90.5787389,41.5248445],[-90.5794928,41.5248454]]}},{"type":"Feature","properties":{"id":"way/878340424","highway":"service","service":"parking_aisle"},"geometry":{"type":"LineString","coordinates":[[-90.5787389,41.5248445],[-90.5785145,41.5248515]]}},{"type":"Feature","properties":{"id":"way/878340425","highway":"service"},"geometry":{"type":"LineString","coordinates":[[-90.5790269,41.5243391],[-90.5787835,41.5243391],[-90.5785161,41.5243391]]}},{"type":"Feature","properties":{"id":"way/878340426","highway":"service","service":"parking_aisle"},"geometry":{"type":"LineString","coordinates":[[-90.5787835,41.5243391],[-90.5787843,41.5245044]]}},{"type":"Feature","properties":{"id":"way/878340427","highway":"service","service":"parking_aisle"},"geometry":{"type":"LineString","coordinates":[[-90.5774421,41.5241821],[-90.5773188,41.5241818],[-90.5770281,41.5241812]]}},{"type":"Feature","properties":{"id":"way/878340428","highway":"service","service":"parking_aisle"},"geometry":{"type":"LineString","coordinates":[[-90.5773188,41.5241818],[-90.5773158,41.52436],[-90.5773142,41.5244521]]}},{"type":"Feature","properties":{"id":"way/878340429","highway":"service","service":"parking_aisle"},"geometry":{"type":"LineString","coordinates":[[-90.5773158,41.52436],[-90.5774439,41.52436]]}},{"type":"Feature","properties":{"id":"way/878340430","highway":"service","service":"parking_aisle"},"geometry":{"type":"LineString","coordinates":[[-90.5785161,41.5243391],[-90.5783505,41.5243592]]}},{"type":"Feature","properties":{"id":"way/878340431","highway":"service","service":"parking_aisle"},"geometry":{"type":"LineString","coordinates":[[-90.5783485,41.5241634],[-90.5785165,41.5241616]]}},{"type":"Feature","properties":{"id":"way/878340432","highway":"service","service":"parking_aisle"},"geometry":{"type":"LineString","coordinates":[[-90.5775492,41.5243646],[-90.577551,41.5244703]]}},{"type":"Feature","properties":{"id":"way/878340433","highway":"residential","maxspeed":"25 mph","name":"East 5th Street","surface":"paved","tiger:cfcc":"A41","tiger:county":"Scott, IA","tiger:name_base":"5th","tiger:name_direction_prefix":"E","tiger:name_type":"St","tiger:reviewed":"no","tiger:zip_left":"52801","tiger:zip_right":"52801"},"geometry":{"type":"LineString","coordinates":[[-90.572625,41.524648],[-90.5724796,41.5246472],[-90.5712982,41.5246407],[-90.571176,41.52464]]}},{"type":"Feature","properties":{"id":"way/878345145","highway":"service","service":"alley"},"geometry":{"type":"LineString","coordinates":[[-90.5766017,41.5349013],[-90.5766015,41.5348538],[-90.5765975,41.53391],[-90.5765933,41.5329194]]}},{"type":"Feature","properties":{"id":"way/878405602","highway":"service","service":"driveway"},"geometry":{"type":"LineString","coordinates":[[-90.5915106,41.5310106],[-90.5920404,41.5310024],[-90.5920903,41.5309964],[-90.5922593,41.5309759],[-90.5924377,41.5309658],[-90.5925608,41.5309092],[-90.5925976,41.530857],[-90.5925906,41.5308049],[-90.5925671,41.5307489],[-90.5925186,41.530727],[-90.5922981,41.5306833],[-90.5922058,41.5307011],[-90.5920713,41.5307665],[-90.5920495,41.5308191],[-90.5920759,41.5309146],[-90.5920903,41.5309964]]}},{"type":"Feature","properties":{"id":"way/878405608","highway":"service","service":"driveway"},"geometry":{"type":"LineString","coordinates":[[-90.5881259,41.5288533],[-90.5881239,41.5282347],[-90.5880343,41.5281862]]}},{"type":"Feature","properties":{"id":"way/878664471","highway":"service"},"geometry":{"type":"LineString","coordinates":[[-90.5740554,41.5375243],[-90.5737178,41.5375235],[-90.573497,41.5375206],[-90.5731448,41.5375189],[-90.5730895,41.5375186]]}},{"type":"Feature","properties":{"id":"way/878664472","highway":"service","service":"alley"},"geometry":{"type":"LineString","coordinates":[[-90.575557,41.5353993],[-90.574713,41.5354099]]}},{"type":"Feature","properties":{"id":"way/878664473","highway":"residential","maxspeed":"25 mph","name":"West 16th Street","surface":"paving_stones","tiger:cfcc":"A41","tiger:county":"Scott, IA","tiger:name_base":"16th","tiger:name_direction_prefix":"W","tiger:name_type":"St","tiger:reviewed":"no","tiger:zip_left":"52803","tiger:zip_right":"52803"},"geometry":{"type":"LineString","coordinates":[[-90.5740737,41.5358959],[-90.5742519,41.5358958],[-90.5743929,41.5358958],[-90.5747254,41.5358957],[-90.5752667,41.5358922],[-90.5754014,41.5358913],[-90.5755581,41.5358903]]}},{"type":"Feature","properties":{"id":"way/878664474","highway":"service","service":"alley","tiger:cfcc":"A41","tiger:county":"Scott, IA","tiger:reviewed":"no"},"geometry":{"type":"LineString","coordinates":[[-90.5778316,41.5382781],[-90.5778332,41.5381113],[-90.5778352,41.5378983],[-90.5778388,41.5375021],[-90.57785,41.5361685]]}},{"type":"Feature","properties":{"id":"way/878664475","highway":"service","service":"alley","surface":"bricks","tiger:cfcc":"A41","tiger:county":"Scott, IA","tiger:reviewed":"no"},"geometry":{"type":"LineString","coordinates":[[-90.57785,41.5361685],[-90.57785,41.5351062],[-90.5778394,41.5340588]]}},{"type":"Feature","properties":{"id":"way/878664486","highway":"residential","maxspeed":"25 mph","name":"Arlington Court","tiger:cfcc":"A41","tiger:county":"Scott, IA","tiger:name_base":"Arlington","tiger:name_type":"Ct","tiger:reviewed":"no","tiger:zip_left":"52803","tiger:zip_right":"52803"},"geometry":{"type":"LineString","coordinates":[[-90.5625299,41.5372113],[-90.5621711,41.5372116]]}},{"type":"Feature","properties":{"id":"way/878664487","highway":"residential","maxspeed":"25 mph","name":"Arlington Court","oneway":"yes","tiger:cfcc":"A41","tiger:county":"Scott, IA","tiger:name_base":"Arlington","tiger:name_type":"Ct","tiger:reviewed":"no","tiger:zip_left":"52803","tiger:zip_right":"52803"},"geometry":{"type":"LineString","coordinates":[[-90.5621711,41.5372116],[-90.5621713,41.5371671],[-90.5617593,41.537166],[-90.5617591,41.5372074],[-90.5617589,41.5372536],[-90.5621709,41.5372547],[-90.5621711,41.5372116]]}},{"type":"Feature","properties":{"id":"way/878664494","highway":"service","service":"alley"},"geometry":{"type":"LineString","coordinates":[[-90.5558368,41.5375469],[-90.5558449,41.5376823],[-90.5558104,41.5377356],[-90.5551175,41.5377538]]}},{"type":"Feature","properties":{"id":"way/878933709","highway":"service","service":"driveway"},"geometry":{"type":"LineString","coordinates":[[-90.5527567,41.5492564],[-90.5527578,41.5491844],[-90.5527603,41.549024],[-90.552755,41.5489539],[-90.5527143,41.5488983],[-90.5526612,41.5488798],[-90.5525798,41.5488732],[-90.5519046,41.5488743],[-90.551787,41.5488745],[-90.5517499,41.5488864],[-90.5517216,41.5489089],[-90.5517003,41.5489433],[-90.5516957,41.5490287]]}},{"type":"Feature","properties":{"id":"way/878933710","highway":"service","service":"parking_aisle"},"geometry":{"type":"LineString","coordinates":[[-90.5534956,41.5468282],[-90.5531592,41.546832]]}},{"type":"Feature","properties":{"id":"way/878933711","highway":"service","service":"parking_aisle"},"geometry":{"type":"LineString","coordinates":[[-90.5534911,41.5474289],[-90.5532061,41.5474304]]}},{"type":"Feature","properties":{"id":"way/878933712","highway":"service","service":"parking_aisle"},"geometry":{"type":"LineString","coordinates":[[-90.5516522,41.5448749],[-90.5524073,41.5448759],[-90.5524541,41.544876]]}},{"type":"Feature","properties":{"id":"way/878933713","highway":"service","service":"parking_aisle"},"geometry":{"type":"LineString","coordinates":[[-90.552441,41.5447013],[-90.5524387,41.5446358],[-90.5524177,41.5446061],[-90.5523569,41.544579],[-90.5521806,41.5445362],[-90.5520709,41.5444855],[-90.5518643,41.5443352]]}},{"type":"Feature","properties":{"id":"way/878933714","highway":"service","service":"parking_aisle"},"geometry":{"type":"LineString","coordinates":[[-90.5538337,41.5475749],[-90.5538447,41.5474814],[-90.5538342,41.5473984],[-90.5538226,41.5472804],[-90.5538295,41.5471985],[-90.5538331,41.5471563],[-90.5538728,41.5469606],[-90.5539276,41.5468226],[-90.5539757,41.5467324],[-90.5540105,41.546667],[-90.554049,41.5465473],[-90.5540674,41.5464397],[-90.5540712,41.5464171],[-90.5540869,41.5463287]]}},{"type":"Feature","properties":{"id":"way/878933715","highway":"service","service":"parking_aisle"},"geometry":{"type":"LineString","coordinates":[[-90.5538155,41.5463446],[-90.5539241,41.5463595],[-90.5539942,41.5463892],[-90.5540674,41.5464397]]}},{"type":"Feature","properties":{"id":"way/878933716","highway":"service","service":"parking_aisle"},"geometry":{"type":"LineString","coordinates":[[-90.5537613,41.5492492],[-90.5537629,41.5493745],[-90.5537663,41.549648],[-90.5539052,41.5496471],[-90.5539029,41.5493728],[-90.5537629,41.5493745]]}},{"type":"Feature","properties":{"id":"way/878933747","highway":"service"},"geometry":{"type":"LineString","coordinates":[[-90.5542673,41.546761],[-90.5542876,41.5469651],[-90.5542997,41.5471458],[-90.5542756,41.547193],[-90.5542367,41.5472161],[-90.5541508,41.5472301],[-90.5540541,41.547229]]}},{"type":"Feature","properties":{"id":"way/884416907","highway":"service","service":"parking_aisle"},"geometry":{"type":"LineString","coordinates":[[-90.5951818,41.542283],[-90.5941136,41.5422824]]}},{"type":"Feature","properties":{"id":"way/884416908","highway":"service","service":"parking_aisle"},"geometry":{"type":"LineString","coordinates":[[-90.5951232,41.542788],[-90.5940911,41.5427849]]}},{"type":"Feature","properties":{"id":"way/884416909","highway":"service","surface":"asphalt"},"geometry":{"type":"LineString","coordinates":[[-90.5924836,41.5428256],[-90.5929373,41.5428296],[-90.5929925,41.5428301],[-90.5932487,41.5428324],[-90.5933073,41.5428507],[-90.5933838,41.5428745],[-90.593717,41.5428756]]}},{"type":"Feature","properties":{"id":"way/884416910","highway":"service","service":"parking_aisle"},"geometry":{"type":"LineString","coordinates":[[-90.5924442,41.5421268],[-90.5935037,41.5421238],[-90.593564,41.5422142],[-90.5935922,41.5422232],[-90.5937298,41.5422329]]}},{"type":"Feature","properties":{"id":"way/884416911","highway":"service","surface":"asphalt"},"geometry":{"type":"LineString","coordinates":[[-90.5932487,41.5428324],[-90.5932488,41.5426662],[-90.5932489,41.5424993],[-90.5932491,41.5423354]]}},{"type":"Feature","properties":{"id":"way/884416912","highway":"service","service":"parking_aisle"},"geometry":{"type":"LineString","coordinates":[[-90.5932489,41.5424993],[-90.5919539,41.5425007]]}},{"type":"Feature","properties":{"id":"way/884416913","highway":"service","service":"parking_aisle"},"geometry":{"type":"LineString","coordinates":[[-90.5919553,41.5426606],[-90.5932488,41.5426662]]}},{"type":"Feature","properties":{"id":"way/884416914","highway":"service","service":"parking_aisle"},"geometry":{"type":"LineString","coordinates":[[-90.5916628,41.5428269],[-90.5916619,41.542988],[-90.5920459,41.5429907],[-90.5920452,41.5429234],[-90.5920442,41.5428263]]}},{"type":"Feature","properties":{"id":"way/884416916","highway":"service","service":"parking_aisle"},"geometry":{"type":"LineString","coordinates":[[-90.5924754,41.5432854],[-90.5925339,41.5432857],[-90.5926503,41.5432864],[-90.5926605,41.542954],[-90.59288,41.542954]]}},{"type":"Feature","properties":{"id":"way/884416919","highway":"service","service":"driveway","surface":"asphalt"},"geometry":{"type":"LineString","coordinates":[[-90.5925159,41.5453078],[-90.5924103,41.5453087],[-90.5923716,41.5453052],[-90.5923479,41.5452964],[-90.5923368,41.5452922],[-90.5923099,41.5452711],[-90.5922941,41.5452445],[-90.5922914,41.5452154],[-90.5923019,41.5451874],[-90.5923221,41.5451656],[-90.5923502,41.5451495],[-90.5923837,41.5451407],[-90.5924191,41.54514],[-90.592453,41.5451476],[-90.5924822,41.5451627],[-90.5925037,41.5451838],[-90.5925154,41.5452088],[-90.5925163,41.5452353],[-90.5925159,41.5453078],[-90.5925153,41.5454468],[-90.592515,41.545514]]}},{"type":"Feature","properties":{"id":"way/884416920","highway":"service","service":"parking_aisle"},"geometry":{"type":"LineString","coordinates":[[-90.5950442,41.5444669],[-90.595081,41.5444665],[-90.5957981,41.5444589],[-90.5958954,41.5444841],[-90.595998,41.5445106],[-90.5960309,41.5445117],[-90.5961233,41.5445148]]}},{"type":"Feature","properties":{"id":"way/884416926","highway":"service","service":"parking_aisle"},"geometry":{"type":"LineString","coordinates":[[-90.591583,41.5442376],[-90.5915797,41.544756],[-90.5918182,41.5447568],[-90.5918215,41.5442066],[-90.5918223,41.5440819],[-90.591584,41.5440811],[-90.591583,41.5442376]]}},{"type":"Feature","properties":{"id":"way/884416927","highway":"service","service":"parking_aisle"},"geometry":{"type":"LineString","coordinates":[[-90.5923419,41.5442553],[-90.5923384,41.5448784]]}},{"type":"Feature","properties":{"id":"way/884416928","highway":"service","service":"parking_aisle"},"geometry":{"type":"LineString","coordinates":[[-90.5925509,41.5448787],[-90.5925648,41.5442581]]}},{"type":"Feature","properties":{"id":"way/884416929","highway":"service","service":"parking_aisle"},"geometry":{"type":"LineString","coordinates":[[-90.5927821,41.5442607],[-90.5927762,41.544879]]}},{"type":"Feature","properties":{"id":"way/884416930","highway":"service","service":"parking_aisle"},"geometry":{"type":"LineString","coordinates":[[-90.5930003,41.5448793],[-90.5930062,41.5442635]]}},{"type":"Feature","properties":{"id":"way/884416931","highway":"service","service":"parking_aisle"},"geometry":{"type":"LineString","coordinates":[[-90.5932222,41.5442662],[-90.5932128,41.5448797]]}},{"type":"Feature","properties":{"id":"way/884416932","highway":"service","service":"parking_aisle"},"geometry":{"type":"LineString","coordinates":[[-90.59382,41.544273],[-90.5938079,41.5448794]]}},{"type":"Feature","properties":{"id":"way/884416933","highway":"service","service":"parking_aisle","surface":"asphalt"},"geometry":{"type":"LineString","coordinates":[[-90.5940315,41.5448035],[-90.5940386,41.5442754]]}},{"type":"Feature","properties":{"id":"way/884416934","highway":"service","service":"parking_aisle"},"geometry":{"type":"LineString","coordinates":[[-90.5935876,41.5448797],[-90.5936004,41.5442706]]}},{"type":"Feature","properties":{"id":"way/884416935","highway":"service","service":"driveway"},"geometry":{"type":"LineString","coordinates":[[-90.5941994,41.5442769],[-90.5941071,41.5442004],[-90.5940394,41.5441803],[-90.5935993,41.5441794],[-90.5936004,41.5442706]]}},{"type":"Feature","properties":{"id":"way/884416936","highway":"service","service":"driveway"},"geometry":{"type":"LineString","coordinates":[[-90.5934074,41.5442685],[-90.5934086,41.5441846],[-90.5933829,41.544161],[-90.5933421,41.5441564],[-90.5933128,41.5441531],[-90.5931272,41.5441505],[-90.5930957,41.5441724],[-90.5930062,41.5442635]]}},{"type":"Feature","properties":{"id":"way/884416943","highway":"service","oneway":"yes"},"geometry":{"type":"LineString","coordinates":[[-90.5929373,41.5428296],[-90.5929388,41.5429524],[-90.5929603,41.5429931],[-90.5929889,41.5429545],[-90.5929896,41.542932],[-90.5929925,41.5428301]]}},{"type":"Feature","properties":{"id":"way/884416944","highway":"service"},"geometry":{"type":"LineString","coordinates":[[-90.5929603,41.5429931],[-90.5929574,41.5431192],[-90.5929554,41.5432841]]}},{"type":"Feature","properties":{"id":"way/884416945","highway":"service","service":"parking_aisle"},"geometry":{"type":"LineString","coordinates":[[-90.592743,41.5431149],[-90.5929574,41.5431192],[-90.5932425,41.5431225],[-90.5934028,41.5431243],[-90.5933991,41.543285],[-90.5933689,41.543285],[-90.5929554,41.5432841],[-90.5927454,41.5432836]]}},{"type":"Feature","properties":{"id":"way/884416946","highway":"service","service":"parking_aisle"},"geometry":{"type":"LineString","coordinates":[[-90.5934028,41.5431243],[-90.5934076,41.5429445]]}},{"type":"Feature","properties":{"id":"way/884416948","highway":"service","service":"parking_aisle"},"geometry":{"type":"LineString","coordinates":[[-90.5953386,41.5432335],[-90.5957951,41.5432354],[-90.5957872,41.5435138],[-90.5957861,41.5435501],[-90.5957777,41.5438445]]}},{"type":"Feature","properties":{"id":"way/884416949","highway":"service"},"geometry":{"type":"LineString","coordinates":[[-90.5957872,41.5435138],[-90.5956578,41.543511],[-90.5955917,41.5435232],[-90.5954824,41.5435555]]}},{"type":"Feature","properties":{"id":"way/884416950","highway":"service"},"geometry":{"type":"LineString","coordinates":[[-90.5953353,41.5430144],[-90.595575,41.543016],[-90.5958049,41.5430176]]}},{"type":"Feature","properties":{"id":"way/884416951","highway":"service","service":"parking_aisle"},"geometry":{"type":"LineString","coordinates":[[-90.595575,41.543016],[-90.5955827,41.5426483],[-90.5956698,41.5426493],[-90.5958124,41.542651],[-90.5958049,41.5430176]]}},{"type":"Feature","properties":{"id":"way/884416952","highway":"service"},"geometry":{"type":"LineString","coordinates":[[-90.5953406,41.54241],[-90.595434,41.5424118],[-90.5956686,41.5426089],[-90.5956698,41.5426493]]}},{"type":"Feature","properties":{"id":"way/884416953","highway":"service"},"geometry":{"type":"LineString","coordinates":[[-90.595434,41.5424118],[-90.5955039,41.5423474]]}},{"type":"Feature","properties":{"id":"way/884416954","highway":"service","service":"parking_aisle"},"geometry":{"type":"LineString","coordinates":[[-90.5953449,41.5421125],[-90.595946,41.5421163]]}},{"type":"Feature","properties":{"id":"way/884416957","highway":"service","service":"driveway"},"geometry":{"type":"LineString","coordinates":[[-90.5937166,41.5430864],[-90.5937191,41.5432307],[-90.5937628,41.5432644],[-90.593836,41.5432845],[-90.593935,41.5432874],[-90.5939581,41.5432874],[-90.5940853,41.5432874],[-90.594138,41.5432682],[-90.5941495,41.543224],[-90.5941521,41.543087]]}},{"type":"Feature","properties":{"id":"way/884416973","highway":"service"},"geometry":{"type":"LineString","coordinates":[[-90.5950923,41.5442121],[-90.5950922,41.5441698],[-90.5950957,41.5439165],[-90.5949025,41.543919]]}},{"type":"Feature","properties":{"id":"way/884417001","highway":"service","service":"parking_aisle","surface":"asphalt"},"geometry":{"type":"LineString","coordinates":[[-90.5920827,41.5442521],[-90.5920792,41.544878]]}},{"type":"Feature","properties":{"id":"way/885121619","highway":"tertiary","maxspeed":"30 mph","name":"20th Street","oneway":"yes","source":"Bing","tiger:cfcc":"A41","tiger:county":"Rock Island, IL","tiger:name_base":"20th","tiger:name_type":"St","tiger:reviewed":"no","tiger:zip_left":"61201","tiger:zip_right":"61201"},"geometry":{"type":"LineString","coordinates":[[-90.5718378,41.5120341],[-90.571843,41.5112483],[-90.5718527,41.5110398]]}},{"type":"Feature","properties":{"id":"way/885121620","highway":"residential","lit":"yes","maxspeed":"30 mph","name":"2nd Avenue","oneway":"no","surface":"concrete","tiger:cfcc":"A41","tiger:county":"Rock Island, IL","tiger:name_base":"2nd","tiger:name_type":"Ave","tiger:reviewed":"no","tiger:zip_left":"61201","tiger:zip_right":"61201"},"geometry":{"type":"LineString","coordinates":[[-90.5732266,41.5110505],[-90.5722088,41.5110426],[-90.5718527,41.5110398]]}},{"type":"Feature","properties":{"id":"way/885151299","hgv":"designated","hgv:national_network":"yes","highway":"primary","lanes":"2","maxspeed":"30 mph","name":"1st Avenue","oneway":"yes","ref":"IL 92","source:hgv:national_network":"Title 23: Highways Part 658 http://ecfr.gpoaccess.gov/cgi/t/text/text-idx?c=ecfr&rgn=div5&view=text&node=23:1.0.1.7.33&idno=23","tiger:cfcc":"A41","tiger:county":"Rock Island, IL","tiger:name_base":"1st","tiger:name_type":"Ave"},"geometry":{"type":"LineString","coordinates":[[-90.5723468,41.512107],[-90.5721838,41.5120681],[-90.5720785,41.5120585],[-90.5718378,41.5120341]]}},{"type":"Feature","properties":{"id":"way/885151300","highway":"tertiary","maxspeed":"30 mph","name":"20th Street","source":"Bing","tiger:cfcc":"A41","tiger:county":"Rock Island, IL","tiger:name_base":"20th","tiger:name_type":"St","tiger:reviewed":"no","tiger:zip_left":"61201","tiger:zip_right":"61201"},"geometry":{"type":"LineString","coordinates":[[-90.5718387,41.5121262],[-90.5718378,41.5120341]]}},{"type":"Feature","properties":{"id":"way/885151301","hgv":"designated","hgv:national_network":"yes","highway":"primary","lanes":"4","maxspeed":"30 mph","name":"1st Avenue","ref":"IL 92","source:hgv:national_network":"Title 23: Highways Part 658 http://ecfr.gpoaccess.gov/cgi/t/text/text-idx?c=ecfr&rgn=div5&view=text&node=23:1.0.1.7.33&idno=23","tiger:cfcc":"A41","tiger:county":"Rock Island, IL","tiger:name_base":"1st","tiger:name_type":"Ave"},"geometry":{"type":"LineString","coordinates":[[-90.5732094,41.5121272],[-90.5730648,41.5121243],[-90.5727446,41.5121144],[-90.5723468,41.512107]]}},{"type":"Feature","properties":{"id":"way/885151302","highway":"residential","name":"19th Street","tiger:cfcc":"A41","tiger:county":"Rock Island, IL","tiger:name_base":"19th","tiger:name_type":"St","tiger:reviewed":"no","tiger:zip_left":"61201","tiger:zip_right":"61201"},"geometry":{"type":"LineString","coordinates":[[-90.5732266,41.5110505],[-90.5732352,41.5099469]]}},{"type":"Feature","properties":{"id":"way/885160854","highway":"residential","name":"19th Street","tiger:cfcc":"A41","tiger:county":"Rock Island, IL","tiger:name_base":"19th","tiger:name_type":"St","tiger:reviewed":"no","tiger:zip_left":"61201","tiger:zip_right":"61201"},"geometry":{"type":"LineString","coordinates":[[-90.5732094,41.5121272],[-90.5732117,41.5118351],[-90.5732135,41.5116016],[-90.5732144,41.5115631],[-90.5732266,41.5110505]]}},{"type":"Feature","properties":{"id":"way/885160897","hgv":"designated","hgv:national_network":"yes","highway":"primary","lanes":"4","maxspeed":"30 mph","name":"1st Avenue","ref":"IL 92","source:hgv:national_network":"Title 23: Highways Part 658 http://ecfr.gpoaccess.gov/cgi/t/text/text-idx?c=ecfr&rgn=div5&view=text&node=23:1.0.1.7.33&idno=23","tiger:cfcc":"A41","tiger:county":"Rock Island, IL","tiger:name_base":"1st","tiger:name_type":"Ave"},"geometry":{"type":"LineString","coordinates":[[-90.5782662,41.5116591],[-90.5780752,41.5117186],[-90.5778944,41.5117643],[-90.577807,41.5117827],[-90.5776329,41.5118195],[-90.5774647,41.5118626],[-90.5772111,41.5119186],[-90.576823,41.5120054],[-90.5766858,41.512034],[-90.5765302,41.5120651],[-90.5764121,41.5120912],[-90.5762463,41.5121154],[-90.576199,41.5121223],[-90.5760189,41.5121389]]}},{"type":"Feature","properties":{"id":"way/885730448","access":"private","highway":"residential","maxspeed":"25 mph","name":"Rodman Avenue","tiger:cfcc":"A41","tiger:county":"Rock Island, IL","tiger:name_base":"Rodman","tiger:name_type":"Ave","tiger:reviewed":"no"},"geometry":{"type":"LineString","coordinates":[[-90.5648617,41.5171072],[-90.5645105,41.5171265],[-90.5644369,41.5171297],[-90.5636819,41.5171642],[-90.563398,41.5171722]]}},{"type":"Feature","properties":{"id":"way/885730449","access":"private","highway":"unclassified","maxspeed":"25 mph","name":"Rock Island Avenue","oneway":"no","tiger:cfcc":"A41","tiger:county":"Rock Island, IL","tiger:reviewed":"no"},"geometry":{"type":"LineString","coordinates":[[-90.5631632,41.5165765],[-90.5629757,41.516797],[-90.5628996,41.5168701],[-90.5628487,41.5169202],[-90.5627541,41.5170137]]}},{"type":"Feature","properties":{"id":"way/885730450","access":"private","highway":"unclassified","maxspeed":"25 mph","name":"Rock Island Avenue","oneway":"no","tiger:cfcc":"A41","tiger:county":"Rock Island, IL","tiger:reviewed":"no"},"geometry":{"type":"LineString","coordinates":[[-90.5627541,41.5170137],[-90.5627085,41.5170639],[-90.5626927,41.5170931],[-90.5626873,41.5171474],[-90.5626857,41.5172007]]}},{"type":"Feature","properties":{"id":"way/885730451","access":"private","highway":"residential","maxspeed":"25 mph","name":"Rodman Avenue","tiger:cfcc":"A41","tiger:county":"Rock Island, IL","tiger:name_base":"Rodman","tiger:name_type":"Ave","tiger:reviewed":"no"},"geometry":{"type":"LineString","coordinates":[[-90.563398,41.5171722],[-90.5632483,41.5171764],[-90.5628281,41.5171946],[-90.5626857,41.5172007],[-90.5624886,41.5172064],[-90.5623612,41.5172118],[-90.5617188,41.517244],[-90.561179,41.5172622],[-90.5598866,41.5173134],[-90.5588381,41.5173549],[-90.5586609,41.5173619],[-90.557643,41.5173995],[-90.5574969,41.5173998],[-90.5573412,41.5174157],[-90.5567277,41.5174387],[-90.5564918,41.5174475],[-90.5550139,41.5174958],[-90.5544323,41.5175081],[-90.5519715,41.5176115],[-90.5515342,41.5176261],[-90.5513128,41.5176274],[-90.5506378,41.5176531],[-90.5501773,41.5176707],[-90.5495159,41.517697],[-90.5491755,41.5177106],[-90.5489013,41.5177215],[-90.548549,41.5177402],[-90.5474633,41.517779],[-90.547227,41.5177666]]}},{"type":"Feature","properties":{"id":"way/885730452","access":"private","highway":"residential","maxspeed":"25 mph","name":"Gillespie Street","tiger:cfcc":"A41","tiger:county":"Rock Island, IL","tiger:name_base":"Gillespie","tiger:name_type":"Ave","tiger:reviewed":"no","tiger:zip_left":"61201","tiger:zip_right":"61201"},"geometry":{"type":"LineString","coordinates":[[-90.547227,41.5177666],[-90.5472078,41.5178654],[-90.5472976,41.5191214],[-90.5473045,41.5192034]]}},{"type":"Feature","properties":{"id":"way/885730453","access":"private","highway":"residential","maxspeed":"25 mph","name":"Beck Avenue","tiger:cfcc":"A41","tiger:county":"Rock Island, IL","tiger:name_base":"Beck","tiger:name_type":"Ave","tiger:reviewed":"no"},"geometry":{"type":"LineString","coordinates":[[-90.5470089,41.5140735],[-90.5468143,41.5141242],[-90.5466708,41.5141536],[-90.5465115,41.5141785],[-90.5463685,41.5141888],[-90.5462355,41.5141984],[-90.5457635,41.514219],[-90.5446176,41.5142645],[-90.5434807,41.5143097],[-90.5425473,41.5143456],[-90.5414489,41.5143879],[-90.5413665,41.51439],[-90.5412439,41.5144168],[-90.5411826,41.514437],[-90.5411131,41.5144728],[-90.5410746,41.5145073]]}},{"type":"Feature","properties":{"id":"way/885730454","access":"private","highway":"residential","maxspeed":"25 mph","name":"Rodman Avenue","tiger:cfcc":"A41","tiger:county":"Rock Island, IL","tiger:name_base":"Rodman","tiger:name_type":"Ave","tiger:reviewed":"no"},"geometry":{"type":"LineString","coordinates":[[-90.547227,41.5177666],[-90.5470133,41.5177554],[-90.5460476,41.5177917],[-90.5459249,41.5177964],[-90.5458838,41.5177979],[-90.5458491,41.5177992],[-90.5448058,41.5178369],[-90.5436304,41.5178802],[-90.5424764,41.5179224],[-90.5420309,41.5179387],[-90.5417418,41.5179493],[-90.5414206,41.517961],[-90.5411973,41.5179727]]}},{"type":"Feature","properties":{"id":"way/885730455","access":"private","highway":"tertiary","maxspeed":"30 mph","name":"East Avenue","tiger:cfcc":"A41","tiger:county":"Rock Island, IL","tiger:name_base":"East","tiger:name_type":"St","tiger:reviewed":"no"},"geometry":{"type":"LineString","coordinates":[[-90.5411973,41.5179727],[-90.5411924,41.5180792],[-90.5412248,41.5186053],[-90.5412447,41.5188568],[-90.5412791,41.5192902],[-90.5412889,41.5194248]]}},{"type":"Feature","properties":{"id":"way/885749759","alt_name":"North Gaines Street","highway":"secondary","maxspeed":"25 mph","name":"Gaines Street","tiger:cfcc":"A41","tiger:county":"Scott, IA","tiger:name_base":"Gaines","tiger:name_base_1":"Gaines","tiger:name_direction_prefix_1":"N","tiger:name_type":"St","tiger:name_type_1":"St","tiger:reviewed":"no","tiger:zip_left":"52802","tiger:zip_right":"52802"},"geometry":{"type":"LineString","coordinates":[[-90.583009,41.522111],[-90.5829997,41.5223114],[-90.5829959,41.5223941]]}},{"type":"Feature","properties":{"id":"way/885749760","highway":"tertiary","maxspeed":"25 mph","maxweight":"7 st","name":"West 3rd Street","oneway":"no","source:maxweight":"https://ecode360.com/39603137#39603137","tiger:cfcc":"A41","tiger:county":"Scott, IA","tiger:name_base":"3rd","tiger:name_direction_prefix":"W","tiger:name_type":"St","tiger:zip_left":"52802","tiger:zip_right":"52802"},"geometry":{"type":"LineString","coordinates":[[-90.5814809,41.5223997],[-90.5813367,41.5224002],[-90.5808198,41.5224022],[-90.5806006,41.522403],[-90.5803172,41.522404],[-90.5801056,41.5224048],[-90.5799898,41.5224052],[-90.5798494,41.5224066],[-90.5793235,41.5224117],[-90.5786387,41.5224183],[-90.5785244,41.5224195],[-90.5783726,41.5224192],[-90.5771758,41.5224164],[-90.5770458,41.5224161],[-90.5769161,41.5224166],[-90.5756958,41.522421],[-90.5755889,41.5224214]]}},{"type":"Feature","properties":{"id":"way/885749761","highway":"residential","maxspeed":"25 mph","name":"Western Avenue","tiger:cfcc":"A41","tiger:county":"Scott, IA","tiger:name_base":"Western","tiger:name_type":"Ave","tiger:reviewed":"no"},"geometry":{"type":"LineString","coordinates":[[-90.5814809,41.5223997],[-90.5814816,41.5223261],[-90.5814876,41.5216804],[-90.5814901,41.5214153],[-90.581491,41.521319]]}},{"type":"Feature","properties":{"id":"way/885749762","highway":"tertiary","maxspeed":"25 mph","name":"West 3rd Street","oneway":"no","tiger:cfcc":"A41","tiger:county":"Scott, IA","tiger:name_base":"3rd","tiger:name_direction_prefix":"W","tiger:name_type":"St","tiger:zip_left":"52802","tiger:zip_right":"52802"},"geometry":{"type":"LineString","coordinates":[[-90.5829959,41.5223941],[-90.5828606,41.5223946],[-90.5816492,41.5223991],[-90.5814809,41.5223997]]}},{"type":"Feature","properties":{"id":"way/886807095","hgv":"designated","hgv:national_network":"yes","highway":"trunk","lanes":"2","maxspeed":"30 mph","name":"1st Avenue","oneway":"yes","ref":"IL 92","source:hgv:national_network":"Title 23: Highways Part 658 http://ecfr.gpoaccess.gov/cgi/t/text/text-idx?c=ecfr&rgn=div5&view=text&node=23:1.0.1.7.33&idno=23","tiger:cfcc":"A41","tiger:county":"Rock Island, IL","tiger:name_base":"1st","tiger:name_type":"Ave"},"geometry":{"type":"LineString","coordinates":[[-90.5807319,41.510826],[-90.580625,41.5108472],[-90.5804776,41.5108822],[-90.5803335,41.510919],[-90.5801814,41.5109611],[-90.580065,41.5109934],[-90.5799241,41.5110372],[-90.5798176,41.5110724],[-90.5786032,41.5114805]]}},{"type":"Feature","properties":{"id":"way/886807096","NHS":"yes","highway":"trunk","lanes":"4","maxspeed":"35 mph","name":"West River Drive","oneway":"yes","ref":"US 67;US 61 Business","tiger:cfcc":"A21","tiger:county":"Scott, IA","tiger:name_base":"River","tiger:name_base_1":"United States Highway 61","tiger:name_direction_prefix":"W","tiger:name_type":"Dr","tiger:reviewed":"no","tiger:zip_left":"52802","tiger:zip_right":"52802"},"geometry":{"type":"LineString","coordinates":[[-90.5815105,41.5202822],[-90.5816628,41.5202803],[-90.5824767,41.52027],[-90.5829098,41.5202646],[-90.5830213,41.5202632],[-90.5831487,41.5202623],[-90.5844877,41.5202529]]}},{"type":"Feature","properties":{"id":"way/886807097","NHS":"yes","highway":"trunk","lanes":"3","maxspeed":"30 mph","name":"Western Avenue","note:lanes":"1 northbound, 2 southbound","ref":"US 67","tiger:cfcc":"A41","tiger:county":"Scott, IA","tiger:name_base":"Western","tiger:name_type":"Ave","tiger:reviewed":"no"},"geometry":{"type":"LineString","coordinates":[[-90.5815111,41.5201778],[-90.5815105,41.5202822]]}},{"type":"Feature","properties":{"id":"way/886807098","cycleway:both":"lane","highway":"tertiary","maxspeed":"25 mph","name":"Marquette Street","surface":"asphalt","tiger:cfcc":"A41","tiger:county":"Scott, IA","tiger:name_base":"Marquette","tiger:name_direction_prefix":"N","tiger:name_type":"St","tiger:reviewed":"no"},"geometry":{"type":"LineString","coordinates":[[-90.5909074,41.5199372],[-90.590892,41.52052],[-90.5908913,41.5212968]]}},{"type":"Feature","properties":{"id":"way/886807099","highway":"tertiary","lanes":"2","maxspeed":"25 mph","name":"West 2nd Street","surface":"asphalt","tiger:cfcc":"A41","tiger:county":"Scott, IA","tiger:name_base":"2nd","tiger:name_direction_prefix":"W","tiger:name_type":"St","tiger:reviewed":"no","tiger:zip_left":"52802","tiger:zip_right":"52802"},"geometry":{"type":"LineString","coordinates":[[-90.5908913,41.5212968],[-90.5912591,41.5212963],[-90.5915998,41.5212959],[-90.5917769,41.5212957],[-90.5919974,41.5212954],[-90.5931783,41.5213185]]}},{"type":"Feature","properties":{"id":"way/886893640","highway":"residential","name":"22nd Street","tiger:cfcc":"A41","tiger:county":"Rock Island, IL","tiger:name_base":"22nd","tiger:name_type":"St","tiger:reviewed":"no","tiger:zip_left":"61201","tiger:zip_right":"61201"},"geometry":{"type":"LineString","coordinates":[[-90.5691218,41.51049],[-90.5691336,41.509931],[-90.5691305,41.5093721],[-90.5691443,41.5088238]]}},{"type":"Feature","properties":{"id":"way/886919380","hgv":"designated","hgv:national_network":"yes","highway":"motorway","lanes":"2","name":"Centennial Expressway","oneway":"yes","ref":"IL 92","source:hgv:national_network":"Title 23: Highways Part 658 http://ecfr.gpoaccess.gov/cgi/t/text/text-idx?c=ecfr&rgn=div5&view=text&node=23:1.0.1.7.33&idno=23","tiger:cfcc":"A41","tiger:county":"Rock Island, IL","tiger:name_base":"Centennial","tiger:name_type":"Expy"},"geometry":{"type":"LineString","coordinates":[[-90.5825993,41.5104655],[-90.5824524,41.5104941],[-90.5821711,41.5105446]]}},{"type":"Feature","properties":{"id":"way/891596944","highway":"service","service":"parking_aisle"},"geometry":{"type":"LineString","coordinates":[[-90.5787863,41.5196129],[-90.5787769,41.5196541],[-90.578778,41.519711],[-90.5787813,41.5197564]]}},{"type":"Feature","properties":{"id":"way/891596948","highway":"service","service":"parking_aisle","surface":"paving_stones"},"geometry":{"type":"LineString","coordinates":[[-90.577064,41.5196991],[-90.5771956,41.5196885],[-90.5783278,41.5196074]]}},{"type":"Feature","properties":{"id":"way/891596979","highway":"service","service":"parking_aisle"},"geometry":{"type":"LineString","coordinates":[[-90.5837136,41.5190826],[-90.5835256,41.5191155],[-90.5833821,41.5191432],[-90.5832519,41.5191498],[-90.5830767,41.5191417]]}},{"type":"Feature","properties":{"id":"way/891596980","highway":"service","service":"parking_aisle"},"geometry":{"type":"LineString","coordinates":[[-90.5842461,41.5181915],[-90.5834695,41.5183374]]}},{"type":"Feature","properties":{"id":"way/891596981","highway":"service","service":"parking_aisle"},"geometry":{"type":"LineString","coordinates":[[-90.5843137,41.5183945],[-90.5835358,41.5185399]]}},{"type":"Feature","properties":{"id":"way/891596982","highway":"service","service":"parking_aisle"},"geometry":{"type":"LineString","coordinates":[[-90.5843753,41.5185796],[-90.5835975,41.5187282]]}},{"type":"Feature","properties":{"id":"way/891596983","highway":"service","service":"parking_aisle"},"geometry":{"type":"LineString","coordinates":[[-90.584438,41.5187678],[-90.5836554,41.5189051]]}},{"type":"Feature","properties":{"id":"way/891596984","highway":"service","service":"parking_aisle"},"geometry":{"type":"LineString","coordinates":[[-90.5841823,41.518],[-90.5841683,41.5179671],[-90.5841432,41.5179472],[-90.5840951,41.5179489],[-90.5835774,41.5180496],[-90.5835396,41.5180834],[-90.583533,41.5181078],[-90.5835311,41.5181349]]}},{"type":"Feature","properties":{"id":"way/891596986","highway":"service","service":"parking_aisle"},"geometry":{"type":"LineString","coordinates":[[-90.5834408,41.51825],[-90.5834104,41.5181614]]}},{"type":"Feature","properties":{"id":"way/891596988","highway":"service","service":"parking_aisle"},"geometry":{"type":"LineString","coordinates":[[-90.5835358,41.5185399],[-90.5834513,41.518555],[-90.5833749,41.5185642],[-90.5832308,41.5185622],[-90.5831776,41.5185622]]}},{"type":"Feature","properties":{"id":"way/891597001","highway":"service","oneway":"yes","service":"parking_aisle"},"geometry":{"type":"LineString","coordinates":[[-90.5875367,41.51736],[-90.5874929,41.5173313],[-90.5874345,41.5173094],[-90.5868693,41.5174176],[-90.5868354,41.5174482],[-90.5868204,41.5174925]]}},{"type":"Feature","properties":{"id":"way/891597005","highway":"service"},"geometry":{"type":"LineString","coordinates":[[-90.5909127,41.518382],[-90.5910288,41.5183846],[-90.59203,41.518407]]}},{"type":"Feature","properties":{"id":"way/891597009","highway":"service","surface":"asphalt"},"geometry":{"type":"LineString","coordinates":[[-90.5920324,41.5163393],[-90.5923699,41.5162286]]}},{"type":"Feature","properties":{"id":"way/891597010","highway":"service","service":"parking_aisle","surface":"asphalt"},"geometry":{"type":"LineString","coordinates":[[-90.5909325,41.516448],[-90.5910947,41.5164412],[-90.591775,41.5162306],[-90.5918521,41.5162154],[-90.5919565,41.516251],[-90.5920324,41.5163393]]}},{"type":"Feature","properties":{"id":"way/891597011","highway":"service"},"geometry":{"type":"LineString","coordinates":[[-90.5924718,41.5161139],[-90.5924761,41.5161223],[-90.5925077,41.516185]]}},{"type":"Feature","properties":{"id":"way/891597012","highway":"service","surface":"asphalt"},"geometry":{"type":"LineString","coordinates":[[-90.5923699,41.5162286],[-90.5925077,41.516185]]}},{"type":"Feature","properties":{"id":"way/891597013","highway":"service"},"geometry":{"type":"LineString","coordinates":[[-90.5923699,41.5162286],[-90.5924069,41.5162874],[-90.5924435,41.5163367],[-90.5925201,41.5163654],[-90.5926065,41.5163701],[-90.5927046,41.5163594],[-90.5928739,41.51631]]}},{"type":"Feature","properties":{"id":"way/891597014","highway":"service","service":"parking_aisle"},"geometry":{"type":"LineString","coordinates":[[-90.5928739,41.51631],[-90.5929024,41.5162927],[-90.5929104,41.516256],[-90.5929006,41.5162126],[-90.592815,41.5160572],[-90.5927937,41.5160352],[-90.5927518,41.5160372],[-90.5924761,41.5161223]]}},{"type":"Feature","properties":{"id":"way/891597015","highway":"service"},"geometry":{"type":"LineString","coordinates":[[-90.5925077,41.516185],[-90.5926065,41.5163701]]}},{"type":"Feature","properties":{"id":"way/891597035","highway":"service","surface":"asphalt"},"geometry":{"type":"LineString","coordinates":[[-90.5838694,41.5195341],[-90.5838674,41.5194733],[-90.5838124,41.5194317],[-90.5837347,41.5194109],[-90.5831514,41.5194064],[-90.583077,41.5194045]]}},{"type":"Feature","properties":{"id":"way/891597036","highway":"service","service":"parking_aisle"},"geometry":{"type":"LineString","coordinates":[[-90.5838767,41.5198476],[-90.5838824,41.5200081],[-90.5832919,41.5200122],[-90.5832899,41.5198475]]}},{"type":"Feature","properties":{"id":"way/891597037","highway":"service","service":"parking_aisle"},"geometry":{"type":"LineString","coordinates":[[-90.5838746,41.5196874],[-90.5832831,41.5196857],[-90.5832839,41.5195325],[-90.5838694,41.5195341]]}},{"type":"Feature","properties":{"id":"way/891597048","highway":"service","leisure":"slipway","service":"slipway"},"geometry":{"type":"LineString","coordinates":[[-90.575603,41.519483],[-90.5756003,41.519416],[-90.5755855,41.5190448],[-90.5755796,41.5188989]]}},{"type":"Feature","properties":{"id":"way/891597067","access":"permit","highway":"service","oneway":"no","service":"driveway","surface":"paved"},"geometry":{"type":"LineString","coordinates":[[-90.5726512,41.5199693],[-90.5727933,41.5199669],[-90.5728326,41.5199663]]}},{"type":"Feature","properties":{"id":"way/891597068","access":"permit","highway":"service","service":"parking_aisle","surface":"paving_stones"},"geometry":{"type":"LineString","coordinates":[[-90.5728326,41.5199663],[-90.5729039,41.520023],[-90.5729389,41.5200324],[-90.5738725,41.5200158],[-90.573905,41.5200108],[-90.5739313,41.5199955],[-90.5739423,41.5199764],[-90.5739435,41.5199469],[-90.5739411,41.5199168],[-90.5739304,41.5198957],[-90.5739008,41.519884],[-90.5738658,41.5198792],[-90.5729364,41.5198969],[-90.5729027,41.5199054],[-90.5728326,41.5199663]]}},{"type":"Feature","properties":{"id":"way/891597070","highway":"service","service":"parking_aisle"},"geometry":{"type":"LineString","coordinates":[[-90.5726512,41.5200452],[-90.5725368,41.5200481],[-90.5711755,41.5200818]]}},{"type":"Feature","properties":{"id":"way/891597071","highway":"service","service":"driveway","tiger:cfcc":"A41","tiger:county":"Scott, IA","tiger:reviewed":"no"},"geometry":{"type":"LineString","coordinates":[[-90.5711747,41.5202294],[-90.5711732,41.520181],[-90.571172,41.520142],[-90.5711755,41.5200818]]}},{"type":"Feature","properties":{"id":"way/891597077","highway":"service","service":"parking_aisle"},"geometry":{"type":"LineString","coordinates":[[-90.5726511,41.5205987],[-90.5727865,41.5205977],[-90.5729666,41.5205965],[-90.5737698,41.5205909],[-90.5738446,41.5205806],[-90.5738736,41.5205486],[-90.5738797,41.5205097],[-90.573866,41.5204628],[-90.5729941,41.5204571],[-90.5729666,41.5204926],[-90.5729666,41.5205371],[-90.5729666,41.5205965]]}},{"type":"Feature","properties":{"id":"way/891597083","highway":"service","service":"parking_aisle"},"geometry":{"type":"LineString","coordinates":[[-90.5790117,41.5203834],[-90.5787956,41.5203876],[-90.5787898,41.5207636]]}},{"type":"Feature","properties":{"id":"way/891597101","bridge":"yes","highway":"tertiary","lanes":"2","layer":"1","maxheight":"11'0\"","maxspeed":"25 mph","name":"Government Bridge","oneway":"no","ref":"US 6 Hist","sidewalk:both":"separate","surface":"paved"},"geometry":{"type":"LineString","coordinates":[[-90.5682073,41.5210225],[-90.5682905,41.5211256]]}},{"type":"Feature","properties":{"id":"way/896761438","highway":"tertiary","lanes":"2","maxspeed":"35 mph","name":"East 29th Street","tiger:cfcc":"A41","tiger:county":"Scott, IA","tiger:name_base":"29th","tiger:name_direction_prefix":"E","tiger:name_type":"St","tiger:reviewed":"no","tiger:zip_left":"52803","tiger:zip_right":"52803"},"geometry":{"type":"LineString","coordinates":[[-90.5568789,41.5492283],[-90.5563308,41.549233],[-90.5560288,41.549235],[-90.5558365,41.5492365],[-90.5557967,41.5492368],[-90.5555086,41.5492386],[-90.5537613,41.5492492],[-90.553489,41.5492508],[-90.5527567,41.5492564],[-90.5515622,41.5492642],[-90.551443,41.549265]]}},{"type":"Feature","properties":{"id":"way/896761439","cycleway:both":"shared_lane","highway":"tertiary","lanes":"2","maxspeed":"35 mph","maxweightrating:hgv":"7 st","name":"Jersey Ridge Road","tiger:cfcc":"A41","tiger:county":"Scott, IA","tiger:name_base":"Jersey Ridge","tiger:name_type":"Rd","tiger:reviewed":"no","tiger:zip_left":"52807","tiger:zip_right":"52804"},"geometry":{"type":"LineString","coordinates":[[-90.5418169,41.5442993],[-90.5418096,41.5452122],[-90.5417867,41.5470159],[-90.5417809,41.5476634],[-90.5417765,41.5483621],[-90.541777,41.5487578],[-90.5417685,41.5490347],[-90.5417685,41.5491806],[-90.5417605,41.5499276],[-90.5417507,41.5505467],[-90.5417501,41.5505824],[-90.5417499,41.5506719],[-90.5417492,41.5509736]]}},{"type":"Feature","properties":{"id":"way/896761440","cycleway:both":"lane","highway":"tertiary","lanes":"2","maxspeed":"30 mph","maxweightrating:hgv":"7 st","name":"Jersey Ridge Road","tiger:cfcc":"A41","tiger:county":"Scott, IA","tiger:name_base":"Jersey Ridge","tiger:name_type":"Rd","tiger:reviewed":"no","tiger:zip_left":"52807","tiger:zip_right":"52804"},"geometry":{"type":"LineString","coordinates":[[-90.5408868,41.5397249],[-90.541346,41.5403344],[-90.5416184,41.5406808],[-90.5416805,41.5407802],[-90.5417167,41.5408561],[-90.5417383,41.5409124],[-90.5417963,41.5411843],[-90.5418454,41.5414639],[-90.5418466,41.541541],[-90.5418404,41.5420595],[-90.5418271,41.542584],[-90.5418201,41.5437571],[-90.5418169,41.5442993]]}},{"type":"Feature","properties":{"id":"way/896783587","highway":"residential","maxspeed":"25 mph","name":"Washington Street","tiger:cfcc":"A41","tiger:county":"Scott, IA","tiger:name_base":"Washington","tiger:name_type":"St","tiger:reviewed":"no","tiger:zip_left":"52804","tiger:zip_right":"52804"},"geometry":{"type":"LineString","coordinates":[[-90.59608,41.545514],[-90.596071,41.545959],[-90.596063,41.546389],[-90.596054,41.546817],[-90.596046,41.547256],[-90.596038,41.547709],[-90.596032,41.548039],[-90.596028,41.548249],[-90.596021,41.548645],[-90.596006,41.54941],[-90.595997,41.549833],[-90.595989,41.550218],[-90.59598,41.550676],[-90.595976,41.550894],[-90.595967,41.551313],[-90.5959539,41.5517507],[-90.595947,41.551983],[-90.595936,41.552285]]}},{"type":"Feature","properties":{"id":"way/896783588","highway":"residential","lanes":"2","maxspeed":"30 mph","name":"Washington Street","tiger:cfcc":"A41","tiger:county":"Scott, IA","tiger:name_base":"Washington","tiger:name_type":"St","tiger:reviewed":"no","tiger:zip_left":"52804","tiger:zip_right":"52804"},"geometry":{"type":"LineString","coordinates":[[-90.5962487,41.5382614],[-90.5962455,41.5384505],[-90.5962385,41.5388685],[-90.5962099,41.5394604],[-90.596197,41.540075],[-90.596192,41.540673],[-90.596187,41.541268],[-90.5961683,41.5418809],[-90.5961671,41.5419343],[-90.596157,41.542362],[-90.596145,41.542785],[-90.5961299,41.5442226],[-90.5961233,41.5445148],[-90.5960827,41.545451],[-90.59608,41.545514]]}},{"type":"Feature","properties":{"id":"way/897174367","highway":"secondary","lanes":"4","maxspeed":"35 mph","name":"West Central Park Avenue","surface":"asphalt"},"geometry":{"type":"LineString","coordinates":[[-90.591233,41.545512],[-90.591352,41.5455122],[-90.592515,41.545514],[-90.593687,41.545505],[-90.5946387,41.545512],[-90.59498,41.54551],[-90.5955301,41.5455119],[-90.59556,41.545512],[-90.5960063,41.5455137],[-90.59608,41.545514],[-90.596768,41.545518],[-90.597364,41.545517],[-90.597916,41.545515],[-90.59853,41.545513],[-90.599134,41.545512],[-90.599731,41.54551]]}},{"type":"Feature","properties":{"id":"way/897309437","highway":"secondary","lanes":"4","maxspeed":"25 mph","maxweight":"7 st","name":"East Locust Street","source:maxweight":"https://ecode360.com/39603137#39603137","tiger:cfcc":"A41","tiger:county":"Scott, IA","tiger:name_base":"Locust","tiger:name_direction_prefix":"E","tiger:name_type":"St","tiger:reviewed":"no","tiger:zip_left":"52803","tiger:zip_right":"52803"},"geometry":{"type":"LineString","coordinates":[[-90.5740196,41.5382777],[-90.5730918,41.5382805],[-90.5727473,41.5382815],[-90.5718515,41.5382797],[-90.5711585,41.5382811],[-90.5708394,41.538279],[-90.5703582,41.5382763],[-90.5697096,41.538281],[-90.568994,41.5382825],[-90.5688279,41.5382826],[-90.5687459,41.5382827],[-90.568579,41.5382833]]}},{"type":"Feature","properties":{"id":"way/897309438","highway":"secondary","lanes":"4","maxspeed":"25 mph","name":"West Locust Street","ref":"US 6 Hist","tiger:cfcc":"A41","tiger:county":"Scott, IA","tiger:name_base":"Locust","tiger:name_direction_prefix":"W","tiger:name_type":"St","tiger:reviewed":"no","tiger:zip_left":"52804","tiger:zip_right":"52804"},"geometry":{"type":"LineString","coordinates":[[-90.5755797,41.5382695],[-90.5759077,41.5382704],[-90.5761026,41.538271],[-90.5764913,41.5382721],[-90.5767675,41.5382729],[-90.5770201,41.5382736],[-90.577157,41.538274],[-90.5772806,41.5382757],[-90.5774092,41.5382781],[-90.5777391,41.5382781],[-90.5778316,41.5382781],[-90.5784385,41.5382861],[-90.578524,41.5382867],[-90.5786335,41.5382867],[-90.5798542,41.538287],[-90.57992,41.5382868],[-90.5800059,41.5382865],[-90.5816794,41.5382815],[-90.5821568,41.5382801],[-90.5828303,41.5382781],[-90.5836726,41.5382752]]}},{"type":"Feature","properties":{"id":"way/897329709","highway":"residential","lanes":"2","maxspeed":"20 mph","name":"Ripley Street","surface":"paved"},"geometry":{"type":"LineString","coordinates":[[-90.5785032,41.5268002],[-90.5784963,41.5262817],[-90.5785057,41.5257295],[-90.5785127,41.525192],[-90.5785145,41.5248515],[-90.5785156,41.5246478]]}},{"type":"Feature","properties":{"id":"way/897329710","highway":"residential","lanes":"2","maxspeed":"25 mph","name":"Ripley Street"},"geometry":{"type":"LineString","coordinates":[[-90.5785158,41.5245258],[-90.5785159,41.524466],[-90.5785161,41.5243391],[-90.5785165,41.5241616],[-90.5785175,41.523633],[-90.5785177,41.523535]]}},{"type":"Feature","properties":{"id":"way/897329712","highway":"tertiary","lanes":"2","maxspeed":"25 mph","name":"Gaines Street","tiger:cfcc":"A41","tiger:county":"Scott, IA","tiger:name_base":"Gaines","tiger:name_direction_prefix":"N","tiger:name_type":"St","tiger:reviewed":"no","tiger:zip_left":"52804","tiger:zip_right":"52804"},"geometry":{"type":"LineString","coordinates":[[-90.582971,41.523518],[-90.5829701,41.5236078],[-90.5829647,41.524181],[-90.5829609,41.5245816],[-90.5829601,41.5246426]]}},{"type":"Feature","properties":{"id":"way/897329713","NHS":"yes","highway":"primary","lanes":"4","maxspeed":"40 mph","name":"East River Drive","ref":"US 67","tiger:cfcc":"A21","tiger:county":"Scott, IA","tiger:name_base":"River","tiger:name_base_1":"United States Highway 67","tiger:name_direction_prefix":"E","tiger:name_type":"Dr","tiger:reviewed":"no","tiger:zip_left":"52803","tiger:zip_right":"52803"},"geometry":{"type":"LineString","coordinates":[[-90.5456521,41.5300688],[-90.5454748,41.5300697],[-90.544638,41.530032],[-90.5440457,41.5299995],[-90.5436037,41.5299678],[-90.5431255,41.5299201],[-90.5425525,41.5298375],[-90.5404659,41.5294672],[-90.5398573,41.529318],[-90.5391782,41.5291206],[-90.5385982,41.52888],[-90.538509,41.528843],[-90.5382526,41.5287269],[-90.538149,41.52868],[-90.53737,41.528266],[-90.537345,41.528253],[-90.536038,41.527512],[-90.535668,41.527342],[-90.535164,41.52716],[-90.534765,41.527042],[-90.534301,41.526948],[-90.534031,41.526902],[-90.533104,41.526741],[-90.53302,41.526729]]}},{"type":"Feature","properties":{"id":"way/897329714","NHS":"yes","highway":"primary","lanes":"2","maxspeed":"40 mph","name":"East River Drive","oneway":"yes","ref":"US 67","tiger:cfcc":"A21","tiger:county":"Scott, IA","tiger:name_base":"River","tiger:name_base_1":"United States Highway 67","tiger:name_direction_prefix":"E","tiger:name_type":"Dr","tiger:reviewed":"no","tiger:zip_left":"52803","tiger:zip_right":"52803"},"geometry":{"type":"LineString","coordinates":[[-90.5495901,41.5289959],[-90.5494089,41.5290493],[-90.5490243,41.529271],[-90.5487998,41.5293761],[-90.5485329,41.52948],[-90.5483404,41.5295412],[-90.5478867,41.5296646],[-90.5471522,41.5298791],[-90.5469308,41.5299323],[-90.5467264,41.5299681],[-90.5466227,41.5299817],[-90.5464941,41.5299986],[-90.546377,41.5300111],[-90.546285,41.5300213],[-90.5461658,41.5300305],[-90.5459931,41.5300367],[-90.5458287,41.5300397],[-90.5456521,41.5300688]]}},{"type":"Feature","properties":{"id":"way/897329715","highway":"primary","lanes":"2","maxspeed":"40 mph","name":"East River Drive","oneway":"yes","ref":"US 67"},"geometry":{"type":"LineString","coordinates":[[-90.5456521,41.5300688],[-90.5458346,41.5301112],[-90.5460576,41.5301225],[-90.5462058,41.5301243],[-90.5463158,41.5301196],[-90.5463541,41.5301179],[-90.5464942,41.5301059],[-90.546674,41.530085],[-90.5468001,41.5300675],[-90.5469348,41.5300424],[-90.5469694,41.530036],[-90.5472347,41.5299732],[-90.5476399,41.5298606],[-90.5478175,41.5298088],[-90.5483602,41.5296513],[-90.5486463,41.5295463],[-90.5487795,41.5294961],[-90.5489411,41.5294215],[-90.5491748,41.5292921],[-90.5494025,41.5291567],[-90.5494858,41.5291065],[-90.5495901,41.5289959]]}},{"type":"Feature","properties":{"id":"way/897605138","cycleway:right":"lane","highway":"secondary","lanes":"3","maxspeed":"35 mph","name":"West 4th Street","oneway":"yes","tiger:cfcc":"A41","tiger:county":"Scott, IA","tiger:name_base":"4th","tiger:name_direction_prefix":"W","tiger:name_type":"St","tiger:zip_left":"52802","tiger:zip_right":"52802"},"geometry":{"type":"LineString","coordinates":[[-90.5909137,41.523474],[-90.5919914,41.5234687],[-90.5922393,41.5234665],[-90.592516,41.5234642],[-90.594352,41.5234615],[-90.5967642,41.5234519],[-90.5971183,41.5234512],[-90.5985024,41.5234505],[-90.599006,41.5234485],[-90.5994745,41.5234459],[-90.6006307,41.5234385],[-90.6007813,41.5234376],[-90.601196,41.5234349]]}},{"type":"Feature","properties":{"id":"way/897605142","highway":"tertiary","maxspeed":"25 mph","name":"West 3rd Street","oneway":"no","tiger:cfcc":"A41","tiger:county":"Scott, IA","tiger:name_base":"3rd","tiger:name_direction_prefix":"W","tiger:name_type":"St","tiger:zip_left":"52802","tiger:zip_right":"52802"},"geometry":{"type":"LineString","coordinates":[[-90.5844632,41.5224071],[-90.5837317,41.5224006],[-90.5833988,41.5223977],[-90.5831247,41.5223952],[-90.5829959,41.5223941]]}},{"type":"Feature","properties":{"id":"way/897605143","highway":"residential","maxspeed":"25 mph","name":"Myrtle Street","surface":"bricks","tiger:cfcc":"A41","tiger:county":"Scott, IA","tiger:name_base":"Myrtle","tiger:name_type":"St","tiger:reviewed":"no","tiger:zip_left":"52802","tiger:zip_right":"52802"},"geometry":{"type":"LineString","coordinates":[[-90.5891699,41.5223883],[-90.5891757,41.5229274],[-90.5891781,41.5234818]]}},{"type":"Feature","properties":{"id":"way/922890314","highway":"service","service":"alley"},"geometry":{"type":"LineString","coordinates":[[-90.5985687,41.5432766],[-90.5991994,41.5432755],[-90.599772,41.5432746]]}},{"type":"Feature","properties":{"id":"way/922890315","highway":"service","service":"alley"},"geometry":{"type":"LineString","coordinates":[[-90.5992194,41.542839],[-90.5992331,41.5423111]]}},{"type":"Feature","properties":{"id":"way/953590452","cycleway:both":"lane","highway":"tertiary","maxspeed":"35 mph","name":"Marquette Street","oneway":"no","tiger:cfcc":"A41","tiger:county":"Scott, IA","tiger:name_base":"Marquette","tiger:name_direction_prefix":"N","tiger:name_type":"St","tiger:reviewed":"no"},"geometry":{"type":"LineString","coordinates":[[-90.590885,41.5246346],[-90.590878,41.525156],[-90.59087,41.525669],[-90.590871,41.526225],[-90.5908723,41.5263878],[-90.5908716,41.5265422],[-90.590872,41.526772],[-90.590873,41.527282],[-90.590874,41.527811],[-90.590875,41.528587],[-90.59089,41.528629],[-90.590967,41.528847],[-90.5911156,41.5291049],[-90.591277,41.529385],[-90.591306,41.52944],[-90.59147,41.529749],[-90.5915264,41.5299073],[-90.591531,41.529999],[-90.591511,41.530388],[-90.591512,41.530937],[-90.5915106,41.5310106],[-90.591499,41.531633],[-90.591481,41.53266],[-90.591475,41.532979],[-90.591471,41.533185],[-90.591464,41.533719],[-90.591462,41.534025]]}},{"type":"Feature","properties":{"id":"way/953600357","highway":"service"},"geometry":{"type":"LineString","coordinates":[[-90.564639,41.5132939],[-90.5645496,41.5132763],[-90.5645096,41.5132826],[-90.5644779,41.5133],[-90.5643177,41.5135071],[-90.564313,41.5135329],[-90.5643345,41.5135532],[-90.56441,41.5135878]]}},{"type":"Feature","properties":{"id":"way/953600358","access":"private","highway":"service","name":"Beck Avenue","oneway":"yes"},"geometry":{"type":"LineString","coordinates":[[-90.5636624,41.5144452],[-90.5638018,41.5144469],[-90.5638829,41.5144395],[-90.5639201,41.5144452],[-90.563938,41.514448],[-90.5640211,41.5144859]]}},{"type":"Feature","properties":{"id":"way/953600377","highway":"residential","maxspeed":"25 mph","name":"Leclaire Street","tiger:cfcc":"A41","tiger:county":"Scott, IA","tiger:name_base":"Leclaire","tiger:name_type":"St","tiger:reviewed":"no","tiger:zip_left":"52803","tiger:zip_right":"52803"},"geometry":{"type":"LineString","coordinates":[[-90.5682537,41.5234988],[-90.5682446,41.5236005],[-90.5681971,41.5241324]]}},{"type":"Feature","properties":{"id":"way/975492452","access":"no","highway":"service","name":"23rd Street"},"geometry":{"type":"LineString","coordinates":[[-90.5677663,41.5104597],[-90.5677663,41.5104721],[-90.5677673,41.5109079]]}},{"type":"Feature","properties":{"id":"way/981025213","highway":"service","service":"alley"},"geometry":{"type":"LineString","coordinates":[[-90.57136,41.5387221],[-90.5713353,41.5397743]]}},{"type":"Feature","properties":{"id":"way/987174624","highway":"service","service":"parking_aisle"},"geometry":{"type":"LineString","coordinates":[[-90.5739377,41.5105832],[-90.5746573,41.5105903]]}},{"type":"Feature","properties":{"id":"way/987174634","highway":"service","service":"parking_aisle"},"geometry":{"type":"LineString","coordinates":[[-90.5741822,41.5101725],[-90.5739447,41.5101701]]}},{"type":"Feature","properties":{"id":"way/987174635","highway":"service","service":"parking_aisle"},"geometry":{"type":"LineString","coordinates":[[-90.5734122,41.5103968],[-90.5739408,41.5104]]}},{"type":"Feature","properties":{"id":"way/987174655","highway":"service","service":"parking_aisle"},"geometry":{"type":"LineString","coordinates":[[-90.5760495,41.5101732],[-90.575553,41.5101705],[-90.575546,41.5104749]]}},{"type":"Feature","properties":{"id":"way/987186661","NHS":"yes","hgv":"designated","highway":"primary","lanes":"2","maxspeed":"30 mph","name":"15th Street","oneway":"yes","ref":"US 67","source:hgv":"https://gis-idot.opendata.arcgis.com/datasets/IDOT::designated-truck-routes-state-jurisdiction-truck-route/explore?location=40.542466%2C-88.991188%2C14.60;https://www.gettingaroundillinois.com/MapViewer/?config=DTRconfig.json","tiger:cfcc":"A21","tiger:county":"Rock Island, IL","tiger:name_base":"15th","tiger:name_type":"St","tiger:reviewed":"no"},"geometry":{"type":"LineString","coordinates":[[-90.5794707,41.5107885],[-90.5793792,41.5106943]]}},{"type":"Feature","properties":{"id":"way/987186662","NHS":"yes","hgv":"designated","highway":"primary","lanes":"2","maxspeed":"30 mph","name":"15th Street","oneway":"yes","ref":"US 67","source:hgv":"https://gis-idot.opendata.arcgis.com/datasets/IDOT::designated-truck-routes-state-jurisdiction-truck-route/explore?location=40.542466%2C-88.991188%2C14.60;https://www.gettingaroundillinois.com/MapViewer/?config=DTRconfig.json","tiger:cfcc":"A21","tiger:county":"Rock Island, IL","tiger:name_base":"15th","tiger:name_type":"St","tiger:reviewed":"no"},"geometry":{"type":"LineString","coordinates":[[-90.5793792,41.5106943],[-90.5793801,41.510753]]}},{"type":"Feature","properties":{"id":"way/987186689","highway":"service","service":"alley","tiger:cfcc":"A41","tiger:county":"Rock Island, IL","tiger:reviewed":"no","tiger:zip_left":"61201","tiger:zip_right":"61201"},"geometry":{"type":"LineString","coordinates":[[-90.5822284,41.510225],[-90.5835506,41.5099364],[-90.5836172,41.5098919]]}},{"type":"Feature","properties":{"id":"way/1013545526","golf":"cartpath","golf_cart":"designated","highway":"service"},"geometry":{"type":"LineString","coordinates":[[-90.5412041,41.5205878],[-90.5412281,41.5212184],[-90.5411154,41.5212204],[-90.5408365,41.5211883],[-90.540579,41.5211441],[-90.540402,41.521116],[-90.5402357,41.5210839],[-90.5401498,41.5210477],[-90.5400533,41.5210035],[-90.5399835,41.5209353],[-90.5399621,41.520867]]}},{"type":"Feature","properties":{"id":"way/1013545531","golf":"cartpath","golf_cart":"designated","highway":"service"},"geometry":{"type":"LineString","coordinates":[[-90.5440343,41.5214288],[-90.543948,41.5214149],[-90.5438433,41.5213688],[-90.5437693,41.5213319],[-90.5437486,41.5213112],[-90.5436769,41.5212396],[-90.5436646,41.5211289],[-90.5436584,41.5209351],[-90.5436954,41.5208567],[-90.5436707,41.5207321],[-90.5436342,41.5206001],[-90.5435366,41.5203687],[-90.5435001,41.5202592],[-90.543496,41.5201891],[-90.5435448,41.5201496],[-90.5436505,41.5201161],[-90.5437155,41.5200826],[-90.5437521,41.5200369],[-90.5437643,41.519903],[-90.5437521,41.519833],[-90.5436911,41.519766],[-90.543622,41.5197386],[-90.5435041,41.5197386],[-90.5433049,41.5197417],[-90.5432033,41.5197478],[-90.5431342,41.5197752],[-90.5430772,41.5198178]]}},{"type":"Feature","properties":{"id":"way/1013545532","golf":"cartpath","golf_cart":"designated","highway":"service"},"geometry":{"type":"LineString","coordinates":[[-90.5437941,41.521508],[-90.543748,41.5214524],[-90.5436993,41.5213945],[-90.5436952,41.5213549],[-90.5437486,41.5213112]]}},{"type":"Feature","properties":{"id":"way/1013545547","golf":"cartpath","golf_cart":"designated","highway":"service"},"geometry":{"type":"LineString","coordinates":[[-90.5473059,41.5229136],[-90.5471565,41.5228996],[-90.5470584,41.5228996],[-90.546951,41.5228821],[-90.5468109,41.5228576],[-90.5467081,41.5228471],[-90.546498,41.5228506]]}},{"type":"Feature","properties":{"id":"way/1013545553","golf":"cartpath","golf_cart":"designated","highway":"service"},"geometry":{"type":"LineString","coordinates":[[-90.5436677,41.5230139],[-90.5436146,41.5230025],[-90.5435615,41.5229926],[-90.5435236,41.5229755],[-90.5435046,41.5229485],[-90.5435065,41.522923],[-90.5435236,41.5229059],[-90.5435672,41.5228818],[-90.5436298,41.522869],[-90.5437297,41.5228739],[-90.5438062,41.522879],[-90.5438896,41.5228804],[-90.5439636,41.5228804],[-90.5440034,41.5228605],[-90.5440167,41.5228335],[-90.5440034,41.5228094],[-90.5439807,41.5227924],[-90.5439276,41.5227938],[-90.5438574,41.5228137],[-90.54381,41.5228349],[-90.5437739,41.5228463],[-90.5437297,41.5228739]]}},{"type":"Feature","properties":{"id":"way/1013545589","golf":"cartpath","golf_cart":"designated","highway":"service"},"geometry":{"type":"LineString","coordinates":[[-90.5473142,41.5226924],[-90.5473088,41.5226335],[-90.5473114,41.5225633],[-90.5473328,41.5224931],[-90.5472987,41.5220186],[-90.5472875,41.5219887],[-90.5472806,41.5219704],[-90.5472262,41.5218877],[-90.5471899,41.521821],[-90.5471618,41.5217741],[-90.5471602,41.5216852],[-90.5471932,41.5215321],[-90.5472097,41.5214395],[-90.5472558,41.5213728],[-90.5472803,41.5213677],[-90.5473498,41.521353]]}},{"type":"Feature","properties":{"id":"way/1022430035","alt_name":"Arsenal Bridge","bridge":"movable","bridge:movable":"swing","highway":"tertiary","lanes":"2","layer":"1","maxheight":"11'0\"","maxspeed":"25 mph","name":"Government Bridge","surface":"paved","tiger:cfcc":"A41","tiger:county":"Rock Island, IL","wikidata":"Q1540442"},"geometry":{"type":"LineString","coordinates":[[-90.5656141,41.5171859],[-90.5662266,41.5180935]]}},{"type":"Feature","properties":{"id":"way/1023728894","highway":"residential","maxspeed":"25 mph","name":"Brown Street","tiger:cfcc":"A41","tiger:county":"Scott, IA","tiger:name_base":"Brown","tiger:name_type":"St","tiger:reviewed":"no","tiger:zip_left":"52804","tiger:zip_right":"52804"},"geometry":{"type":"LineString","coordinates":[[-90.584418,41.526781],[-90.584406,41.527313],[-90.584391,41.527819],[-90.584381,41.528338],[-90.584385,41.528839]]}},{"type":"Feature","properties":{"id":"way/1023728895","highway":"residential","maxspeed":"25 mph","name":"Brown Street","oneway":"yes","tiger:cfcc":"A41","tiger:county":"Scott, IA","tiger:name_base":"Brown","tiger:name_type":"St","tiger:reviewed":"no","tiger:zip_left":"52804","tiger:zip_right":"52804"},"geometry":{"type":"LineString","coordinates":[[-90.584394,41.530946],[-90.5844004,41.5302986],[-90.5843949,41.5297352],[-90.5843918,41.5294224],[-90.5843911,41.5293627],[-90.584385,41.528839]]}},{"type":"Feature","properties":{"id":"way/1085255909","highway":"service","service":"parking_aisle"},"geometry":{"type":"LineString","coordinates":[[-90.5807256,41.5235311],[-90.5807243,41.5234273],[-90.5807233,41.5233449],[-90.5809031,41.5233449]]}},{"type":"Feature","properties":{"id":"way/1085255910","highway":"service","oneway":"yes","service":"parking_aisle"},"geometry":{"type":"LineString","coordinates":[[-90.5809031,41.5233449],[-90.5809007,41.5231333],[-90.5808412,41.5231089],[-90.5808412,41.5230372],[-90.5806801,41.5230386]]}},{"type":"Feature","properties":{"id":"way/1085255911","highway":"service","service":"parking_aisle"},"geometry":{"type":"LineString","coordinates":[[-90.5804582,41.523309],[-90.5805084,41.5233457],[-90.5806871,41.523345],[-90.5807233,41.5233449]]}},{"type":"Feature","properties":{"id":"way/1085311467","highway":"service","service":"parking_aisle"},"geometry":{"type":"LineString","coordinates":[[-90.5735626,41.5233292],[-90.5735638,41.5232178]]}},{"type":"Feature","properties":{"id":"way/1085600236","highway":"service","oneway":"yes"},"geometry":{"type":"LineString","coordinates":[[-90.5497906,41.5389108],[-90.5497726,41.5383467]]}},{"type":"Feature","properties":{"id":"way/1085600237","highway":"service","tiger:cfcc":"A41","tiger:county":"Scott, IA","tiger:reviewed":"no"},"geometry":{"type":"LineString","coordinates":[[-90.5497906,41.5389108],[-90.5498372,41.5389118],[-90.5501736,41.538873]]}},{"type":"Feature","properties":{"id":"way/1085736533","highway":"service","oneway":"yes","service":"parking_aisle"},"geometry":{"type":"LineString","coordinates":[[-90.5447966,41.517686],[-90.5436185,41.517732]]}},{"type":"Feature","properties":{"id":"way/1085736534","access":"private","highway":"unclassified","name":"2nd Street","oneway":"yes"},"geometry":{"type":"LineString","coordinates":[[-90.5447966,41.517686],[-90.5447845,41.5174862],[-90.5447282,41.5165577]]}},{"type":"Feature","properties":{"id":"way/1091066854","highway":"residential","maxspeed":"25 mph","name":"Durnin Avenue","name:etymology":"Milton Howard"},"geometry":{"type":"LineString","coordinates":[[-90.5487953,41.5215947],[-90.5485801,41.5216215],[-90.548066,41.5216384],[-90.5475383,41.5216558],[-90.5474796,41.5216577]]}},{"type":"Feature","properties":{"id":"way/1091066867","highway":"service","service":"parking_aisle"},"geometry":{"type":"LineString","coordinates":[[-90.5459249,41.5177964],[-90.5459473,41.51816]]}},{"type":"Feature","properties":{"id":"way/1091813032","NHS":"yes","highway":"primary","lanes":"4","maxspeed":"35 mph","name":"West River Drive","ref":"US 61 Business","sidewalk:left":"no","sidewalk:right":"separate","tiger:cfcc":"A21","tiger:county":"Scott, IA","tiger:name_base":"River","tiger:name_base_1":"United States Highway 61","tiger:name_direction_prefix":"W","tiger:name_type":"Dr","tiger:reviewed":"no","tiger:zip_left":"52802","tiger:zip_right":"52802"},"geometry":{"type":"LineString","coordinates":[[-90.5909074,41.5199372],[-90.5905434,41.519955]]}},{"type":"Feature","properties":{"id":"way/1091970237","highway":"service","service":"parking_aisle"},"geometry":{"type":"LineString","coordinates":[[-90.5827976,41.5479982],[-90.5839375,41.5480002],[-90.5840448,41.5480323],[-90.5841467,41.5480102],[-90.584195,41.547942],[-90.5841816,41.5478577],[-90.5841333,41.5478095],[-90.5840368,41.5477975],[-90.583908,41.5478276],[-90.5827799,41.5478077]]}},{"type":"Feature","properties":{"id":"way/1091970241","highway":"service"},"geometry":{"type":"LineString","coordinates":[[-90.5864708,41.5497945],[-90.5864956,41.549147],[-90.5864696,41.5486659],[-90.5864527,41.5483521],[-90.5864874,41.5480974]]}},{"type":"Feature","properties":{"id":"way/1091970244","highway":"service","service":"parking_aisle"},"geometry":{"type":"LineString","coordinates":[[-90.5864874,41.5480974],[-90.5867614,41.548099],[-90.5869751,41.5481021],[-90.5872131,41.5481017],[-90.5874344,41.548102],[-90.5876662,41.5481027],[-90.5876609,41.5477221]]}},{"type":"Feature","properties":{"id":"way/1091970245","highway":"service","oneway":"yes","service":"parking_aisle"},"geometry":{"type":"LineString","coordinates":[[-90.5867614,41.548099],[-90.5867723,41.5473723]]}},{"type":"Feature","properties":{"id":"way/1091970246","highway":"service","oneway":"yes","service":"parking_aisle"},"geometry":{"type":"LineString","coordinates":[[-90.5869751,41.5481021],[-90.5869892,41.5474516]]}},{"type":"Feature","properties":{"id":"way/1091970247","highway":"service","oneway":"yes","service":"parking_aisle"},"geometry":{"type":"LineString","coordinates":[[-90.5872138,41.5475437],[-90.5872131,41.5481017]]}},{"type":"Feature","properties":{"id":"way/1091970248","highway":"service","oneway":"yes","service":"parking_aisle"},"geometry":{"type":"LineString","coordinates":[[-90.5874344,41.548102],[-90.5874374,41.5476277]]}},{"type":"Feature","properties":{"id":"way/1091970249","highway":"service","service":"parking_aisle"},"geometry":{"type":"LineString","coordinates":[[-90.5884923,41.5477455],[-90.5879985,41.5473667],[-90.5878605,41.547466],[-90.5877614,41.5475481],[-90.5876871,41.5476276],[-90.5876609,41.5477221]]}},{"type":"Feature","properties":{"id":"way/1091970250","highway":"service"},"geometry":{"type":"LineString","coordinates":[[-90.5871405,41.5472225],[-90.5874293,41.5470335]]}},{"type":"Feature","properties":{"id":"way/1091970251","highway":"service","oneway":"yes","service":"parking_aisle"},"geometry":{"type":"LineString","coordinates":[[-90.5865519,41.5472176],[-90.5865265,41.5473433],[-90.5865266,41.5480422],[-90.5864874,41.5480974]]}},{"type":"Feature","properties":{"id":"way/1091970252","highway":"service"},"geometry":{"type":"LineString","coordinates":[[-90.5876609,41.5477221],[-90.5874374,41.5476277],[-90.5872138,41.5475437],[-90.5869892,41.5474516]]}},{"type":"Feature","properties":{"id":"way/1091970253","highway":"service","surface":"paved"},"geometry":{"type":"LineString","coordinates":[[-90.5869892,41.5474516],[-90.5868646,41.5474035],[-90.5867723,41.5473723],[-90.5867008,41.5473365],[-90.5866329,41.5472875],[-90.5865519,41.5472176],[-90.5865005,41.5471213],[-90.5864718,41.5469471],[-90.5864771,41.5467375]]}},{"type":"Feature","properties":{"id":"way/1099944776","alt_name":"North Gaines Street","highway":"residential","maxspeed":"25 mph","name":"Gaines Street","surface":"asphalt"},"geometry":{"type":"LineString","coordinates":[[-90.5830184,41.5201685],[-90.5830213,41.5202632],[-90.5830206,41.5203098],[-90.5830134,41.5207564],[-90.5830092,41.5210499]]}},{"type":"Feature","properties":{"id":"way/1101514926","highway":"service","tiger:cfcc":"A41","tiger:county":"Scott, IA","tiger:reviewed":"no"},"geometry":{"type":"LineString","coordinates":[[-90.5645306,41.5226098],[-90.5646666,41.5225431],[-90.564734,41.52251],[-90.5647583,41.5224981],[-90.5647844,41.5224842],[-90.5648743,41.522436]]}},{"type":"Feature","properties":{"id":"way/1101514929","highway":"service","oneway":"yes"},"geometry":{"type":"LineString","coordinates":[[-90.5656698,41.5224668],[-90.5653122,41.5225346],[-90.5649868,41.5226547],[-90.5649289,41.5226575],[-90.5648612,41.5226286],[-90.5648352,41.5226174],[-90.564734,41.52251]]}},{"type":"Feature","properties":{"id":"way/1101514930","highway":"service","oneway":"yes"},"geometry":{"type":"LineString","coordinates":[[-90.5646666,41.5225431],[-90.5647626,41.5226492],[-90.5647674,41.5226799],[-90.5647712,41.5227045],[-90.5647679,41.5227361],[-90.5647017,41.52279],[-90.5645131,41.5229057],[-90.564328,41.523101]]}},{"type":"Feature","properties":{"id":"way/1109543350","highway":"service"},"geometry":{"type":"LineString","coordinates":[[-90.5996583,41.5388575],[-90.5996549,41.5387863],[-90.5996465,41.5382546]]}},{"type":"Feature","properties":{"id":"way/1112598779","highway":"tertiary","lanes":"2","maxspeed":"25 mph","name":"East 12th Street","tiger:cfcc":"A41","tiger:county":"Scott, IA","tiger:name_base":"12th","tiger:name_direction_prefix":"E","tiger:name_type":"St","tiger:reviewed":"no","tiger:zip_left":"52803","tiger:zip_right":"52803"},"geometry":{"type":"LineString","coordinates":[[-90.5464969,41.532148],[-90.5454538,41.532142],[-90.5451101,41.5321391],[-90.5440027,41.5321258],[-90.543515,41.53212]]}},{"type":"Feature","properties":{"id":"way/1112598780","highway":"tertiary","lanes":"2","maxheight":"12'6\"","maxspeed":"25 mph","name":"East 12th Street","tiger:cfcc":"A41","tiger:county":"Scott, IA","tiger:name_base":"12th","tiger:name_direction_prefix":"E","tiger:name_type":"St","tiger:reviewed":"no","tiger:zip_left":"52803","tiger:zip_right":"52803"},"geometry":{"type":"LineString","coordinates":[[-90.5469774,41.5321497],[-90.5464969,41.532148]]}},{"type":"Feature","properties":{"id":"way/1116148276","NHS":"yes","highway":"primary","lanes":"4","maxspeed":"35 mph","name":"East River Drive","oneway":"yes","ref":"US 67","sidewalk:both":"separate","tiger:cfcc":"A21","tiger:county":"Scott, IA","tiger:name_base":"River","tiger:name_base_1":"United States Highway 67","tiger:name_direction_prefix":"E","tiger:name_type":"Dr","tiger:reviewed":"no","tiger:zip_left":"52803","tiger:zip_right":"52803"},"geometry":{"type":"LineString","coordinates":[[-90.5726511,41.5202032],[-90.5725268,41.5202055],[-90.5711747,41.5202294]]}},{"type":"Feature","properties":{"id":"way/1118407317","highway":"tertiary","maxspeed":"30 mph","name":"16th Street","tiger:cfcc":"A41","tiger:county":"Rock Island, IL","tiger:name_base":"16th","tiger:name_type":"St","tiger:reviewed":"no","tiger:zip_left":"61201","tiger:zip_right":"61201"},"geometry":{"type":"LineString","coordinates":[[-90.5779852,41.5110045],[-90.57796,41.5109483],[-90.5779314,41.510879],[-90.5778859,41.5107896],[-90.5778366,41.5107072],[-90.5777981,41.510616]]}},{"type":"Feature","properties":{"id":"way/1118407318","highway":"trunk","maxspeed":"30 mph","name":"16th Street","tiger:cfcc":"A41","tiger:county":"Rock Island, IL","tiger:name_base":"16th","tiger:name_type":"St","tiger:reviewed":"no","tiger:zip_left":"61201","tiger:zip_right":"61201"},"geometry":{"type":"LineString","coordinates":[[-90.5781126,41.5112929],[-90.5780605,41.5111725],[-90.5779852,41.5110045]]}},{"type":"Feature","properties":{"id":"way/1118407319","highway":"trunk","maxspeed":"25 mph","name":"Gaines Street","oneway":"yes","tiger:cfcc":"A41","tiger:county":"Scott, IA","tiger:reviewed":"no"},"geometry":{"type":"LineString","coordinates":[[-90.5834628,41.5208614],[-90.58342,41.5210996],[-90.5833548,41.5212434],[-90.5833261,41.5213065]]}},{"type":"Feature","properties":{"id":"way/1118407320","NHS":"yes","highway":"primary","lanes":"4","maxspeed":"35 mph","name":"West River Drive","oneway":"yes","ref":"US 67","sidewalk:left":"no","sidewalk:right":"separate","tiger:cfcc":"A21","tiger:county":"Scott, IA","tiger:name_base":"River","tiger:name_base_1":"United States Highway 67","tiger:name_direction_prefix":"E","tiger:name_type":"Dr","tiger:reviewed":"no","tiger:zip_left":"52803","tiger:zip_right":"52803"},"geometry":{"type":"LineString","coordinates":[[-90.5905434,41.519955],[-90.5902846,41.5199114],[-90.5896878,41.5199398],[-90.5893569,41.5199548],[-90.5890951,41.5199742],[-90.5890499,41.5199776],[-90.5888806,41.5199976],[-90.5888181,41.520005],[-90.5887608,41.5200142],[-90.5885946,41.520041],[-90.5883362,41.5200827],[-90.5882422,41.5200954],[-90.5880822,41.5201169],[-90.587914,41.5201341],[-90.5876804,41.52015],[-90.5860928,41.5201562],[-90.5859677,41.5201567],[-90.5858551,41.5201571],[-90.5844886,41.5201626]]}},{"type":"Feature","properties":{"id":"way/1149110765","highway":"service","service":"parking_aisle"},"geometry":{"type":"LineString","coordinates":[[-90.5738733,41.534261],[-90.5733588,41.5342548],[-90.5729224,41.5342558]]}},{"type":"Feature","properties":{"id":"way/1152140570","highway":"service"},"geometry":{"type":"LineString","coordinates":[[-90.5987913,41.5325387],[-90.5980064,41.5325396],[-90.5977462,41.5325399],[-90.5977515,41.5320241],[-90.5977496,41.5319428]]}},{"type":"Feature","properties":{"id":"way/1152140571","highway":"service","service":"parking_aisle"},"geometry":{"type":"LineString","coordinates":[[-90.5980064,41.5325396],[-90.5980098,41.5322764]]}},{"type":"Feature","properties":{"id":"way/1152140572","highway":"service"},"geometry":{"type":"LineString","coordinates":[[-90.5977515,41.5320241],[-90.5974905,41.5320241],[-90.5972646,41.5320241],[-90.5972666,41.5316567]]}},{"type":"Feature","properties":{"id":"way/1152140573","highway":"service","service":"parking_aisle"},"geometry":{"type":"LineString","coordinates":[[-90.5974905,41.5320241],[-90.5974922,41.5318124]]}},{"type":"Feature","properties":{"id":"way/1160845384","highway":"service","service":"parking_aisle"},"geometry":{"type":"LineString","coordinates":[[-90.546293,41.52918],[-90.5465688,41.5289664],[-90.5466945,41.5289437],[-90.5469486,41.5288758],[-90.5471291,41.5287032],[-90.5472282,41.5286431],[-90.5476068,41.5285556],[-90.54778,41.5284752],[-90.5477393,41.528337],[-90.5469298,41.528508],[-90.5469861,41.5287118],[-90.5466408,41.5287829],[-90.5466945,41.5289437]]}},{"type":"Feature","properties":{"id":"way/1160845386","highway":"service","service":"parking_aisle"},"geometry":{"type":"LineString","coordinates":[[-90.5461616,41.528995],[-90.5461484,41.5288672],[-90.5460671,41.5286892],[-90.5460326,41.5286314],[-90.5458741,41.5286621]]}},{"type":"Feature","properties":{"id":"way/1160845387","highway":"service","service":"parking_aisle"},"geometry":{"type":"LineString","coordinates":[[-90.5461616,41.528995],[-90.545834,41.5288789]]}},{"type":"Feature","properties":{"id":"way/1193706156","highway":"service"},"geometry":{"type":"LineString","coordinates":[[-90.5598978,41.5174759],[-90.5598866,41.5173134]]}},{"type":"Feature","properties":{"id":"way/1197239666","highway":"tertiary","lanes":"2","maxheight":"11'0\"","maxspeed":"25 mph","name":"Armstrong Avenue","oneway":"no","surface":"paved","tiger:cfcc":"A41","tiger:county":"Rock Island, IL"},"geometry":{"type":"LineString","coordinates":[[-90.5656064,41.517055],[-90.5655545,41.5170918]]}},{"type":"Feature","properties":{"id":"way/1197239667","access":"private","highway":"service","lanes":"1","maxheight":"11'0\"","name":"Rodman Avenue","oneway":"yes","surface":"paved","tiger:cfcc":"A41","tiger:county":"Rock Island, IL","tiger:name_base":"Rodman","tiger:name_type":"Ave","tiger:reviewed":"no"},"geometry":{"type":"LineString","coordinates":[[-90.5654683,41.5171231],[-90.5655545,41.5170918]]}},{"type":"Feature","properties":{"id":"way/1197239668","access":"private","highway":"service","lanes":"1","maxheight":"11'0\"","name":"Rodman Avenue","oneway":"yes","surface":"paved","tiger:cfcc":"A41","tiger:county":"Rock Island, IL","tiger:name_base":"Rodman","tiger:name_type":"Ave","tiger:reviewed":"no"},"geometry":{"type":"LineString","coordinates":[[-90.5655545,41.5170918],[-90.5654503,41.517071]]}},{"type":"Feature","properties":{"id":"way/1201030171","access":"private","covered":"yes","highway":"service","oneway":"yes"},"geometry":{"type":"LineString","coordinates":[[-90.5623977,41.514912],[-90.5623021,41.5149332]]}},{"type":"Feature","properties":{"id":"way/1201030173","access":"private","covered":"yes","highway":"service","oneway":"yes"},"geometry":{"type":"LineString","coordinates":[[-90.5624108,41.514972],[-90.5623195,41.5149871]]}},{"type":"Feature","properties":{"id":"way/1201030175","covered":"yes","highway":"service","oneway":"yes"},"geometry":{"type":"LineString","coordinates":[[-90.5623746,41.5150463],[-90.5624191,41.5150345],[-90.5624463,41.5150296]]}},{"type":"Feature","properties":{"id":"way/1207362459","highway":"service","service":"drive-through"},"geometry":{"type":"LineString","coordinates":[[-90.5948529,41.5214767],[-90.5948782,41.5214021]]}},{"type":"Feature","properties":{"id":"way/1207362460","highway":"service","service":"drive-through"},"geometry":{"type":"LineString","coordinates":[[-90.5948487,41.5216933],[-90.594853,41.5215347]]}},{"type":"Feature","properties":{"id":"way/1229604343","covered":"yes","highway":"residential","maxspeed":"25 mph","name":"East Rusholme Street","tiger:cfcc":"A41","tiger:county":"Scott, IA","tiger:name_base":"Rusholme","tiger:name_direction_prefix":"E","tiger:name_type":"St","tiger:reviewed":"no","tiger:zip_left":"52803","tiger:zip_right":"52803"},"geometry":{"type":"LineString","coordinates":[[-90.5574575,41.5428438],[-90.5574158,41.5428428]]}},{"type":"Feature","properties":{"id":"way/1229604344","highway":"residential","maxspeed":"25 mph","name":"East Rusholme Street","oneway":"no","tiger:cfcc":"A41","tiger:county":"Scott, IA","tiger:name_base":"Rusholme","tiger:name_direction_prefix":"E","tiger:name_type":"St","tiger:reviewed":"no","tiger:zip_left":"52803","tiger:zip_right":"52803"},"geometry":{"type":"LineString","coordinates":[[-90.5647,41.542837],[-90.563689,41.5428323],[-90.5625187,41.5428268],[-90.5623049,41.5428258],[-90.561058,41.542852],[-90.561,41.542853],[-90.5598963,41.542843],[-90.558021,41.542842],[-90.5574575,41.5428438]]}},{"type":"Feature","properties":{"id":"way/1239050077","highway":"service"},"geometry":{"type":"LineString","coordinates":[[-90.568994,41.5382825],[-90.5689935,41.53842],[-90.5687444,41.53842],[-90.5687439,41.5387231]]}},{"type":"Feature","properties":{"id":"way/1239050078","highway":"service"},"geometry":{"type":"LineString","coordinates":[[-90.5687444,41.53842],[-90.5687459,41.5382827]]}},{"type":"Feature","properties":{"id":"way/1322506416","highway":"service","service":"parking_aisle"},"geometry":{"type":"LineString","coordinates":[[-90.5659898,41.5239899],[-90.5659527,41.5241655],[-90.5659305,41.5242703],[-90.5658104,41.524723],[-90.5656086,41.5246401],[-90.5654584,41.5245784],[-90.565358,41.5245371],[-90.5652721,41.5245053],[-90.5651557,41.5244622],[-90.5645031,41.5243782],[-90.5642748,41.5243483],[-90.5639405,41.5242014]]}},{"type":"Feature","properties":{"id":"way/1322506417","highway":"service","service":"parking_aisle"},"geometry":{"type":"LineString","coordinates":[[-90.5652721,41.5245053],[-90.565368,41.5241609],[-90.565414,41.524098],[-90.5654841,41.5240995],[-90.565558,41.5241099],[-90.565714,41.5241318],[-90.5659527,41.5241655],[-90.5662073,41.5241957],[-90.5664336,41.5242225],[-90.5666501,41.5242481],[-90.5667994,41.5242658],[-90.5668996,41.5242725],[-90.5671735,41.5242883],[-90.5671937,41.5249582],[-90.5671304,41.5251444],[-90.5671278,41.5252223]]}},{"type":"Feature","properties":{"id":"way/1322506418","highway":"service","service":"parking_aisle"},"geometry":{"type":"LineString","coordinates":[[-90.5678225,41.5241309],[-90.5678191,41.5247777],[-90.5681864,41.5247814],[-90.5681971,41.5241324]]}},{"type":"Feature","properties":{"id":"way/1322506419","highway":"service","service":"parking_aisle"},"geometry":{"type":"LineString","coordinates":[[-90.5671735,41.5242883],[-90.5671798,41.5241759],[-90.5672099,41.5241414],[-90.56729,41.5241309],[-90.5677344,41.5241324],[-90.5678225,41.5241309],[-90.5681971,41.5241324],[-90.5684136,41.524135],[-90.5684113,41.5245495]]}},{"type":"Feature","properties":{"id":"way/1322506420","highway":"service","service":"parking_aisle"},"geometry":{"type":"LineString","coordinates":[[-90.5668996,41.5242725],[-90.5667698,41.5247443],[-90.5667238,41.5248063],[-90.5665097,41.5248179],[-90.5664065,41.5248235],[-90.5663813,41.5248231],[-90.5662779,41.5248214],[-90.5660937,41.5248183],[-90.5660529,41.5248113],[-90.565935,41.5247908],[-90.5658104,41.524723]]}},{"type":"Feature","properties":{"id":"way/1322506421","highway":"service","service":"parking_aisle"},"geometry":{"type":"LineString","coordinates":[[-90.5665097,41.5248179],[-90.5666501,41.5242481]]}},{"type":"Feature","properties":{"id":"way/1322506422","highway":"service","service":"parking_aisle"},"geometry":{"type":"LineString","coordinates":[[-90.5662779,41.5248214],[-90.5664336,41.5242225]]}},{"type":"Feature","properties":{"id":"way/1322506423","highway":"service","service":"parking_aisle"},"geometry":{"type":"LineString","coordinates":[[-90.5660529,41.5248113],[-90.5662073,41.5241957]]}},{"type":"Feature","properties":{"id":"way/1322506424","highway":"service","service":"parking_aisle"},"geometry":{"type":"LineString","coordinates":[[-90.5656086,41.5246401],[-90.565714,41.5241318]]}},{"type":"Feature","properties":{"id":"way/1322506425","highway":"service","service":"parking_aisle"},"geometry":{"type":"LineString","coordinates":[[-90.5654584,41.5245784],[-90.565558,41.5241099]]}},{"type":"Feature","properties":{"id":"way/1324319145","highway":"service","oneway":"yes"},"geometry":{"type":"LineString","coordinates":[[-90.5748202,41.5382697],[-90.5746931,41.5381238],[-90.5745594,41.5382702]]}},{"type":"Feature","properties":{"id":"way/1324319146","highway":"service"},"geometry":{"type":"LineString","coordinates":[[-90.5746931,41.5381238],[-90.5746921,41.5381088],[-90.5746958,41.5380514],[-90.5746996,41.5378504],[-90.5747003,41.5377802],[-90.5747059,41.5376172],[-90.5743168,41.5376148],[-90.5740573,41.5376144]]}},{"type":"Feature","properties":{"id":"way/1324319147","highway":"service"},"geometry":{"type":"LineString","coordinates":[[-90.5743145,41.5380494],[-90.5743155,41.537858],[-90.5743159,41.5377811],[-90.5743168,41.5376148]]}},{"type":"Feature","properties":{"id":"way/1324319148","highway":"service"},"geometry":{"type":"LineString","coordinates":[[-90.5747003,41.5377802],[-90.5743159,41.5377811]]}},{"type":"Feature","properties":{"id":"way/1324319149","covered":"yes","highway":"service","service":"drive-through"},"geometry":{"type":"LineString","coordinates":[[-90.5744504,41.5378324],[-90.574536,41.5378315]]}},{"type":"Feature","properties":{"id":"way/1324319150","highway":"service","service":"drive-through"},"geometry":{"type":"LineString","coordinates":[[-90.574407,41.5378563],[-90.5743155,41.537858]]}},{"type":"Feature","properties":{"id":"way/1324319151","highway":"service","oneway":"yes"},"geometry":{"type":"LineString","coordinates":[[-90.5743145,41.5380494],[-90.5743349,41.5380993],[-90.5744053,41.5381227],[-90.5745748,41.538123],[-90.5746921,41.5381088]]}},{"type":"Feature","properties":{"id":"way/1324319152","highway":"service"},"geometry":{"type":"LineString","coordinates":[[-90.5746958,41.5380514],[-90.5748252,41.5380488],[-90.5748187,41.5377329],[-90.5748159,41.537616],[-90.5747059,41.5376172]]}},{"type":"Feature","properties":{"id":"way/1324319153","highway":"service"},"geometry":{"type":"LineString","coordinates":[[-90.5755751,41.5377329],[-90.5753845,41.5377329],[-90.5748187,41.5377329]]}},{"type":"Feature","properties":{"id":"way/1324319154","highway":"service"},"geometry":{"type":"LineString","coordinates":[[-90.5753845,41.5377329],[-90.5753845,41.5376169],[-90.5748159,41.537616]]}},{"type":"Feature","properties":{"id":"way/1324319155","highway":"service"},"geometry":{"type":"LineString","coordinates":[[-90.5755728,41.5374698],[-90.575364,41.5374724],[-90.5747042,41.5374804],[-90.5744901,41.537483],[-90.5742929,41.5374857],[-90.5740581,41.5374883]]}},{"type":"Feature","properties":{"id":"way/1324319156","highway":"service"},"geometry":{"type":"LineString","coordinates":[[-90.5747042,41.5374804],[-90.5747041,41.5365164],[-90.5744925,41.5365145],[-90.5742929,41.5365128],[-90.5740704,41.5365109]]}},{"type":"Feature","properties":{"id":"way/1324319157","highway":"service"},"geometry":{"type":"LineString","coordinates":[[-90.5744901,41.537483],[-90.5744925,41.5365145]]}},{"type":"Feature","properties":{"id":"way/1324319158","highway":"service"},"geometry":{"type":"LineString","coordinates":[[-90.5742929,41.5365128],[-90.5742929,41.5374857]]}},{"type":"Feature","properties":{"id":"way/1324319159","highway":"service"},"geometry":{"type":"LineString","coordinates":[[-90.575364,41.5374724],[-90.5753602,41.5365154],[-90.5747041,41.5365164]]}},{"type":"Feature","properties":{"id":"way/1324319160","highway":"service"},"geometry":{"type":"LineString","coordinates":[[-90.5753602,41.5365154],[-90.5755642,41.5365112]]}},{"type":"Feature","properties":{"id":"way/1324319161","highway":"service"},"geometry":{"type":"LineString","coordinates":[[-90.5755624,41.5363282],[-90.5750958,41.536322],[-90.5750611,41.5363383],[-90.5740716,41.5363396]]}},{"type":"Feature","properties":{"id":"way/1324319162","highway":"service"},"geometry":{"type":"LineString","coordinates":[[-90.5755601,41.5360954],[-90.5744466,41.5360894],[-90.5744128,41.536076],[-90.5743949,41.5360373],[-90.5743929,41.5358958]]}},{"type":"Feature","properties":{"id":"way/1324319163","highway":"service","service":"drive-through"},"geometry":{"type":"LineString","coordinates":[[-90.5746996,41.5378504],[-90.5745934,41.5378492],[-90.574536,41.5378665]]}},{"type":"Feature","properties":{"id":"way/1324319164","covered":"yes","highway":"service","service":"drive-through"},"geometry":{"type":"LineString","coordinates":[[-90.574536,41.5378665],[-90.5744481,41.5378674]]}},{"type":"Feature","properties":{"id":"way/1324319165","highway":"service","service":"drive-through"},"geometry":{"type":"LineString","coordinates":[[-90.5744481,41.5378674],[-90.574407,41.5378563],[-90.5744504,41.5378324]]}},{"type":"Feature","properties":{"id":"way/1324319166","highway":"service","service":"drive-through"},"geometry":{"type":"LineString","coordinates":[[-90.574536,41.5378315],[-90.5745934,41.5378492]]}},{"type":"Feature","properties":{"id":"way/1328746591","highway":"tertiary","lanes":"1","maxspeed":"30 mph","name":"East 2nd Street","oneway":"yes","sidewalk:left":"no","sidewalk:right":"separate","surface":"paved","tiger:cfcc":"A41","tiger:county":"Scott, IA","tiger:name_base":"2nd","tiger:name_direction_prefix":"E","tiger:name_type":"St","tiger:reviewed":"no","tiger:zip_left":"52801","tiger:zip_right":"52801"},"geometry":{"type":"LineString","coordinates":[[-90.5682953,41.5215978],[-90.5683359,41.5215244],[-90.5683579,41.5214878],[-90.5683853,41.5214586],[-90.5684357,41.5214057]]}},{"type":"Feature","properties":{"id":"way/1328746592","highway":"tertiary","lanes":"1","maxspeed":"25 mph","name":"East 2nd Street","oneway":"yes","ref":"US 6 Hist","sidewalk:left":"no","sidewalk:right":"separate","surface":"paved","tiger:cfcc":"A41","tiger:county":"Scott, IA","tiger:name_base":"2nd","tiger:name_direction_prefix":"E","tiger:name_type":"St","tiger:reviewed":"no","tiger:zip_left":"52801","tiger:zip_right":"52801"},"geometry":{"type":"LineString","coordinates":[[-90.5685161,41.5213639],[-90.5685723,41.521347],[-90.5686097,41.521341],[-90.568648,41.5213374],[-90.5686902,41.5213339],[-90.5687165,41.5213261],[-90.5687341,41.5213183],[-90.5687645,41.5212973]]}},{"type":"Feature","properties":{"id":"way/1328746593","highway":"tertiary","junction":"roundabout","sidewalk:left":"no","sidewalk:right":"separate","surface":"paved"},"geometry":{"type":"LineString","coordinates":[[-90.568559,41.5212255],[-90.5685405,41.5211913],[-90.5685114,41.5211615],[-90.5684735,41.5211379],[-90.5684274,41.5211214],[-90.5683773,41.5211142],[-90.5683264,41.5211167],[-90.5682905,41.5211256],[-90.5682779,41.5211286],[-90.568235,41.5211493],[-90.5682004,41.5211774],[-90.5681764,41.5212111],[-90.5681644,41.5212483],[-90.5681645,41.5212816],[-90.5681743,41.5213141],[-90.5681935,41.5213442],[-90.568221,41.5213704],[-90.5682435,41.5213854]]}},{"type":"Feature","properties":{"id":"way/1336510183","highway":"service","service":"parking_aisle"},"geometry":{"type":"LineString","coordinates":[[-90.580318,41.5099254],[-90.5803414,41.5099864],[-90.5803574,41.5100281]]}},{"type":"Feature","properties":{"id":"way/1337676480","highway":"service","oneway":"yes"},"geometry":{"type":"LineString","coordinates":[[-90.5948405,41.538262],[-90.5948355,41.5378291],[-90.5944591,41.5378266]]}},{"type":"Feature","properties":{"id":"way/1339377067","highway":"service"},"geometry":{"type":"LineString","coordinates":[[-90.5688279,41.5382826],[-90.5688315,41.538088],[-90.5688346,41.5379249],[-90.5688366,41.5378153],[-90.5690371,41.5378156],[-90.5692898,41.537816],[-90.5697048,41.5378167]]}},{"type":"Feature","properties":{"id":"way/1339377068","highway":"service"},"geometry":{"type":"LineString","coordinates":[[-90.5688315,41.538088],[-90.5690545,41.5380873],[-90.5692532,41.5380867],[-90.5693037,41.5380593],[-90.5692898,41.537816]]}},{"type":"Feature","properties":{"id":"way/1339377069","highway":"service","service":"parking_aisle"},"geometry":{"type":"LineString","coordinates":[[-90.5690545,41.5380873],[-90.5690371,41.5378156]]}},{"type":"Feature","properties":{"id":"way/1339377070","highway":"service"},"geometry":{"type":"LineString","coordinates":[[-90.5688315,41.538088],[-90.5683015,41.5380906],[-90.5682458,41.5380619],[-90.5682371,41.5380097],[-90.5682678,41.5379295],[-90.568312,41.537814],[-90.5683418,41.5377564],[-90.568366,41.5377097],[-90.5683991,41.5375792],[-90.5684078,41.5374276],[-90.5684165,41.5372743]]}},{"type":"Feature","properties":{"id":"way/1339377071","highway":"service"},"geometry":{"type":"LineString","coordinates":[[-90.5688366,41.5378153],[-90.5688305,41.5377639],[-90.5688105,41.5375962],[-90.5688086,41.5374396],[-90.5688063,41.5372347]]}},{"type":"Feature","properties":{"id":"way/1339377072","highway":"service"},"geometry":{"type":"LineString","coordinates":[[-90.5688346,41.5379249],[-90.5682678,41.5379295],[-90.5680163,41.5379351]]}},{"type":"Feature","properties":{"id":"way/1339377073","highway":"service","service":"parking_aisle"},"geometry":{"type":"LineString","coordinates":[[-90.5688305,41.5377639],[-90.5683418,41.5377564]]}},{"type":"Feature","properties":{"id":"way/1339377074","highway":"service","service":"parking_aisle"},"geometry":{"type":"LineString","coordinates":[[-90.5688105,41.5375962],[-90.5683991,41.5375792]]}},{"type":"Feature","properties":{"id":"way/1339377075","highway":"service","service":"parking_aisle"},"geometry":{"type":"LineString","coordinates":[[-90.5688086,41.5374396],[-90.5684078,41.5374276]]}},{"type":"Feature","properties":{"id":"way/1340209438","highway":"service"},"geometry":{"type":"LineString","coordinates":[[-90.5737178,41.5375235],[-90.5737038,41.5380503],[-90.5730892,41.5380462],[-90.5730894,41.537576],[-90.5730895,41.5375186]]}},{"type":"Feature","properties":{"id":"way/1340209439","highway":"service"},"geometry":{"type":"LineString","coordinates":[[-90.5730918,41.5382805],[-90.5730892,41.5380462]]}},{"type":"Feature","properties":{"id":"way/1340209440","highway":"service","oneway":"yes","service":"drive-through"},"geometry":{"type":"LineString","coordinates":[[-90.573497,41.5375206],[-90.5734053,41.5375752],[-90.5732054,41.5375725],[-90.5731448,41.5375189]]}},{"type":"Feature","properties":{"id":"way/1346435462","highway":"service"},"geometry":{"type":"LineString","coordinates":[[-90.5684136,41.524135],[-90.5685377,41.5241529],[-90.5686249,41.5241368],[-90.5686893,41.5241087],[-90.5687738,41.5240565],[-90.5688542,41.5240153],[-90.5689642,41.5239862],[-90.5690908,41.5240152],[-90.5692257,41.5240398],[-90.5694832,41.5240388]]}},{"type":"Feature","properties":{"id":"way/1346435463","highway":"service","service":"parking_aisle"},"geometry":{"type":"LineString","coordinates":[[-90.5668448,41.5234963],[-90.5668529,41.523832],[-90.5663345,41.5238335]]}},{"type":"Feature","properties":{"id":"way/1346435464","highway":"service","service":"parking_aisle"},"geometry":{"type":"LineString","coordinates":[[-90.5578322,41.5273294],[-90.5585035,41.5273294]]}},{"type":"Feature","properties":{"id":"way/1346435465","highway":"service","service":"parking_aisle"},"geometry":{"type":"LineString","coordinates":[[-90.558508,41.527158],[-90.5578277,41.5271599]]}},{"type":"Feature","properties":{"id":"way/1346435466","highway":"service","service":"parking_aisle"},"geometry":{"type":"LineString","coordinates":[[-90.5582444,41.5265177],[-90.5580731,41.5265351],[-90.5577141,41.5266862]]}},{"type":"Feature","properties":{"id":"way/1346435467","highway":"service","service":"parking_aisle"},"geometry":{"type":"LineString","coordinates":[[-90.5582395,41.5264545],[-90.5584813,41.5264394],[-90.5586723,41.5264071],[-90.5587386,41.5263782],[-90.558794,41.5263321],[-90.5590359,41.5262352],[-90.5592254,41.5261476],[-90.5594025,41.5260472]]}},{"type":"Feature","properties":{"id":"way/1346435468","highway":"service","service":"parking_aisle"},"geometry":{"type":"LineString","coordinates":[[-90.5581988,41.5262039],[-90.5581619,41.5261197],[-90.5579093,41.5259132]]}},{"type":"Feature","properties":{"id":"way/1346435469","highway":"service","service":"parking_aisle"},"geometry":{"type":"LineString","coordinates":[[-90.5587039,41.5260263],[-90.5582574,41.5256872]]}},{"type":"Feature","properties":{"id":"way/1346435470","highway":"service","service":"parking_aisle"},"geometry":{"type":"LineString","coordinates":[[-90.5584214,41.5261433],[-90.5584038,41.5261001],[-90.5583807,41.526047],[-90.5580856,41.5257987]]}},{"type":"Feature","properties":{"id":"way/1346435471","highway":"service"},"geometry":{"type":"LineString","coordinates":[[-90.5582574,41.5256872],[-90.5580856,41.5257987],[-90.5579093,41.5259132]]}},{"type":"Feature","properties":{"id":"way/1346435473","highway":"service","oneway":"yes","service":"parking_aisle"},"geometry":{"type":"LineString","coordinates":[[-90.5576458,41.5270813],[-90.5575789,41.526932],[-90.5574409,41.5265478]]}},{"type":"Feature","properties":{"id":"way/1346435474","highway":"service","oneway":"yes","service":"parking_aisle"},"geometry":{"type":"LineString","coordinates":[[-90.5568818,41.5268397],[-90.556457,41.5270022],[-90.5561056,41.5270812],[-90.556027,41.5270989],[-90.5554625,41.5272248],[-90.5555869,41.5275204]]}},{"type":"Feature","properties":{"id":"way/1346435475","highway":"service","service":"parking_aisle"},"geometry":{"type":"LineString","coordinates":[[-90.5554557,41.5275475],[-90.5553917,41.5273877],[-90.5550378,41.5274632],[-90.5550939,41.5276222]]}},{"type":"Feature","properties":{"id":"way/1346435476","highway":"service","service":"parking_aisle"},"geometry":{"type":"LineString","coordinates":[[-90.555577,41.5272907],[-90.5561424,41.5271742],[-90.5561056,41.5270812]]}},{"type":"Feature","properties":{"id":"way/1346435477","highway":"service","oneway":"yes","service":"parking_aisle"},"geometry":{"type":"LineString","coordinates":[[-90.5572153,41.5271842],[-90.5570528,41.5267774]]}},{"type":"Feature","properties":{"id":"way/1346435478","highway":"service","oneway":"yes","service":"parking_aisle"},"geometry":{"type":"LineString","coordinates":[[-90.5568818,41.5268397],[-90.5570224,41.5272266]]}},{"type":"Feature","properties":{"id":"way/1346435479","highway":"service"},"geometry":{"type":"LineString","coordinates":[[-90.5582313,41.5263465],[-90.5579298,41.5264057],[-90.5575842,41.5264948],[-90.5574409,41.5265478],[-90.557057,41.5266658],[-90.5570074,41.5266963],[-90.5570528,41.5267774]]}},{"type":"Feature","properties":{"id":"way/1346435480","highway":"service","service":"parking_aisle"},"geometry":{"type":"LineString","coordinates":[[-90.5570528,41.5267774],[-90.5568818,41.5268397]]}},{"type":"Feature","properties":{"id":"way/1346435482","highway":"service","tiger:cfcc":"A41","tiger:county":"Scott, IA","tiger:name_base":"Carey","tiger:name_type":"St","tiger:reviewed":"no"},"geometry":{"type":"LineString","coordinates":[[-90.5606243,41.5256603],[-90.5602521,41.5253954],[-90.560194,41.525354],[-90.5601392,41.5253106],[-90.560088,41.52527],[-90.5600074,41.5252753],[-90.559953,41.52531],[-90.559857,41.52541],[-90.5595165,41.5256487],[-90.559351,41.525744],[-90.558954,41.525923],[-90.5587039,41.5260263],[-90.5586259,41.5260876]]}},{"type":"Feature","properties":{"id":"way/1346435483","foot":"yes","highway":"service","name":"Riverfront Trail","oneway":"no","source":"Bing"},"geometry":{"type":"LineString","coordinates":[[-90.5586259,41.5260876],[-90.5584214,41.5261433],[-90.5581988,41.5262039],[-90.5579771,41.5262534],[-90.5575131,41.5264104],[-90.5572257,41.5265159],[-90.5569062,41.5266321],[-90.556261,41.52685],[-90.555761,41.526957],[-90.555312,41.527039],[-90.554753,41.527157],[-90.554235,41.527291],[-90.553138,41.527557],[-90.5529416,41.5275841]]}},{"type":"Feature","properties":{"id":"way/1346435490","highway":"service"},"geometry":{"type":"LineString","coordinates":[[-90.5602521,41.5253954],[-90.5604788,41.5251794],[-90.5607869,41.5249256],[-90.5611088,41.5247233],[-90.5614648,41.5245196],[-90.5617459,41.5243655],[-90.5619339,41.5242623],[-90.5623079,41.5240767],[-90.5625715,41.5240115],[-90.5628317,41.523869],[-90.5630517,41.5240136]]}},{"type":"Feature","properties":{"id":"way/1346435491","highway":"service"},"geometry":{"type":"LineString","coordinates":[[-90.5625715,41.5240115],[-90.5624723,41.5242806],[-90.5621209,41.5244955],[-90.5618996,41.5245537],[-90.5618688,41.5245618],[-90.5614109,41.5247978],[-90.5612014,41.5249091]]}},{"type":"Feature","properties":{"id":"way/1346435492","highway":"service","tiger:cfcc":"A41","tiger:county":"Scott, IA","tiger:reviewed":"no","tiger:zip_left":"52803","tiger:zip_right":"52803"},"geometry":{"type":"LineString","coordinates":[[-90.56056,41.524429],[-90.560731,41.524515],[-90.5609769,41.5246176],[-90.5610573,41.5246752],[-90.5611088,41.5247233],[-90.5611358,41.5247638],[-90.5611707,41.5248315],[-90.5612014,41.5249091],[-90.5612445,41.525018],[-90.5612914,41.5251029],[-90.561359,41.5251869]]}},{"type":"Feature","properties":{"id":"way/1346435493","highway":"service"},"geometry":{"type":"LineString","coordinates":[[-90.5615739,41.525039],[-90.5614109,41.5247978]]}},{"type":"Feature","properties":{"id":"way/1346435494","highway":"service"},"geometry":{"type":"LineString","coordinates":[[-90.5618996,41.5245537],[-90.5617459,41.5243655]]}},{"type":"Feature","properties":{"id":"way/1346435502","highway":"service","service":"parking_aisle"},"geometry":{"type":"LineString","coordinates":[[-90.5689558,41.5222121],[-90.568701,41.5222129],[-90.56857,41.5222134]]}},{"type":"Feature","properties":{"id":"way/1346435503","highway":"service","service":"parking_aisle"},"geometry":{"type":"LineString","coordinates":[[-90.568701,41.522395],[-90.568701,41.5223197],[-90.568701,41.5222129]]}},{"type":"Feature","properties":{"id":"way/1346435506","NHS":"yes","highway":"primary","lanes":"4","maxspeed":"40 mph","name":"East River Drive","ref":"US 67","tiger:cfcc":"A21","tiger:county":"Scott, IA","tiger:name_base":"River","tiger:name_base_1":"United States Highway 67","tiger:name_direction_prefix":"E","tiger:name_type":"Dr","tiger:reviewed":"no","tiger:zip_left":"52803","tiger:zip_right":"52803"},"geometry":{"type":"LineString","coordinates":[[-90.56255,41.524382],[-90.562392,41.524496],[-90.5621355,41.5246649],[-90.5617159,41.5249413],[-90.5615739,41.525039],[-90.561359,41.5251869],[-90.5611188,41.5253396],[-90.5609754,41.5254326],[-90.5606243,41.5256603],[-90.5604,41.5258022],[-90.560352,41.5258325],[-90.5602509,41.5258912],[-90.5601619,41.5259386],[-90.5598615,41.5260908],[-90.558334,41.526802],[-90.558102,41.526914],[-90.5578242,41.527024],[-90.5576458,41.5270813],[-90.5574192,41.5271395],[-90.5572153,41.5271842],[-90.5570224,41.5272266],[-90.556934,41.527246],[-90.555826,41.527471],[-90.5555869,41.5275204],[-90.5554557,41.5275475],[-90.5550939,41.5276222],[-90.5547209,41.5276993],[-90.554402,41.527757],[-90.5538323,41.5278863],[-90.553208,41.528023],[-90.5517536,41.5283674],[-90.5505104,41.5286578],[-90.5500065,41.5287867],[-90.5495901,41.5289959]]}},{"type":"Feature","properties":{"id":"way/1346444438","highway":"service","service":"parking_aisle"},"geometry":{"type":"LineString","coordinates":[[-90.5602386,41.5270227],[-90.5605493,41.527024]]}},{"type":"Feature","properties":{"id":"way/1346444442","highway":"service","oneway":"yes","service":"parking_aisle"},"geometry":{"type":"LineString","coordinates":[[-90.5609754,41.5254326],[-90.5612179,41.5256189],[-90.5613144,41.5256441],[-90.5614454,41.525647]]}},{"type":"Feature","properties":{"id":"way/1346444449","highway":"service","service":"driveway"},"geometry":{"type":"LineString","coordinates":[[-90.5651856,41.5264151],[-90.5651307,41.5264364],[-90.5651043,41.5264699],[-90.5650941,41.5265338],[-90.5650799,41.5267608]]}},{"type":"Feature","properties":{"id":"way/1346444450","highway":"service"},"geometry":{"type":"LineString","coordinates":[[-90.5696955,41.5309409],[-90.569543,41.5309512],[-90.5694354,41.530966],[-90.5692506,41.5309914],[-90.569213,41.5309912],[-90.5689743,41.5309897],[-90.568729,41.5309882],[-90.5685043,41.5309869],[-90.5682488,41.5309853]]}},{"type":"Feature","properties":{"id":"way/1346444451","highway":"service"},"geometry":{"type":"LineString","coordinates":[[-90.5689743,41.5309897],[-90.5689744,41.5307163],[-90.56891,41.530642],[-90.5688054,41.5305677],[-90.5687335,41.5305524],[-90.5687115,41.5305477],[-90.5685076,41.5305476],[-90.5682487,41.5305476]]}},{"type":"Feature","properties":{"id":"way/1346444452","highway":"service","service":"parking_aisle"},"geometry":{"type":"LineString","coordinates":[[-90.5689743,41.5309897],[-90.568969,41.531387],[-90.5687249,41.5313829],[-90.568729,41.5309882],[-90.5687335,41.5305524]]}},{"type":"Feature","properties":{"id":"way/1346444453","highway":"service","service":"parking_aisle"},"geometry":{"type":"LineString","coordinates":[[-90.5685023,41.5312504],[-90.5685043,41.5309869],[-90.5685076,41.5305476]]}},{"type":"Feature","properties":{"id":"way/1346444454","highway":"service","service":"parking_aisle"},"geometry":{"type":"LineString","coordinates":[[-90.5692131,41.5314662],[-90.569213,41.5309912]]}},{"type":"Feature","properties":{"id":"way/1346444455","highway":"service","service":"parking_aisle"},"geometry":{"type":"LineString","coordinates":[[-90.5694384,41.5314659],[-90.5694354,41.530966]]}},{"type":"Feature","properties":{"id":"way/1346444457","highway":"service"},"geometry":{"type":"LineString","coordinates":[[-90.5720966,41.5320019],[-90.5720957,41.5317949],[-90.5720944,41.531481]]}},{"type":"Feature","properties":{"id":"way/1346444459","highway":"service","service":"alley"},"geometry":{"type":"LineString","coordinates":[[-90.572597,41.531488],[-90.5720944,41.531481]]}},{"type":"Feature","properties":{"id":"way/1346444460","highway":"service","service":"parking_aisle"},"geometry":{"type":"LineString","coordinates":[[-90.5720957,41.5317949],[-90.5724281,41.5317966]]}},{"type":"Feature","properties":{"id":"way/1346444461","highway":"service","service":"parking_aisle"},"geometry":{"type":"LineString","coordinates":[[-90.5715177,41.5309496],[-90.5715228,41.5299612]]}},{"type":"Feature","properties":{"id":"way/1346444464","highway":"service","name":"East 11th Street","surface":"concrete","tiger:cfcc":"A41","tiger:county":"Scott, IA","tiger:name_base":"11th","tiger:name_direction_prefix":"E","tiger:name_type":"St","tiger:reviewed":"no","tiger:zip_left":"52803","tiger:zip_right":"52803"},"geometry":{"type":"LineString","coordinates":[[-90.5717335,41.5309489],[-90.5715177,41.5309496],[-90.5711628,41.5309478]]}},{"type":"Feature","properties":{"id":"way/1346444466","highway":"service","service":"parking_aisle"},"geometry":{"type":"LineString","coordinates":[[-90.5767846,41.5274438],[-90.5767639,41.5271223],[-90.5765409,41.5271285],[-90.5765905,41.5280513],[-90.5768031,41.5280451],[-90.5767943,41.5277577],[-90.5767846,41.5274438]]}},{"type":"Feature","properties":{"id":"way/1346444467","highway":"service"},"geometry":{"type":"LineString","coordinates":[[-90.5767943,41.5277577],[-90.5770752,41.5277497]]}},{"type":"Feature","properties":{"id":"way/1346444468","highway":"service"},"geometry":{"type":"LineString","coordinates":[[-90.5767846,41.5274438],[-90.5770565,41.527433]]}},{"type":"Feature","properties":{"id":"way/1346444469","highway":"service"},"geometry":{"type":"LineString","coordinates":[[-90.5765409,41.5271285],[-90.5762922,41.5271501]]}},{"type":"Feature","properties":{"id":"way/1346444470","highway":"service","service":"parking_aisle"},"geometry":{"type":"LineString","coordinates":[[-90.5771311,41.5291889],[-90.5769985,41.5291871],[-90.5769178,41.529164],[-90.5767613,41.5291214],[-90.5765739,41.5290859],[-90.5764316,41.5290823],[-90.5763225,41.5290965],[-90.5761779,41.5291231],[-90.5760427,41.5291249],[-90.5757343,41.5291231],[-90.5755779,41.5290977]]}},{"type":"Feature","properties":{"id":"way/1346444471","highway":"service","service":"parking_aisle"},"geometry":{"type":"LineString","coordinates":[[-90.57717,41.529896],[-90.5768488,41.529852],[-90.576836,41.5293802],[-90.5767637,41.5293295],[-90.5766171,41.5292831],[-90.5765118,41.5292738],[-90.5763776,41.5292738],[-90.5762103,41.5293078],[-90.5761195,41.5293601]]}},{"type":"Feature","properties":{"id":"way/1346444472","highway":"service","service":"parking_aisle"},"geometry":{"type":"LineString","coordinates":[[-90.5755593,41.529743],[-90.5761237,41.5297434],[-90.5761214,41.5295317],[-90.5761195,41.5293601],[-90.5758924,41.5293616],[-90.5758924,41.5295301],[-90.5761214,41.5295317]]}},{"type":"Feature","properties":{"id":"way/1346444473","highway":"service"},"geometry":{"type":"LineString","coordinates":[[-90.5767958,41.531951],[-90.5767934,41.5317913]]}},{"type":"Feature","properties":{"id":"way/1346444474","highway":"service"},"geometry":{"type":"LineString","coordinates":[[-90.576278,41.53195],[-90.5762865,41.531778],[-90.5762884,41.5316643]]}},{"type":"Feature","properties":{"id":"way/1346444475","highway":"service"},"geometry":{"type":"LineString","coordinates":[[-90.5761381,41.5306016],[-90.5755552,41.5305979]]}},{"type":"Feature","properties":{"id":"way/1346444476","highway":"service","oneway":"yes","service":"parking_aisle"},"geometry":{"type":"LineString","coordinates":[[-90.5776892,41.5319705],[-90.577709,41.53117],[-90.5774931,41.5311646],[-90.5774932,41.5319704],[-90.577505,41.5326649],[-90.5776758,41.5326667],[-90.5776892,41.5319705]]}},{"type":"Feature","properties":{"id":"way/1346444477","highway":"service","service":"parking_aisle"},"geometry":{"type":"LineString","coordinates":[[-90.5767982,41.5327856],[-90.5767958,41.5321347]]}},{"type":"Feature","properties":{"id":"way/1346447343","highway":"service","oneway":"yes","service":"parking_aisle"},"geometry":{"type":"LineString","coordinates":[[-90.5748924,41.530809],[-90.5743284,41.5308045],[-90.5743244,41.5309627],[-90.5748874,41.5309658],[-90.5748924,41.530809]]}},{"type":"Feature","properties":{"id":"way/1346447344","highway":"service","service":"parking_aisle"},"geometry":{"type":"LineString","coordinates":[[-90.5748996,41.5305834],[-90.5748924,41.530809]]}},{"type":"Feature","properties":{"id":"way/1346447345","highway":"service","service":"parking_aisle"},"geometry":{"type":"LineString","coordinates":[[-90.5749301,41.5319379],[-90.5749342,41.531789],[-90.574552,41.531789],[-90.5745215,41.5319344]]}},{"type":"Feature","properties":{"id":"way/1346447347","highway":"residential","maxspeed":"25 mph","name":"West 12th Street","surface":"paving_stones"},"geometry":{"type":"LineString","coordinates":[[-90.574028,41.53193],[-90.5745215,41.5319344],[-90.5747,41.531936],[-90.5749301,41.5319379],[-90.5755578,41.531943]]}},{"type":"Feature","properties":{"id":"way/1346447349","highway":"service","service":"parking_aisle"},"geometry":{"type":"LineString","coordinates":[[-90.5733711,41.5330548],[-90.5733635,41.5333824]]}},{"type":"Feature","properties":{"id":"way/1346447350","highway":"service"},"geometry":{"type":"LineString","coordinates":[[-90.5733635,41.5333824],[-90.5732101,41.5334238],[-90.5731281,41.533446],[-90.5729706,41.5334464],[-90.5726021,41.5334473]]}},{"type":"Feature","properties":{"id":"way/1346447351","highway":"service","service":"parking_aisle"},"geometry":{"type":"LineString","coordinates":[[-90.5731281,41.533446],[-90.5731281,41.533132]]}},{"type":"Feature","properties":{"id":"way/1346447352","highway":"service","service":"parking_aisle"},"geometry":{"type":"LineString","coordinates":[[-90.5732101,41.5334238],[-90.5732136,41.533903],[-90.5732148,41.5340717]]}},{"type":"Feature","properties":{"id":"way/1346447353","highway":"service","service":"parking_aisle"},"geometry":{"type":"LineString","coordinates":[[-90.5732136,41.533903],[-90.572983,41.5339043],[-90.5729706,41.5334464]]}},{"type":"Feature","properties":{"id":"way/1346447354","highway":"service","service":"parking_aisle"},"geometry":{"type":"LineString","coordinates":[[-90.572445,41.5349318],[-90.5719114,41.5349288]]}},{"type":"Feature","properties":{"id":"way/1346447355","highway":"service","service":"parking_aisle"},"geometry":{"type":"LineString","coordinates":[[-90.572437,41.5347235],[-90.5719112,41.5347209]]}},{"type":"Feature","properties":{"id":"way/1346447356","highway":"service","oneway":"yes","service":"parking_aisle"},"geometry":{"type":"LineString","coordinates":[[-90.5719111,41.5346096],[-90.5713823,41.5346083],[-90.5713805,41.5347566],[-90.5719112,41.5347579]]}},{"type":"Feature","properties":{"id":"way/1346447357","covered":"yes","highway":"service","service":"alley","tiger:cfcc":"A41","tiger:county":"Scott, IA","tiger:reviewed":"no"},"geometry":{"type":"LineString","coordinates":[[-90.5733556,41.5340716],[-90.5733588,41.5342548],[-90.5733607,41.5343656]]}},{"type":"Feature","properties":{"id":"way/1346447358","covered":"yes","highway":"service","note":"building cantilevered above alley","service":"alley","tiger:cfcc":"A41","tiger:county":"Scott, IA","tiger:reviewed":"no"},"geometry":{"type":"LineString","coordinates":[[-90.5733607,41.5343656],[-90.5733564,41.5345688]]}},{"type":"Feature","properties":{"id":"way/1349517569","highway":"service","oneway":"yes"},"geometry":{"type":"LineString","coordinates":[[-90.5755576,41.5252866],[-90.5747748,41.5252879]]}},{"type":"Feature","properties":{"id":"way/1349517570","highway":"service"},"geometry":{"type":"LineString","coordinates":[[-90.5747748,41.5252879],[-90.5747741,41.5254767],[-90.5747732,41.5257202]]}},{"type":"Feature","properties":{"id":"way/1349517571","highway":"service"},"geometry":{"type":"LineString","coordinates":[[-90.574353,41.5252883],[-90.5743584,41.5254771],[-90.5747741,41.5254767]]}},{"type":"Feature","properties":{"id":"way/1349517572","highway":"service"},"geometry":{"type":"LineString","coordinates":[[-90.5747748,41.5252879],[-90.574353,41.5252883],[-90.574078,41.5252886]]}},{"type":"Feature","properties":{"id":"way/1349517573","highway":"service"},"geometry":{"type":"LineString","coordinates":[[-90.5747764,41.5251748],[-90.5747748,41.5252879]]}},{"type":"Feature","properties":{"id":"way/1356869610","highway":"service"},"geometry":{"type":"LineString","coordinates":[[-90.5958601,41.5381253],[-90.5959674,41.5381167],[-90.5959677,41.5380702],[-90.5959735,41.5375977]]}},{"type":"Feature","properties":{"id":"way/1356869611","highway":"service","service":"parking_aisle"},"geometry":{"type":"LineString","coordinates":[[-90.5958083,41.5375917],[-90.5958076,41.537808]]}},{"type":"Feature","properties":{"id":"way/1356869612","highway":"service","oneway":"yes","service":"drive-through"},"geometry":{"type":"LineString","coordinates":[[-90.5958083,41.5375917],[-90.5957426,41.5375908],[-90.5956975,41.5376058],[-90.5956676,41.5376337],[-90.5956588,41.5378127],[-90.5956568,41.5380646],[-90.5956619,41.5380885],[-90.5956841,41.538105],[-90.5957376,41.5381205],[-90.5958601,41.5381253]]}},{"type":"Feature","properties":{"id":"way/1356869613","highway":"service"},"geometry":{"type":"LineString","coordinates":[[-90.5958601,41.5382609],[-90.5958601,41.5381253]]}},{"type":"Feature","properties":{"id":"way/1356869614","highway":"service"},"geometry":{"type":"LineString","coordinates":[[-90.5954215,41.5382605],[-90.5954242,41.538469],[-90.5954277,41.5387424],[-90.5954298,41.538773],[-90.5954293,41.5388683]]}},{"type":"Feature","properties":{"id":"way/1356869615","highway":"service","oneway":"yes"},"geometry":{"type":"LineString","coordinates":[[-90.594854,41.5384713],[-90.5948556,41.5387389],[-90.5954277,41.5387424]]}},{"type":"Feature","properties":{"id":"way/1356869616","highway":"service"},"geometry":{"type":"LineString","coordinates":[[-90.5959595,41.5388673],[-90.5959602,41.5387669],[-90.5959564,41.5384678],[-90.5954242,41.538469]]}},{"type":"Feature","properties":{"id":"way/1356869617","highway":"service","oneway":"yes","service":"drive-through"},"geometry":{"type":"LineString","coordinates":[[-90.5954298,41.538773],[-90.5957092,41.5387726]]}},{"type":"Feature","properties":{"id":"way/1356869618","covered":"yes","highway":"service","oneway":"yes","service":"drive-through"},"geometry":{"type":"LineString","coordinates":[[-90.5957092,41.5387726],[-90.5958862,41.5387691]]}},{"type":"Feature","properties":{"id":"way/1356869619","highway":"service","oneway":"yes","service":"drive-through"},"geometry":{"type":"LineString","coordinates":[[-90.5958862,41.5387691],[-90.5959602,41.5387669]]}},{"type":"Feature","properties":{"id":"way/1356869620","highway":"service"},"geometry":{"type":"LineString","coordinates":[[-90.5954242,41.538469],[-90.594854,41.5384713]]}},{"type":"Feature","properties":{"id":"way/1360188576","NHS":"yes","highway":"primary","lanes":"4","maxspeed":"35 mph","name":"East River Drive","ref":"US 67","tiger:cfcc":"A21","tiger:county":"Scott, IA","tiger:name_base":"River","tiger:name_base_1":"United States Highway 67","tiger:name_direction_prefix":"E","tiger:name_type":"Dr","tiger:reviewed":"no","tiger:zip_left":"52803","tiger:zip_right":"52803"},"geometry":{"type":"LineString","coordinates":[[-90.563784,41.5234503],[-90.5636117,41.5235806],[-90.563375,41.5237734],[-90.5630517,41.5240136],[-90.562778,41.524217],[-90.56255,41.524382]]}},{"type":"Feature","properties":{"id":"way/1362801877","highway":"service"},"geometry":{"type":"LineString","coordinates":[[-90.5740475,41.5326328],[-90.5743312,41.5326311],[-90.5743333,41.5323696],[-90.5740398,41.5323686]]}},{"type":"Feature","properties":{"id":"way/1362801878","highway":"service"},"geometry":{"type":"LineString","coordinates":[[-90.5743312,41.5326311],[-90.5744568,41.5325951],[-90.574485,41.5325691],[-90.5744879,41.5324284],[-90.5744538,41.5324005],[-90.5743333,41.5323696]]}},{"type":"Feature","properties":{"id":"way/1364167433","highway":"residential","maxspeed":"30 mph","name":"Elm Street","tiger:cfcc":"A41","tiger:county":"Scott, IA","tiger:name_base":"Elm","tiger:name_type":"St","tiger:reviewed":"no","tiger:zip_left":"52803","tiger:zip_right":"52803"},"geometry":{"type":"LineString","coordinates":[[-90.5515084,41.5414552],[-90.551357,41.5414613],[-90.5501426,41.5414659],[-90.5498588,41.5414678]]}},{"type":"Feature","properties":{"id":"way/1364167434","highway":"tertiary","maxspeed":"30 mph","name":"Eastern Avenue","surface":"asphalt"},"geometry":{"type":"LineString","coordinates":[[-90.5515084,41.5414552],[-90.5515079,41.5415061],[-90.5514982,41.542409],[-90.5514949,41.542874]]}},{"type":"Feature","properties":{"id":"way/1364167435","highway":"tertiary","maxspeed":"35 mph","name":"Eastern Avenue","surface":"asphalt"},"geometry":{"type":"LineString","coordinates":[[-90.5514949,41.542874],[-90.5514909,41.5434355]]}},{"type":"Feature","properties":{"id":"way/1364453013","highway":"service","oneway":"yes","surface":"asphalt"},"geometry":{"type":"LineString","coordinates":[[-90.5929925,41.5388673],[-90.5929953,41.5386998],[-90.5929981,41.53854],[-90.5930006,41.5383907],[-90.5929789,41.5383694],[-90.5925265,41.5383699],[-90.5924952,41.5383818],[-90.5924814,41.5383995],[-90.5924819,41.538537],[-90.5924825,41.5387012],[-90.5924831,41.5388635]]}},{"type":"Feature","properties":{"id":"way/1364453014","highway":"service","oneway":"yes","surface":"asphalt"},"geometry":{"type":"LineString","coordinates":[[-90.5929953,41.5386998],[-90.5924825,41.5387012]]}},{"type":"Feature","properties":{"id":"way/1364453015","highway":"service","oneway":"yes","surface":"asphalt"},"geometry":{"type":"LineString","coordinates":[[-90.5929981,41.53854],[-90.5924819,41.538537]]}},{"type":"Feature","properties":{"id":"way/1374530034","alt_name":"North Perry Street","highway":"residential","lanes":"2","maxspeed":"25 mph","name":"Perry Street","sidewalk:both":"separate","surface":"asphalt","tiger:cfcc":"A41","tiger:county":"Scott, IA","tiger:name_base":"Perry","tiger:name_base_1":"Perry","tiger:name_direction_prefix_1":"N","tiger:name_type":"St","tiger:name_type_1":"St","tiger:reviewed":"no","tiger:zip_left":"52801","tiger:zip_right":"52803"},"geometry":{"type":"LineString","coordinates":[[-90.5726512,41.5199223],[-90.5726512,41.5199693],[-90.5726512,41.5200452],[-90.5726511,41.5201492],[-90.5726511,41.5202032]]}},{"type":"Feature","properties":{"id":"way/1374530035","NHS":"yes","highway":"primary","lanes":"4","maxspeed":"35 mph","name":"East River Drive","oneway":"yes","ref":"US 67","sidewalk:both":"separate","tiger:cfcc":"A21","tiger:county":"Scott, IA","tiger:name_base":"River","tiger:name_base_1":"United States Highway 67","tiger:name_direction_prefix":"E","tiger:name_type":"Dr","tiger:reviewed":"no","tiger:zip_left":"52803","tiger:zip_right":"52803"},"geometry":{"type":"LineString","coordinates":[[-90.5726511,41.520299],[-90.5727843,41.5202966],[-90.5740028,41.5202716],[-90.5741253,41.5202691]]}},{"type":"Feature","properties":{"id":"way/1374530036","highway":"service","surface":"asphalt"},"geometry":{"type":"LineString","coordinates":[[-90.5726512,41.5199223],[-90.5726483,41.5198996],[-90.572632,41.5198786],[-90.5726005,41.5198681],[-90.5725549,41.5198629],[-90.5720786,41.5198716],[-90.571963,41.5198804],[-90.5718451,41.5198952],[-90.5715357,41.5199389],[-90.5714435,41.5199485],[-90.5713769,41.5199494],[-90.5713232,41.5199346],[-90.5712812,41.5199075],[-90.5712637,41.5198821],[-90.5712579,41.5198694],[-90.5712403,41.5198314],[-90.5712289,41.5198035],[-90.5711852,41.5196972]]}},{"type":"Feature","properties":{"id":"way/1374530037","highway":"service","service":"parking_aisle","surface":"asphalt"},"geometry":{"type":"LineString","coordinates":[[-90.5711852,41.5196972],[-90.5715226,41.5196286]]}},{"type":"Feature","properties":{"id":"way/1374530038","highway":"service","service":"driveway","surface":"asphalt"},"geometry":{"type":"LineString","coordinates":[[-90.5711852,41.5196972],[-90.5710431,41.5197266]]}},{"type":"Feature","properties":{"id":"way/1374530039","highway":"service","lanes":"2","surface":"asphalt","tiger:cfcc":"A41","tiger:county":"Scott, IA","tiger:name_base":"Brady","tiger:name_direction_prefix":"S","tiger:name_type":"St","tiger:reviewed":"no"},"geometry":{"type":"LineString","coordinates":[[-90.5741238,41.5200164],[-90.5741261,41.5199956],[-90.574139,41.5199784],[-90.5741613,41.5199692],[-90.5741898,41.519965],[-90.5742063,41.5199663],[-90.574312,41.5199652]]}},{"type":"Feature","properties":{"id":"way/1374530040","highway":"service","service":"parking_aisle"},"geometry":{"type":"LineString","coordinates":[[-90.574312,41.5199652],[-90.5743127,41.5200423],[-90.5746589,41.5200405],[-90.5746572,41.5198552],[-90.574311,41.519857],[-90.574312,41.5199652]]}},{"type":"Feature","properties":{"id":"way/1387978300","highway":"service"},"geometry":{"type":"LineString","coordinates":[[-90.5999388,41.5374201],[-90.6005117,41.5374287]]}},{"type":"Feature","properties":{"id":"way/1388217579","highway":"service"},"geometry":{"type":"LineString","coordinates":[[-90.5637677,41.5380445],[-90.5631476,41.5380465],[-90.5630039,41.5380717],[-90.5628817,41.5381071],[-90.5625256,41.5381039]]}},{"type":"Feature","properties":{"id":"way/1391334118","access":"private","highway":"service","service":"driveway","surface":"gravel"},"geometry":{"type":"LineString","coordinates":[[-90.5600955,41.5148996],[-90.5602523,41.5146135],[-90.5604039,41.5144156],[-90.5604414,41.5143212]]}},{"type":"Feature","properties":{"id":"way/1391334119","access":"private","highway":"service","service":"driveway","surface":"gravel"},"geometry":{"type":"LineString","coordinates":[[-90.5604414,41.5143212],[-90.5605527,41.5142489],[-90.5606171,41.5141495],[-90.560609,41.5140933],[-90.5605755,41.5140561],[-90.5605111,41.514037],[-90.5604401,41.5140461],[-90.5603703,41.5140792],[-90.5603408,41.5141103],[-90.5603274,41.5141555],[-90.5603395,41.5142067],[-90.560377,41.514259],[-90.5604414,41.5143212]]}},{"type":"Feature","properties":{"id":"way/1391334120","access":"private","highway":"service","service":"driveway","surface":"concrete"},"geometry":{"type":"LineString","coordinates":[[-90.5587292,41.5149568],[-90.5586799,41.5144522],[-90.5586553,41.5144107],[-90.5586029,41.5143761],[-90.5585459,41.5143519],[-90.558492,41.5143392],[-90.5584288,41.5143415],[-90.5583533,41.5143611],[-90.5582779,41.5144165],[-90.5582594,41.5144545],[-90.5582548,41.5144903],[-90.5583116,41.5149689]]}},{"type":"Feature","properties":{"id":"way/1392133753","highway":"service"},"geometry":{"type":"LineString","coordinates":[[-90.5617842,41.5177216],[-90.5617405,41.5175834],[-90.5616533,41.5174929]]}},{"type":"Feature","properties":{"id":"way/1409119091","highway":"residential","maxspeed":"25 mph","name":"West 5th Street","surface":"brick","tiger:cfcc":"A41","tiger:county":"Scott, IA","tiger:name_base":"5th","tiger:name_direction_prefix":"W","tiger:name_type":"St","tiger:reviewed":"no","tiger:zip_left":"52802","tiger:zip_right":"52802"},"geometry":{"type":"LineString","coordinates":[[-90.590885,41.5246346],[-90.5925133,41.524633]]}},{"type":"Feature","properties":{"id":"way/1409119092","cycleway:both":"lane","highway":"tertiary","maxspeed":"25 mph","name":"Marquette Street","tiger:cfcc":"A41","tiger:county":"Scott, IA","tiger:name_base":"Marquette","tiger:name_direction_prefix":"N","tiger:name_type":"St","tiger:reviewed":"no"},"geometry":{"type":"LineString","coordinates":[[-90.5908913,41.5212968],[-90.5908969,41.5216773],[-90.590899,41.521823],[-90.5909001,41.5220087],[-90.5909062,41.5223756],[-90.590906,41.5229034],[-90.5909137,41.523474],[-90.590893,41.524076],[-90.5908862,41.5245464],[-90.590886,41.5245621],[-90.590885,41.5246346]]}},{"type":"Feature","properties":{"id":"way/1412381107","NHS":"yes","highway":"trunk","lanes":"4","maxspeed":"35 mph","name":"Harrison Street","oneway":"yes","ref":"US 61 Business","surface":"asphalt","tiger:cfcc":"A25","tiger:county":"Scott, IA","tiger:name_base":"Harrison","tiger:name_base_1":"United States Highway 61","tiger:name_direction_prefix":"N","tiger:name_type":"St","tiger:zip_left":"52803","tiger:zip_right":"52803"},"geometry":{"type":"LineString","coordinates":[[-90.5767482,41.5542549],[-90.5767178,41.5541056],[-90.5766857,41.5539354],[-90.5766505,41.5537468],[-90.5766175,41.5535078],[-90.5766248,41.5527272],[-90.5766348,41.55218],[-90.5766408,41.5518107],[-90.5766433,41.5516553],[-90.5766498,41.5511506],[-90.5766583,41.5509408],[-90.5766633,41.5506692],[-90.576661,41.550175],[-90.576664,41.550062],[-90.5766785,41.5496872],[-90.5766806,41.5496203],[-90.5766811,41.5496045],[-90.576693,41.549178],[-90.576713,41.548635],[-90.576766,41.547844],[-90.576779,41.547663],[-90.576831,41.546938],[-90.576852,41.546689],[-90.576868,41.546505],[-90.576909,41.546036],[-90.5769309,41.5457716],[-90.576951,41.545529],[-90.5770018,41.5449068],[-90.577052,41.544293],[-90.577145,41.543081],[-90.5772707,41.5418647],[-90.5772916,41.5416147],[-90.5773083,41.5414035],[-90.5773139,41.5411777],[-90.5773117,41.5409849],[-90.5773035,41.5406653],[-90.5772995,41.5400561]]}},{"type":"Feature","properties":{"id":"way/1412381108","NHS":"yes","highway":"trunk","lanes":"4","maxspeed":"25 mph","name":"Harrison Street","oneway":"yes","ref":"US 61 Business","surface":"asphalt","tiger:cfcc":"A25","tiger:county":"Scott, IA","tiger:name_base":"Harrison","tiger:name_base_1":"United States Highway 61","tiger:name_direction_prefix":"N","tiger:name_type":"St","tiger:zip_left":"52803","tiger:zip_right":"52803"},"geometry":{"type":"LineString","coordinates":[[-90.5770261,41.5245356],[-90.5770262,41.5243234],[-90.5770281,41.5241812],[-90.5770356,41.5236353],[-90.577037,41.523536],[-90.5770378,41.5234463],[-90.577042,41.522995],[-90.577045,41.5225357],[-90.5770458,41.5224161],[-90.5770462,41.5223454],[-90.5770488,41.5218881],[-90.5770489,41.5218643],[-90.5770498,41.5217096],[-90.5770504,41.5216022],[-90.5770513,41.5214355],[-90.5770514,41.5214232],[-90.577052,41.5213184]]}},{"type":"Feature","properties":{"id":"way/1412381453","highway":"tertiary","maxspeed":"35 mph","name":"East 3rd Street","oneway":"no","sidewalk:left":"separate","sidewalk:right":"no","tiger:cfcc":"A41","tiger:county":"Scott, IA","tiger:name_base":"3rd","tiger:name_direction_prefix":"E","tiger:name_type":"St","tiger:zip_left":"52801","tiger:zip_right":"52801"},"geometry":{"type":"LineString","coordinates":[[-90.5682567,41.5223964],[-90.5681377,41.5223957],[-90.5671047,41.5223896],[-90.5667434,41.5223875],[-90.565844,41.522384]]}},{"type":"Feature","properties":{"id":"way/1413191214","highway":"service","service":"driveway"},"geometry":{"type":"LineString","coordinates":[[-90.5641455,41.5382757],[-90.5641506,41.5386861],[-90.5640242,41.5387891],[-90.5640148,41.5387931],[-90.5639454,41.5388228],[-90.5639064,41.5388745],[-90.5639426,41.5390017]]}},{"type":"Feature","properties":{"id":"way/1413191215","highway":"service","service":"driveway"},"geometry":{"type":"LineString","coordinates":[[-90.5641506,41.5386861],[-90.5641636,41.5387209],[-90.5641804,41.5390929]]}},{"type":"Feature","properties":{"id":"way/1413191216","highway":"service"},"geometry":{"type":"LineString","coordinates":[[-90.5639426,41.5390017],[-90.5640033,41.5390801]]}},{"type":"Feature","properties":{"id":"way/1422035531","highway":"service","oneway":"yes"},"geometry":{"type":"LineString","coordinates":[[-90.598484,41.5377502],[-90.5982023,41.5377431],[-90.5981939,41.5380334],[-90.5981873,41.5382602]]}},{"type":"Feature","properties":{"id":"way/1422035532","highway":"service","oneway":"yes"},"geometry":{"type":"LineString","coordinates":[[-90.5984719,41.5382603],[-90.5984801,41.5379158],[-90.598484,41.5377502]]}},{"type":"Feature","properties":{"id":"way/1422035533","highway":"service"},"geometry":{"type":"LineString","coordinates":[[-90.5980703,41.5380503],[-90.597612,41.5380474],[-90.5975531,41.538047],[-90.5974933,41.5380458]]}},{"type":"Feature","properties":{"id":"way/1422035534","highway":"service"},"geometry":{"type":"LineString","coordinates":[[-90.597612,41.5380474],[-90.597618,41.5378507],[-90.5980701,41.5378552]]}},{"type":"Feature","properties":{"id":"way/1422035535","highway":"service","oneway":"yes","service":"drive-through"},"geometry":{"type":"LineString","coordinates":[[-90.5984801,41.5379158],[-90.5984465,41.5378474],[-90.598433,41.5377823],[-90.598409,41.5377677],[-90.5983626,41.5377621],[-90.5982997,41.537761],[-90.5982682,41.5377722],[-90.5982412,41.5378003],[-90.5982277,41.5378844],[-90.5982292,41.537992],[-90.5982203,41.5380156],[-90.5981939,41.5380334]]}},{"type":"Feature","properties":{"id":"way/1422035536","highway":"service"},"geometry":{"type":"LineString","coordinates":[[-90.598484,41.5377502],[-90.598733,41.5377565]]}},{"type":"Feature","properties":{"id":"way/1429158719","highway":"service"},"geometry":{"type":"LineString","coordinates":[[-90.5452303,41.5332786],[-90.5452725,41.5331406],[-90.5452685,41.5324011],[-90.5448625,41.5323996]]}},{"type":"Feature","properties":{"id":"way/1429158720","highway":"service"},"geometry":{"type":"LineString","coordinates":[[-90.5448625,41.5323996],[-90.5448501,41.5331053]]}},{"type":"Feature","properties":{"id":"way/1430020924","highway":"service","oneway":"yes"},"geometry":{"type":"LineString","coordinates":[[-90.5739921,41.5403665],[-90.5737378,41.5403587],[-90.5737157,41.5397533]]}},{"type":"Feature","properties":{"id":"way/1430020925","highway":"service"},"geometry":{"type":"LineString","coordinates":[[-90.5737157,41.5397533],[-90.5736794,41.5396754],[-90.5736206,41.5392465]]}},{"type":"Feature","properties":{"id":"way/1430020926","highway":"residential","maxspeed":"25 mph","name":"East Pleasant Street","tiger:cfcc":"A41","tiger:county":"Scott, IA","tiger:name_base":"Pleasant","tiger:name_direction_prefix":"E","tiger:name_type":"St","tiger:reviewed":"no","tiger:zip_left":"52803","tiger:zip_right":"52803"},"geometry":{"type":"LineString","coordinates":[[-90.5740175,41.5397518],[-90.5737157,41.5397533]]}},{"type":"Feature","properties":{"id":"way/1430020927","highway":"service"},"geometry":{"type":"LineString","coordinates":[[-90.574203,41.5387911],[-90.5742045,41.5389319],[-90.5747861,41.5389326]]}},{"type":"Feature","properties":{"id":"way/1430311992","highway":"service"},"geometry":{"type":"LineString","coordinates":[[-90.5759077,41.5382704],[-90.5759077,41.5384077],[-90.5761053,41.5384077],[-90.5761026,41.538271]]}},{"type":"Feature","properties":{"id":"way/1430311993","highway":"service"},"geometry":{"type":"LineString","coordinates":[[-90.5759077,41.5384077],[-90.5758995,41.5387768]]}},{"type":"Feature","properties":{"id":"way/1430311994","highway":"service","oneway":"yes","service":"drive-through"},"geometry":{"type":"LineString","coordinates":[[-90.5761689,41.5387783],[-90.5761689,41.5384401],[-90.5761053,41.5384077]]}},{"type":"Feature","properties":{"id":"way/1430405240","highway":"service"},"geometry":{"type":"LineString","coordinates":[[-90.5925934,41.5380117],[-90.5922642,41.5380146],[-90.5922629,41.5382664]]}},{"type":"Feature","properties":{"id":"way/1432718170","highway":"service"},"geometry":{"type":"LineString","coordinates":[[-90.5792108,41.5202838],[-90.5792108,41.5203316],[-90.5792077,41.5206748],[-90.579207,41.5207633]]}},{"type":"Feature","properties":{"id":"way/1432718171","highway":"service"},"geometry":{"type":"LineString","coordinates":[[-90.5795929,41.5206767],[-90.5792077,41.5206748]]}},{"type":"Feature","properties":{"id":"way/1432731348","highway":"service"},"geometry":{"type":"LineString","coordinates":[[-90.5920277,41.5380829],[-90.5917713,41.5380809],[-90.5915886,41.5379671],[-90.5915861,41.5378141],[-90.5914152,41.5378122]]}},{"type":"Feature","properties":{"id":"way/1432731349","highway":"service"},"geometry":{"type":"LineString","coordinates":[[-90.5915886,41.5379671],[-90.5914121,41.5379614]]}},{"type":"Feature","properties":{"id":"way/1433571960","highway":"service"},"geometry":{"type":"LineString","coordinates":[[-90.5770167,41.5380293],[-90.5770094,41.537496],[-90.5767883,41.5374944]]}},{"type":"Feature","properties":{"id":"way/1433571961","highway":"service"},"geometry":{"type":"LineString","coordinates":[[-90.5770094,41.537496],[-90.57725,41.537491]]}},{"type":"Feature","properties":{"id":"way/1433571962","highway":"service"},"geometry":{"type":"LineString","coordinates":[[-90.5758473,41.5374729],[-90.5760212,41.5374748],[-90.5760961,41.5374757],[-90.5763356,41.5374784]]}},{"type":"Feature","properties":{"id":"way/1433571963","highway":"service"},"geometry":{"type":"LineString","coordinates":[[-90.5760212,41.5374748],[-90.5760103,41.5372101],[-90.5759686,41.5371805],[-90.5758456,41.5371835]]}},{"type":"Feature","properties":{"id":"way/1433571964","highway":"service","service":"parking_aisle"},"geometry":{"type":"LineString","coordinates":[[-90.5758473,41.5374729],[-90.5758456,41.5371835]]}},{"type":"Feature","properties":{"id":"way/1433571965","highway":"service","service":"parking_aisle"},"geometry":{"type":"LineString","coordinates":[[-90.5758473,41.5374729],[-90.5758717,41.5379623],[-90.5759059,41.5379769],[-90.5760978,41.5379806],[-90.5760961,41.5374757]]}},{"type":"Feature","properties":{"id":"way/1433571966","highway":"service"},"geometry":{"type":"LineString","coordinates":[[-90.5767883,41.5374944],[-90.5766209,41.537493]]}},{"type":"Feature","properties":{"id":"way/1433571967","highway":"service","oneway":"yes"},"geometry":{"type":"LineString","coordinates":[[-90.5755728,41.5374698],[-90.5758473,41.5374729]]}},{"type":"Feature","properties":{"id":"way/1433571968","highway":"service","oneway":"yes"},"geometry":{"type":"LineString","coordinates":[[-90.5758456,41.5371835],[-90.5755704,41.5371919]]}},{"type":"Feature","properties":{"id":"way/1433571969","highway":"service"},"geometry":{"type":"LineString","coordinates":[[-90.5770201,41.5382736],[-90.5770167,41.5380293]]}},{"type":"Feature","properties":{"id":"way/1433571970","highway":"service","service":"parking_aisle"},"geometry":{"type":"LineString","coordinates":[[-90.5767883,41.5374944],[-90.5768055,41.5380277],[-90.5770167,41.5380293]]}},{"type":"Feature","properties":{"id":"way/1433603819","highway":"service","service":"driveway"},"geometry":{"type":"LineString","coordinates":[[-90.5591602,41.5293735],[-90.5590387,41.5294051],[-90.5586579,41.5293601],[-90.5586504,41.5292661]]}},{"type":"Feature","properties":{"id":"way/1435080047","highway":"service"},"geometry":{"type":"LineString","coordinates":[[-90.570501,41.5491725],[-90.5705,41.5489966],[-90.5701236,41.5490015]]}},{"type":"Feature","properties":{"id":"way/1435080048","highway":"service"},"geometry":{"type":"LineString","coordinates":[[-90.5705,41.5489966],[-90.5707126,41.5489959],[-90.5707513,41.5487971]]}},{"type":"Feature","properties":{"id":"way/1435080049","highway":"service"},"geometry":{"type":"LineString","coordinates":[[-90.5713873,41.549667],[-90.5713809,41.5493301],[-90.5711717,41.549324],[-90.5710074,41.5493192]]}},{"type":"Feature","properties":{"id":"way/1435080050","highway":"service"},"geometry":{"type":"LineString","coordinates":[[-90.5711667,41.5496701],[-90.5711717,41.549324]]}},{"type":"Feature","properties":{"id":"way/1436863759","highway":"service"},"geometry":{"type":"LineString","coordinates":[[-90.5772847,41.5384889],[-90.5770518,41.538485],[-90.5770488,41.5385773],[-90.5770458,41.5386672]]}},{"type":"Feature","properties":{"id":"way/1436863760","highway":"service"},"geometry":{"type":"LineString","coordinates":[[-90.5770458,41.5386672],[-90.5772835,41.5386765]]}},{"type":"Feature","properties":{"id":"way/1436863761","highway":"service"},"geometry":{"type":"LineString","coordinates":[[-90.5770458,41.5386672],[-90.5768707,41.5386754],[-90.5768667,41.5385823],[-90.5768631,41.5385448],[-90.5768154,41.5385259],[-90.5766785,41.5385222],[-90.5764868,41.5385142],[-90.5764933,41.5383847],[-90.5764913,41.5382721]]}},{"type":"Feature","properties":{"id":"way/1436863762","highway":"service"},"geometry":{"type":"LineString","coordinates":[[-90.5764933,41.5383847],[-90.5766814,41.5383828],[-90.5767669,41.5383844],[-90.5767675,41.5382729]]}},{"type":"Feature","properties":{"id":"way/1436863763","highway":"service"},"geometry":{"type":"LineString","coordinates":[[-90.5770518,41.538485],[-90.5770167,41.5384026],[-90.5768243,41.5383859],[-90.5767669,41.5383844]]}},{"type":"Feature","properties":{"id":"way/1436863764","highway":"service"},"geometry":{"type":"LineString","coordinates":[[-90.5764868,41.5385142],[-90.5763677,41.5385575],[-90.5763867,41.5387795]]}},{"type":"Feature","properties":{"id":"way/1436863765","covered":"yes","highway":"service"},"geometry":{"type":"LineString","coordinates":[[-90.5766793,41.5384037],[-90.5766786,41.5384971]]}},{"type":"Feature","properties":{"id":"way/1436863766","covered":"yes","highway":"service"},"geometry":{"type":"LineString","coordinates":[[-90.5768188,41.5384979],[-90.5768223,41.5384045]]}},{"type":"Feature","properties":{"id":"way/1436863767","covered":"yes","highway":"service"},"geometry":{"type":"LineString","coordinates":[[-90.5770139,41.538577],[-90.5769031,41.5385812]]}},{"type":"Feature","properties":{"id":"way/1436863768","highway":"service"},"geometry":{"type":"LineString","coordinates":[[-90.5770488,41.5385773],[-90.5770139,41.538577]]}},{"type":"Feature","properties":{"id":"way/1436863769","highway":"service"},"geometry":{"type":"LineString","coordinates":[[-90.5769031,41.5385812],[-90.5768667,41.5385823]]}},{"type":"Feature","properties":{"id":"way/1436863770","highway":"service"},"geometry":{"type":"LineString","coordinates":[[-90.5766786,41.5384971],[-90.5766785,41.5385222]]}},{"type":"Feature","properties":{"id":"way/1436863771","highway":"service"},"geometry":{"type":"LineString","coordinates":[[-90.5766814,41.5383828],[-90.5766793,41.5384037]]}},{"type":"Feature","properties":{"id":"way/1436863772","highway":"service"},"geometry":{"type":"LineString","coordinates":[[-90.5768154,41.5385259],[-90.5768188,41.5384979]]}},{"type":"Feature","properties":{"id":"way/1436863773","highway":"service"},"geometry":{"type":"LineString","coordinates":[[-90.5768223,41.5384045],[-90.5768243,41.5383859]]}},{"type":"Feature","properties":{"id":"way/1436863774","covered":"yes","highway":"service"},"geometry":{"type":"LineString","coordinates":[[-90.5769039,41.5384983],[-90.5769679,41.5384342]]}},{"type":"Feature","properties":{"id":"way/1436863775","highway":"service"},"geometry":{"type":"LineString","coordinates":[[-90.5769679,41.5384342],[-90.5770167,41.5384026]]}},{"type":"Feature","properties":{"id":"way/1436863776","highway":"service"},"geometry":{"type":"LineString","coordinates":[[-90.5768631,41.5385448],[-90.5769039,41.5384983]]}},{"type":"Feature","properties":{"id":"way/1436863777","highway":"service"},"geometry":{"type":"LineString","coordinates":[[-90.5770458,41.5386672],[-90.5770495,41.5387791]]}},{"type":"Feature","properties":{"id":"way/1441911562","highway":"service"},"geometry":{"type":"LineString","coordinates":[[-90.5474694,41.5386082],[-90.5470168,41.538607]]}},{"type":"Feature","properties":{"id":"way/1442855834","NHS":"yes","highway":"trunk","lanes":"4","maxspeed":"25 mph","name":"Harrison Street","oneway":"yes","ref":"US 61 Business","surface":"asphalt","tiger:cfcc":"A25","tiger:county":"Scott, IA","tiger:name_base":"Harrison","tiger:name_base_1":"United States Highway 61","tiger:name_direction_prefix":"N","tiger:name_type":"St","tiger:zip_left":"52803","tiger:zip_right":"52803"},"geometry":{"type":"LineString","coordinates":[[-90.577017,41.525734],[-90.5770277,41.525192],[-90.577026,41.5246486]]}},{"type":"Feature","properties":{"id":"way/1442855835","highway":"residential","maxspeed":"25 mph","name":"West 5th Street","surface":"paved","tiger:cfcc":"A41","tiger:county":"Scott, IA","tiger:name_base":"5th","tiger:name_direction_prefix":"W","tiger:name_type":"St","tiger:reviewed":"no","tiger:zip_left":"52802","tiger:zip_right":"52802"},"geometry":{"type":"LineString","coordinates":[[-90.577026,41.5246486],[-90.5771911,41.5246485],[-90.578339,41.5246479],[-90.5785156,41.5246478]]}},{"type":"Feature","properties":{"id":"way/1442855836","NHS":"yes","highway":"trunk","lanes":"4","layer":"-1","maxheight":"11'8\"","maxspeed":"25 mph","name":"Harrison Street","oneway":"yes","ref":"US 61 Business","surface":"asphalt","tiger:cfcc":"A25","tiger:county":"Scott, IA","tiger:name_base":"Harrison","tiger:name_base_1":"United States Highway 61","tiger:name_direction_prefix":"N","tiger:name_type":"St","tiger:zip_left":"52803","tiger:zip_right":"52803","tunnel":"yes"},"geometry":{"type":"LineString","coordinates":[[-90.577026,41.5246486],[-90.5770261,41.5245356]]}},{"type":"Feature","properties":{"id":"way/1442855837","highway":"residential","lanes":"2","layer":"-1","maxheight":"10'2\"","maxspeed":"20 mph","name":"Ripley Street","surface":"paved","tunnel":"yes"},"geometry":{"type":"LineString","coordinates":[[-90.5785156,41.5246478],[-90.5785158,41.5245258]]}},{"type":"Feature","properties":{"id":"way/1442855838","highway":"residential","maxspeed":"25 mph","name":"West 5th Street","surface":"paved","tiger:cfcc":"A41","tiger:county":"Scott, IA","tiger:name_base":"5th","tiger:name_direction_prefix":"W","tiger:name_type":"St","tiger:reviewed":"no","tiger:zip_left":"52802","tiger:zip_right":"52802"},"geometry":{"type":"LineString","coordinates":[[-90.5785156,41.5246478],[-90.5786761,41.5246476],[-90.5794899,41.5246463],[-90.579972,41.5246456]]}},{"type":"Feature","properties":{"id":"way/1442855839","alt_name":"North Main Street","highway":"tertiary","layer":"-1","maxheight":"10'0\"","maxspeed":"25 mph","maxweight":"7 st","name":"Main Street","ref":"US 6 Hist","source:maxweight":"https://ecode360.com/39603137#39603137","tiger:cfcc":"A41","tiger:county":"Scott, IA","tiger:name_base":"Main","tiger:name_direction_prefix":"N","tiger:name_type":"St","tiger:reviewed":"no","tunnel":"yes"},"geometry":{"type":"LineString","coordinates":[[-90.5755641,41.5245336],[-90.5755627,41.5246501]]}},{"type":"Feature","properties":{"id":"way/1442855840","NHS":"yes","highway":"trunk","lanes":"3","layer":"-1","maxheight":"11'8\"","maxspeed":"35 mph","name":"Brady Street","oneway":"yes","ref":"US 61 Business","tiger:cfcc":"A25","tiger:county":"Scott, IA","tiger:name_base":"Brady","tiger:name_base_1":"United States Highway 61","tiger:name_type":"St","tiger:zip_left":"52803","tiger:zip_right":"52803","tunnel":"yes"},"geometry":{"type":"LineString","coordinates":[[-90.5740798,41.5245311],[-90.5740781,41.5246516]]}},{"type":"Feature","properties":{"id":"way/1442855841","alt_name":"North Perry Street","highway":"residential","maxspeed":"25 mph","name":"Perry Street","tiger:cfcc":"A41","tiger:county":"Scott, IA","tiger:name_base":"Perry","tiger:name_base_1":"Perry","tiger:name_direction_prefix_1":"N","tiger:name_type":"St","tiger:name_type_1":"St","tiger:reviewed":"no","tiger:zip_left":"52801","tiger:zip_right":"52803"},"geometry":{"type":"LineString","coordinates":[[-90.572607,41.523515],[-90.5726105,41.5237334],[-90.57262,41.5243248]]}},{"type":"Feature","properties":{"id":"way/1442855842","alt_name":"North Perry Street","highway":"residential","layer":"-1","maxheight":"11'3\"","maxspeed":"25 mph","name":"Perry Street","tiger:cfcc":"A41","tiger:county":"Scott, IA","tiger:name_base":"Perry","tiger:name_base_1":"Perry","tiger:name_direction_prefix_1":"N","tiger:name_type":"St","tiger:name_type_1":"St","tiger:reviewed":"no","tiger:zip_left":"52801","tiger:zip_right":"52803","tunnel":"yes"},"geometry":{"type":"LineString","coordinates":[[-90.57262,41.5243248],[-90.572621,41.524389],[-90.5726218,41.5244424]]}},{"type":"Feature","properties":{"id":"way/1442855843","highway":"service","layer":"-1","maxheight":"9'7\"","service":"alley","tunnel":"yes"},"geometry":{"type":"LineString","coordinates":[[-90.5733435,41.5244965],[-90.573343,41.5245988]]}},{"type":"Feature","properties":{"id":"way/1442855844","highway":"service","service":"alley"},"geometry":{"type":"LineString","coordinates":[[-90.573343,41.5245988],[-90.5733428,41.5246498]]}},{"type":"Feature","properties":{"id":"way/1442856109","highway":"secondary","lanes":"3","maxspeed":"35 mph","name":"East 4th Street","oneway":"yes","ref":"US 6 Hist","tiger:cfcc":"A41","tiger:county":"Scott, IA","tiger:name_base":"4th","tiger:name_direction_prefix":"E","tiger:name_type":"St","tiger:zip_left":"52801","tiger:zip_right":"52801"},"geometry":{"type":"LineString","coordinates":[[-90.571177,41.523505],[-90.571287,41.5235058],[-90.5716688,41.5235085],[-90.5718876,41.52351],[-90.5723945,41.5235135],[-90.572607,41.523515],[-90.5729162,41.5235169],[-90.5733476,41.5235195],[-90.5735113,41.5235205],[-90.5739685,41.5235232],[-90.574093,41.523524]]}},{"type":"Feature","properties":{"id":"way/1442856110","highway":"residential","maxspeed":"25 mph","name":"Pershing Avenue","surface":"paved","tiger:cfcc":"A41","tiger:county":"Scott, IA","tiger:name_base":"Pershing","tiger:name_type":"Ave","tiger:reviewed":"no","tiger:zip_left":"52801","tiger:zip_right":"52801"},"geometry":{"type":"LineString","coordinates":[[-90.5711769,41.5236239],[-90.5711766,41.5239254],[-90.5711765,41.5240619],[-90.5711763,41.5243348],[-90.571176,41.52464],[-90.571174,41.5251739],[-90.5711736,41.5252844],[-90.571172,41.525702],[-90.571166,41.526257]]}},{"type":"Feature","properties":{"id":"way/1442856111","highway":"residential","maxheight":"13'2\"","maxspeed":"25 mph","name":"Pershing Avenue","surface":"paved","tiger:cfcc":"A41","tiger:county":"Scott, IA","tiger:name_base":"Pershing","tiger:name_type":"Ave","tiger:reviewed":"no","tiger:zip_left":"52801","tiger:zip_right":"52801"},"geometry":{"type":"LineString","coordinates":[[-90.571177,41.523505],[-90.5711769,41.5235985],[-90.5711769,41.5236239]]}},{"type":"Feature","properties":{"id":"way/1442856112","highway":"secondary","lanes":"3","maxheight":"13'2\"","maxspeed":"35 mph","name":"East 4th Street","oneway":"yes","sidewalk:both":"separate","tiger:cfcc":"A41","tiger:county":"Scott, IA","tiger:name_base":"4th","tiger:name_direction_prefix":"E","tiger:name_type":"St","tiger:zip_left":"52801","tiger:zip_right":"52801"},"geometry":{"type":"LineString","coordinates":[[-90.5710144,41.5235029],[-90.5710362,41.523503],[-90.5710459,41.5235031],[-90.571177,41.523505]]}},{"type":"Feature","properties":{"id":"way/1442857545","highway":"residential","lanes":"2","maxspeed":"25 mph","name":"Fillmore Street","tiger:cfcc":"A41","tiger:county":"Scott, IA","tiger:name_base":"Fillmore","tiger:name_type":"St","tiger:reviewed":"no","tiger:zip_left":"52802","tiger:zip_right":"52802"},"geometry":{"type":"LineString","coordinates":[[-90.5943601,41.5213197],[-90.5943584,41.5216933],[-90.594358,41.52179],[-90.5943588,41.5223575],[-90.594355,41.5228924],[-90.594352,41.5234615],[-90.5943517,41.52384],[-90.594337,41.5244194]]}},{"type":"Feature","properties":{"id":"way/1442857546","highway":"tertiary","lanes":"2","layer":"-1","maxheight":"11'4\"","maxspeed":"25 mph","name":"Fillmore Street","tiger:cfcc":"A41","tiger:county":"Scott, IA","tiger:name_base":"Fillmore","tiger:name_type":"St","tiger:reviewed":"no","tiger:zip_left":"52802","tiger:zip_right":"52802","tunnel":"yes"},"geometry":{"type":"LineString","coordinates":[[-90.594337,41.5244194],[-90.594335,41.524499],[-90.5943364,41.5245976]]}},{"type":"Feature","properties":{"id":"way/1442858170","highway":"tertiary","maxspeed":"30 mph","maxweightrating:hgv":"7 st","name":"Kirkwood Boulevard","oneway":"yes","tiger:cfcc":"A45","tiger:county":"Scott, IA","tiger:name_base":"Kirkwood","tiger:name_type":"Blvd","tiger:reviewed":"no"},"geometry":{"type":"LineString","coordinates":[[-90.5452295,41.5334223],[-90.545431,41.533525],[-90.5457507,41.5337481],[-90.5458478,41.5338459],[-90.5458601,41.5338583],[-90.5459548,41.5339911],[-90.5461299,41.5343019],[-90.5462552,41.5344373],[-90.5464528,41.5345801],[-90.5466494,41.5346723],[-90.5467668,41.5347127],[-90.5469197,41.5347475],[-90.5469585,41.534755]]}},{"type":"Feature","properties":{"id":"way/1442858171","highway":"tertiary","maxspeed":"30 mph","maxweightrating:hgv":"7 st","name":"Kirkwood Boulevard","oneway":"yes","surface":"asphalt","tiger:cfcc":"A45","tiger:county":"Scott, IA","tiger:name_base":"Kirkwood","tiger:name_type":"Blvd","tiger:reviewed":"no"},"geometry":{"type":"LineString","coordinates":[[-90.5469487,41.5346266],[-90.5467851,41.5345805],[-90.5466585,41.5345309],[-90.5464679,41.5344232],[-90.5463614,41.5343425],[-90.5462621,41.5342204],[-90.5461726,41.5340752],[-90.5460245,41.5338337],[-90.5459801,41.5337822],[-90.545922,41.5337148],[-90.545825,41.533621],[-90.545647,41.533492],[-90.545284,41.533306],[-90.5452303,41.5332786],[-90.545061,41.533191],[-90.5449569,41.5331487],[-90.5448501,41.5331053],[-90.544692,41.533041],[-90.544134,41.532815],[-90.543936,41.532784]]}},{"type":"Feature","properties":{"id":"way/1442858172","highway":"tertiary","layer":"-1","maxheight":"8'8\"","maxspeed":"30 mph","maxweightrating:hgv":"7 st","name":"Kirkwood Boulevard","oneway":"yes","tiger:cfcc":"A45","tiger:county":"Scott, IA","tiger:name_base":"Kirkwood","tiger:name_type":"Blvd","tiger:reviewed":"no","tunnel":"yes"},"geometry":{"type":"LineString","coordinates":[[-90.5469585,41.534755],[-90.5471308,41.534788]]}},{"type":"Feature","properties":{"id":"way/1442858173","highway":"tertiary","layer":"-1","maxheight":"8'8\"","maxspeed":"30 mph","maxweightrating:hgv":"7 st","name":"Kirkwood Boulevard","oneway":"yes","surface":"asphalt","tiger:cfcc":"A45","tiger:county":"Scott, IA","tiger:name_base":"Kirkwood","tiger:name_type":"Blvd","tiger:reviewed":"no","tunnel":"yes"},"geometry":{"type":"LineString","coordinates":[[-90.547117,41.5346606],[-90.5469487,41.5346266]]}},{"type":"Feature","properties":{"id":"way/1442859080","highway":"service","service":"alley","tiger:cfcc":"A41","tiger:county":"Scott, IA","tiger:reviewed":"no"},"geometry":{"type":"LineString","coordinates":[[-90.5464921,41.531628],[-90.5460482,41.5316254],[-90.54582,41.531624],[-90.5457282,41.5316235],[-90.5454988,41.5316221],[-90.5452362,41.5316206],[-90.5451128,41.5316199],[-90.5449173,41.5316179],[-90.5447407,41.5316161],[-90.5442654,41.5316119],[-90.5441804,41.531611],[-90.5439015,41.531608],[-90.543673,41.531606]]}},{"type":"Feature","properties":{"id":"way/1442859081","highway":"residential","maxspeed":"25 mph","name":"Mound Street","surface":"asphalt","tiger:cfcc":"A41","tiger:county":"Scott, IA","tiger:name_base":"Mound","tiger:name_type":"St","tiger:reviewed":"no","tiger:zip_left":"52803","tiger:zip_right":"52803"},"geometry":{"type":"LineString","coordinates":[[-90.5464921,41.531628],[-90.5464969,41.532148]]}},{"type":"Feature","properties":{"id":"way/1444464137","highway":"service"},"geometry":{"type":"LineString","coordinates":[[-90.5772246,41.533237],[-90.5778348,41.5332432]]}},{"type":"Feature","properties":{"id":"way/1444482485","highway":"service"},"geometry":{"type":"LineString","coordinates":[[-90.5627816,41.5434276],[-90.5622982,41.5434306]]}},{"type":"Feature","properties":{"id":"way/1447426532","highway":"service"},"geometry":{"type":"LineString","coordinates":[[-90.570902,41.5278257],[-90.5708694,41.5276645],[-90.5703731,41.5276598],[-90.5700939,41.5276567]]}},{"type":"Feature","properties":{"id":"way/1447426533","highway":"service"},"geometry":{"type":"LineString","coordinates":[[-90.5708694,41.5276645],[-90.5708698,41.5272426]]}},{"type":"Feature","properties":{"id":"way/1447426534","highway":"service"},"geometry":{"type":"LineString","coordinates":[[-90.5703731,41.5276598],[-90.5703716,41.5274016]]}},{"type":"Feature","properties":{"id":"way/1447556894","highway":"residential","maxspeed":"25 mph","name":"Western Avenue","tiger:cfcc":"A41","tiger:county":"Scott, IA","tiger:name_base":"Western","tiger:name_type":"Ave","tiger:reviewed":"no","tiger:zip_left":"52803","tiger:zip_right":"52803"},"geometry":{"type":"LineString","coordinates":[[-90.581268,41.530445],[-90.581258,41.530949]]}},{"type":"Feature","properties":{"id":"way/1449380823","highway":"service"},"geometry":{"type":"LineString","coordinates":[[-90.5728984,41.5224198],[-90.5729116,41.5219589],[-90.5729697,41.521923],[-90.5739778,41.5219147],[-90.5740852,41.5219154]]}},{"type":"Feature","properties":{"id":"way/1449922883","highway":"service"},"geometry":{"type":"LineString","coordinates":[[-90.5579296,41.5381326],[-90.5572158,41.5381352]]}},{"type":"Feature","properties":{"id":"way/1449990227","highway":"service"},"geometry":{"type":"LineString","coordinates":[[-90.5772921,41.5393173],[-90.5770484,41.5393173],[-90.5766023,41.5393264]]}},{"type":"Feature","properties":{"id":"way/1449990228","highway":"service"},"geometry":{"type":"LineString","coordinates":[[-90.5770484,41.5393173],[-90.577039,41.5388869],[-90.5766003,41.5388972]]}},{"type":"Feature","properties":{"id":"way/1449990229","highway":"service"},"geometry":{"type":"LineString","coordinates":[[-90.5772845,41.5388858],[-90.577039,41.5388869]]}},{"type":"Feature","properties":{"id":"way/1452540115","covered":"yes","highway":"service"},"geometry":{"type":"LineString","coordinates":[[-90.573718,41.5211761],[-90.5734188,41.5211754]]}},{"type":"Feature","properties":{"id":"way/1452540116","highway":"service"},"geometry":{"type":"LineString","coordinates":[[-90.5734188,41.5211754],[-90.5733578,41.5212014],[-90.5733362,41.5212357],[-90.5733352,41.5213154]]}},{"type":"Feature","properties":{"id":"way/1452540117","highway":"service"},"geometry":{"type":"LineString","coordinates":[[-90.5738253,41.5213158],[-90.5738169,41.5212408],[-90.5737756,41.5211943],[-90.573718,41.5211761]]}},{"type":"Feature","properties":{"id":"way/1453341204","highway":"service","oneway":"yes"},"geometry":{"type":"LineString","coordinates":[[-90.5527534,41.5318204],[-90.5526765,41.5318773],[-90.5526697,41.5320448],[-90.5528758,41.5320509]]}},{"type":"Feature","properties":{"id":"way/1453341205","highway":"service","oneway":"yes"},"geometry":{"type":"LineString","coordinates":[[-90.5528758,41.5320509],[-90.552964,41.5321068],[-90.5533426,41.532119],[-90.5534305,41.5321197],[-90.5538126,41.5321158]]}},{"type":"Feature","properties":{"id":"way/1453341206","highway":"service","oneway":"yes"},"geometry":{"type":"LineString","coordinates":[[-90.5528855,41.5317649],[-90.5528758,41.5320509]]}},{"type":"Feature","properties":{"id":"way/1453341207","highway":"service","oneway":"yes","tiger:cfcc":"A41","tiger:county":"Scott, IA","tiger:reviewed":"no"},"geometry":{"type":"LineString","coordinates":[[-90.5528855,41.5317649],[-90.5527534,41.5318204]]}},{"type":"Feature","properties":{"id":"way/1454376127","highway":"service","oneway":"yes"},"geometry":{"type":"LineString","coordinates":[[-90.5770018,41.5449068],[-90.5771929,41.5449196],[-90.5772347,41.5449382],[-90.5772471,41.5449648],[-90.5772487,41.5455259]]}},{"type":"Feature","properties":{"id":"way/1454441675","highway":"service"},"geometry":{"type":"LineString","coordinates":[[-90.5587643,41.5382874],[-90.5587684,41.5384175],[-90.5586958,41.5385312],[-90.5586493,41.5385949],[-90.5585717,41.5387015],[-90.5583624,41.5386841],[-90.5581665,41.5387012]]}},{"type":"Feature","properties":{"id":"way/1454441676","highway":"service"},"geometry":{"type":"LineString","coordinates":[[-90.5587684,41.5384175],[-90.5585717,41.5384116],[-90.5585059,41.5385002],[-90.5584543,41.5385695],[-90.5583624,41.5386841]]}},{"type":"Feature","properties":{"id":"way/1454441677","covered":"yes","highway":"service"},"geometry":{"type":"LineString","coordinates":[[-90.5586562,41.5385237],[-90.5585686,41.5385102]]}},{"type":"Feature","properties":{"id":"way/1454441678","highway":"service"},"geometry":{"type":"LineString","coordinates":[[-90.5586958,41.5385312],[-90.5586562,41.5385237]]}},{"type":"Feature","properties":{"id":"way/1454441679","highway":"service"},"geometry":{"type":"LineString","coordinates":[[-90.5585686,41.5385102],[-90.5585059,41.5385002]]}},{"type":"Feature","properties":{"id":"way/1454441680","covered":"yes","highway":"service"},"geometry":{"type":"LineString","coordinates":[[-90.5585926,41.5385871],[-90.5584949,41.5385737]]}},{"type":"Feature","properties":{"id":"way/1454441681","highway":"service"},"geometry":{"type":"LineString","coordinates":[[-90.5584949,41.5385737],[-90.5584543,41.5385695]]}},{"type":"Feature","properties":{"id":"way/1454441682","highway":"service"},"geometry":{"type":"LineString","coordinates":[[-90.5586493,41.5385949],[-90.5585926,41.5385871]]}},{"type":"Feature","properties":{"id":"way/1454457902","highway":"service"},"geometry":{"type":"LineString","coordinates":[[-90.5703582,41.5382763],[-90.5703649,41.5379802],[-90.5703681,41.5378716]]}},{"type":"Feature","properties":{"id":"way/1454457903","highway":"service"},"geometry":{"type":"LineString","coordinates":[[-90.5697048,41.5378167],[-90.5698548,41.5378179],[-90.5699547,41.5378187],[-90.57,41.5378352],[-90.5700042,41.5378699],[-90.5703681,41.5378716]]}},{"type":"Feature","properties":{"id":"way/1454457904","highway":"service"},"geometry":{"type":"LineString","coordinates":[[-90.5698548,41.5378179],[-90.5698537,41.5379982]]}},{"type":"Feature","properties":{"id":"way/1454457905","highway":"service"},"geometry":{"type":"LineString","coordinates":[[-90.5703649,41.5379802],[-90.5705689,41.5379825],[-90.5707034,41.5379841]]}},{"type":"Feature","properties":{"id":"way/1454457906","highway":"service"},"geometry":{"type":"LineString","coordinates":[[-90.5705689,41.5379825],[-90.5705672,41.5381643]]}},{"type":"Feature","properties":{"id":"way/1454457907","highway":"service","service":"alley"},"geometry":{"type":"LineString","coordinates":[[-90.5703681,41.5378716],[-90.5704173,41.5378217]]}},{"type":"Feature","properties":{"id":"way/1455748245","highway":"service"},"geometry":{"type":"LineString","coordinates":[[-90.596912,41.5382583],[-90.5969103,41.5384472],[-90.5969091,41.5385779],[-90.5968896,41.5387162],[-90.5968883,41.5388633]]}},{"type":"Feature","properties":{"id":"way/1455748246","highway":"service"},"geometry":{"type":"LineString","coordinates":[[-90.5969103,41.5384472],[-90.5962455,41.5384505]]}},{"type":"Feature","properties":{"id":"way/1455748247","highway":"service"},"geometry":{"type":"LineString","coordinates":[[-90.5969103,41.5384472],[-90.5971763,41.5384512],[-90.5972722,41.5384526],[-90.5972806,41.5388628]]}},{"type":"Feature","properties":{"id":"way/1455748248","highway":"service"},"geometry":{"type":"LineString","coordinates":[[-90.5971763,41.5384512],[-90.5971778,41.5382607]]}},{"type":"Feature","properties":{"id":"way/1456960889","highway":"service"},"geometry":{"type":"LineString","coordinates":[[-90.5876843,41.5251502],[-90.5876883,41.5247833]]}},{"type":"Feature","properties":{"id":"way/1457439325","highway":"service","oneway":"yes"},"geometry":{"type":"LineString","coordinates":[[-90.5548271,41.5380901],[-90.5545883,41.5380907],[-90.5545876,41.5382744],[-90.5545873,41.5383324]]}},{"type":"Feature","properties":{"id":"way/1457439326","highway":"service"},"geometry":{"type":"LineString","coordinates":[[-90.5549203,41.538329],[-90.5549175,41.5381156]]}},{"type":"Feature","properties":{"id":"way/1457439327","highway":"service","oneway":"yes","service":"drive-through"},"geometry":{"type":"LineString","coordinates":[[-90.5548271,41.5380901],[-90.5548039,41.5381107],[-90.5546206,41.5381108],[-90.5546187,41.5382392],[-90.5545876,41.5382744]]}},{"type":"Feature","properties":{"id":"way/1457439328","highway":"service"},"geometry":{"type":"LineString","coordinates":[[-90.5551178,41.5381156],[-90.5549175,41.5381156],[-90.5548271,41.5380901]]}},{"type":"Feature","properties":{"id":"way/1457439341","highway":"service"},"geometry":{"type":"LineString","coordinates":[[-90.5778352,41.5378983],[-90.5776845,41.5378991],[-90.5775464,41.5378999],[-90.577428,41.5379005],[-90.5772662,41.5379014]]}},{"type":"Feature","properties":{"id":"way/1457439342","highway":"service"},"geometry":{"type":"LineString","coordinates":[[-90.577428,41.5379005],[-90.5774296,41.5380301],[-90.5774325,41.5380873],[-90.5774511,41.538102],[-90.5774772,41.5381091],[-90.5775464,41.538112],[-90.577683,41.5381117],[-90.5777383,41.5381116],[-90.5778332,41.5381113]]}},{"type":"Feature","properties":{"id":"way/1457439343","covered":"yes","highway":"service"},"geometry":{"type":"LineString","coordinates":[[-90.5776849,41.537964],[-90.5776835,41.538097]]}},{"type":"Feature","properties":{"id":"way/1457439344","covered":"yes","highway":"service"},"geometry":{"type":"LineString","coordinates":[[-90.5775465,41.537964],[-90.5775471,41.538097]]}},{"type":"Feature","properties":{"id":"way/1457439345","highway":"service"},"geometry":{"type":"LineString","coordinates":[[-90.5777383,41.5381116],[-90.5777391,41.5382781]]}},{"type":"Feature","properties":{"id":"way/1457439346","highway":"service"},"geometry":{"type":"LineString","coordinates":[[-90.5776845,41.5378991],[-90.5776849,41.537964]]}},{"type":"Feature","properties":{"id":"way/1457439347","highway":"service"},"geometry":{"type":"LineString","coordinates":[[-90.5776835,41.538097],[-90.577683,41.5381117]]}},{"type":"Feature","properties":{"id":"way/1457439348","highway":"service"},"geometry":{"type":"LineString","coordinates":[[-90.5775471,41.538097],[-90.5775464,41.538112]]}},{"type":"Feature","properties":{"id":"way/1457439349","highway":"service"},"geometry":{"type":"LineString","coordinates":[[-90.5775464,41.5378999],[-90.5775465,41.537964]]}},{"type":"Feature","properties":{"id":"way/1457446518","highway":"service"},"geometry":{"type":"LineString","coordinates":[[-90.594296,41.5287831],[-90.5941566,41.5287582],[-90.5940541,41.5287291],[-90.5936718,41.5286708],[-90.5935161,41.5286941],[-90.5935189,41.5287704]]}},{"type":"Feature","properties":{"id":"way/1459251481","highway":"service"},"geometry":{"type":"LineString","coordinates":[[-90.5682704,41.5221127],[-90.5681421,41.5221068],[-90.5680251,41.5221015],[-90.5679983,41.5215468],[-90.5671093,41.5218916],[-90.5667129,41.522061],[-90.5664286,41.5222721],[-90.5671071,41.522296],[-90.568007,41.5222695],[-90.5680251,41.5221015]]}},{"type":"Feature","properties":{"id":"way/1459251482","highway":"service"},"geometry":{"type":"LineString","coordinates":[[-90.5671071,41.522296],[-90.5671047,41.5223896]]}},{"type":"Feature","properties":{"id":"way/1460409276","highway":"service"},"geometry":{"type":"LineString","coordinates":[[-90.5744667,41.5349038],[-90.5744624,41.5351421],[-90.574707,41.5351424]]}},{"type":"Feature","properties":{"id":"way/1461018561","highway":"service"},"geometry":{"type":"LineString","coordinates":[[-90.5997273,41.5203094],[-90.5995484,41.52037],[-90.5989592,41.5205697]]}},{"type":"Feature","properties":{"id":"way/1461018562","highway":"service"},"geometry":{"type":"LineString","coordinates":[[-90.5994358,41.5202044],[-90.5995484,41.52037]]}},{"type":"Feature","properties":{"id":"way/1462246787","highway":"service","oneway":"yes"},"geometry":{"type":"LineString","coordinates":[[-90.578745,41.5328327],[-90.5786091,41.5327392],[-90.578509,41.5327161]]}},{"type":"Feature","properties":{"id":"way/1462246788","highway":"service","service":"parking_aisle"},"geometry":{"type":"LineString","coordinates":[[-90.5791723,41.5330077],[-90.5788754,41.5330024]]}},{"type":"Feature","properties":{"id":"way/1462246789","highway":"service"},"geometry":{"type":"LineString","coordinates":[[-90.5788728,41.5331427],[-90.5788754,41.5330024]]}},{"type":"Feature","properties":{"id":"way/1462246790","covered":"yes","highway":"service","oneway":"yes"},"geometry":{"type":"LineString","coordinates":[[-90.5788354,41.5329017],[-90.578745,41.5328327]]}},{"type":"Feature","properties":{"id":"way/1462246791","highway":"service","oneway":"yes"},"geometry":{"type":"LineString","coordinates":[[-90.5788754,41.5330024],[-90.5788696,41.5329305],[-90.5788354,41.5329017]]}},{"type":"Feature","properties":{"id":"way/1463143098","highway":"service","oneway":"yes"},"geometry":{"type":"LineString","coordinates":[[-90.556309,41.5381404],[-90.5563039,41.5377383]]}},{"type":"Feature","properties":{"id":"way/1463143099","highway":"service","oneway":"yes"},"geometry":{"type":"LineString","coordinates":[[-90.5560253,41.5383197],[-90.5560389,41.538137],[-90.556309,41.5381404]]}},{"type":"Feature","properties":{"id":"way/1463143100","highway":"service"},"geometry":{"type":"LineString","coordinates":[[-90.5565262,41.5377349],[-90.5563039,41.5377383]]}},{"type":"Feature","properties":{"id":"way/1463143101","highway":"service"},"geometry":{"type":"LineString","coordinates":[[-90.5563039,41.5377383],[-90.5563014,41.5375387]]}},{"type":"Feature","properties":{"id":"way/1463143102","highway":"service"},"geometry":{"type":"LineString","coordinates":[[-90.556354,41.538317],[-90.556309,41.5381404]]}},{"type":"Feature","properties":{"id":"way/1463143228","highway":"service"},"geometry":{"type":"LineString","coordinates":[[-90.5908716,41.5265422],[-90.5910899,41.5265409]]}},{"type":"Feature","properties":{"id":"way/1463143229","highway":"service"},"geometry":{"type":"LineString","coordinates":[[-90.5908723,41.5263878],[-90.5910835,41.5263859]]}},{"type":"Feature","properties":{"id":"way/1463143230","highway":"service"},"geometry":{"type":"LineString","coordinates":[[-90.5910899,41.5265409],[-90.5911011,41.5267692]]}},{"type":"Feature","properties":{"id":"way/1463143231","highway":"service"},"geometry":{"type":"LineString","coordinates":[[-90.5910899,41.5265409],[-90.5910835,41.5263859],[-90.5910776,41.5262232]]}},{"type":"Feature","properties":{"id":"way/1463677999","highway":"service"},"geometry":{"type":"LineString","coordinates":[[-90.5829716,41.5232398],[-90.5831164,41.5232398],[-90.5832796,41.5232453],[-90.5832981,41.5233837],[-90.5834681,41.5233837],[-90.583494,41.5235144]]}},{"type":"Feature","properties":{"id":"way/1463678000","highway":"service"},"geometry":{"type":"LineString","coordinates":[[-90.5832981,41.5233837],[-90.5832858,41.5235158]]}},{"type":"Feature","properties":{"id":"way/1464356108","highway":"service"},"geometry":{"type":"LineString","coordinates":[[-90.5740298,41.5316006],[-90.5738187,41.5315989],[-90.5733608,41.5316021]]}},{"type":"Feature","properties":{"id":"way/1464356109","highway":"service"},"geometry":{"type":"LineString","coordinates":[[-90.5738445,41.5320016],[-90.5738412,41.53191],[-90.573876,41.5319081],[-90.5739078,41.5318958],[-90.5739095,41.5318289],[-90.5739138,41.5316556],[-90.5738217,41.5316546],[-90.5737647,41.5316557],[-90.5736274,41.531658]]}},{"type":"Feature","properties":{"id":"way/1464356110","highway":"service"},"geometry":{"type":"LineString","coordinates":[[-90.5738217,41.5316546],[-90.5738187,41.5315989]]}},{"type":"Feature","properties":{"id":"way/1464356111","highway":"service"},"geometry":{"type":"LineString","coordinates":[[-90.573756,41.5319079],[-90.5737647,41.5316557]]}},{"type":"Feature","properties":{"id":"way/1464356112","highway":"service"},"geometry":{"type":"LineString","coordinates":[[-90.5740282,41.5318281],[-90.5739095,41.5318289]]}},{"type":"Feature","properties":{"id":"way/1464356113","highway":"service"},"geometry":{"type":"LineString","coordinates":[[-90.5735398,41.531686],[-90.5735287,41.531909],[-90.573756,41.5319079],[-90.5738412,41.53191]]}},{"type":"Feature","properties":{"id":"way/1464507980","highway":"service"},"geometry":{"type":"LineString","coordinates":[[-90.5863517,41.5432444],[-90.5863503,41.5431777],[-90.5863388,41.5426047]]}},{"type":"Feature","properties":{"id":"way/1468719077","highway":"service"},"geometry":{"type":"LineString","coordinates":[[-90.5836204,41.5458962],[-90.5838608,41.5458991],[-90.5841596,41.5459006],[-90.5842217,41.5458684],[-90.5842252,41.5457974],[-90.5841744,41.5457568],[-90.5839162,41.5457591],[-90.5838746,41.5458042],[-90.5838608,41.5458991]]}},{"type":"Feature","properties":{"id":"way/1469111656","highway":"service"},"geometry":{"type":"LineString","coordinates":[[-90.5625187,41.5428268],[-90.5625213,41.5429645],[-90.5636876,41.5429576],[-90.563689,41.5428323]]}},{"type":"Feature","properties":{"id":"way/1469131759","highway":"service"},"geometry":{"type":"LineString","coordinates":[[-90.5925945,41.5378394],[-90.5931655,41.537832],[-90.593676,41.5378309]]}},{"type":"Feature","properties":{"id":"way/1469801003","highway":"service"},"geometry":{"type":"LineString","coordinates":[[-90.5758718,41.5251793],[-90.5758625,41.5249344],[-90.5758516,41.5246498]]}},{"type":"Feature","properties":{"id":"way/1469801004","highway":"service"},"geometry":{"type":"LineString","coordinates":[[-90.5762617,41.5249343],[-90.5758625,41.5249344]]}},{"type":"Feature","properties":{"id":"way/1472585268","highway":"service","oneway":"yes"},"geometry":{"type":"LineString","coordinates":[[-90.5944977,41.538265],[-90.5945009,41.5386335],[-90.5938098,41.5386335]]}},{"type":"Feature","properties":{"id":"way/1475580760","highway":"service"},"geometry":{"type":"LineString","coordinates":[[-90.5968061,41.5382588],[-90.596794,41.5381467],[-90.5967819,41.5381212],[-90.596739,41.5380555],[-90.5967025,41.5379995],[-90.5964736,41.5379984],[-90.5964738,41.5380586],[-90.5964743,41.5381465],[-90.596475,41.5382603]]}},{"type":"Feature","properties":{"id":"way/1475580761","highway":"service"},"geometry":{"type":"LineString","coordinates":[[-90.5965919,41.5380557],[-90.5964738,41.5380586],[-90.596252,41.5380612]]}},{"type":"Feature","properties":{"id":"way/1475580762","covered":"yes","highway":"service"},"geometry":{"type":"LineString","coordinates":[[-90.5966966,41.5380557],[-90.5965919,41.5380557]]}},{"type":"Feature","properties":{"id":"way/1475580763","highway":"service"},"geometry":{"type":"LineString","coordinates":[[-90.596739,41.5380555],[-90.5966966,41.5380557]]}},{"type":"Feature","properties":{"id":"way/1475580764","highway":"service"},"geometry":{"type":"LineString","coordinates":[[-90.5969128,41.5381477],[-90.596794,41.5381467],[-90.5964743,41.5381465]]}},{"type":"Feature","properties":{"id":"way/1476031815","highway":"service"},"geometry":{"type":"LineString","coordinates":[[-90.5575091,41.5306435],[-90.5575091,41.5303795],[-90.557286,41.530382],[-90.5572872,41.5306455]]}},{"type":"Feature","properties":{"id":"way/1476031816","highway":"service"},"geometry":{"type":"LineString","coordinates":[[-90.5575091,41.5303795],[-90.5575217,41.5303511],[-90.5575735,41.530296],[-90.5576604,41.530238],[-90.5576667,41.5302105],[-90.557665,41.5301816],[-90.5576598,41.5300947]]}},{"type":"Feature","properties":{"id":"way/1476436466","highway":"service"},"geometry":{"type":"LineString","coordinates":[[-90.5918718,41.5278141],[-90.59187,41.5283536],[-90.5920822,41.5283567],[-90.5925005,41.5283629]]}},{"type":"Feature","properties":{"id":"way/1476436467","highway":"service"},"geometry":{"type":"LineString","coordinates":[[-90.5920822,41.5283567],[-90.5920842,41.5279354],[-90.5920847,41.5278147]]}},{"type":"Feature","properties":{"id":"way/1476436468","highway":"service"},"geometry":{"type":"LineString","coordinates":[[-90.5920842,41.5279354],[-90.5923033,41.5279401],[-90.5923055,41.5280774],[-90.5924982,41.5280814]]}},{"type":"Feature","properties":{"id":"way/1476446138","highway":"service"},"geometry":{"type":"LineString","coordinates":[[-90.5703765,41.526249],[-90.5703637,41.5267771]]}},{"type":"Feature","properties":{"id":"way/1479090692","highway":"secondary","lanes":"4","maxspeed":"35 mph","name":"West Locust Street","ref":"US 6 Hist","tiger:cfcc":"A41","tiger:county":"Scott, IA","tiger:name_base":"Locust","tiger:name_direction_prefix":"W","tiger:name_type":"St","tiger:reviewed":"no","tiger:zip_left":"52804","tiger:zip_right":"52804"},"geometry":{"type":"LineString","coordinates":[[-90.5999433,41.5382568],[-90.600287,41.538253]]}},{"type":"Feature","properties":{"id":"way/1479090694","highway":"secondary","lanes":"4","maxspeed":"35 mph","name":"West Locust Street","ref":"US 6 Hist","tiger:cfcc":"A41","tiger:county":"Scott, IA","tiger:name_base":"Locust","tiger:name_direction_prefix":"W","tiger:name_type":"St","tiger:reviewed":"no","tiger:zip_left":"52804","tiger:zip_right":"52804"},"geometry":{"type":"LineString","coordinates":[[-90.5996465,41.5382546],[-90.5999433,41.5382568]]}},{"type":"Feature","properties":{"id":"way/1482844692","highway":"service"},"geometry":{"type":"LineString","coordinates":[[-90.5778437,41.5281919],[-90.5775818,41.5281978],[-90.5775757,41.5280497],[-90.577282,41.5280536]]}},{"type":"Feature","properties":{"id":"way/1482844693","highway":"service"},"geometry":{"type":"LineString","coordinates":[[-90.5775757,41.5280497],[-90.5777613,41.5280432]]}},{"type":"Feature","properties":{"id":"way/1482853933","highway":"service"},"geometry":{"type":"LineString","coordinates":[[-90.5740627,41.5370972],[-90.5735162,41.5370941],[-90.5735183,41.5373209],[-90.57406,41.5373302]]}},{"type":"Feature","properties":{"id":"way/1486270344","alt_name":"North Main Street","highway":"tertiary","lanes":"2","maxspeed":"30 mph","maxweight":"7 st","name":"Main Street","source:maxweight":"https://ecode360.com/39603137#39603137","tiger:cfcc":"A41","tiger:county":"Scott, IA","tiger:name_base":"Main","tiger:name_direction_prefix":"N","tiger:name_type":"St","tiger:reviewed":"no","tiger:zip_left":"52803","tiger:zip_right":"52803"},"geometry":{"type":"LineString","coordinates":[[-90.5755797,41.5382695],[-90.5755759,41.538775],[-90.5755807,41.5394715],[-90.5755784,41.5406643],[-90.5755842,41.5418284],[-90.5755846,41.5419137]]}},{"type":"Feature","properties":{"id":"way/1486270345","highway":"secondary","lanes":"4","maxspeed":"25 mph","name":"West Locust Street","tiger:cfcc":"A41","tiger:county":"Scott, IA","tiger:name_base":"Locust","tiger:name_direction_prefix":"W","tiger:name_type":"St","tiger:reviewed":"no","tiger:zip_left":"52804","tiger:zip_right":"52804"},"geometry":{"type":"LineString","coordinates":[[-90.5740196,41.5382777],[-90.5745594,41.5382702],[-90.5746617,41.5382697],[-90.5748202,41.5382697],[-90.5755797,41.5382695]]}},{"type":"Feature","properties":{"id":"way/1486270346","highway":"secondary","lanes":"3","maxspeed":"35 mph","name":"West 4th Street","oneway":"yes","ref":"US 6 Hist","tiger:cfcc":"A41","tiger:county":"Scott, IA","tiger:name_base":"4th","tiger:name_direction_prefix":"W","tiger:name_type":"St","tiger:zip_left":"52802","tiger:zip_right":"52802"},"geometry":{"type":"LineString","coordinates":[[-90.574093,41.523524],[-90.5742219,41.5235248],[-90.5743457,41.5235255],[-90.574546,41.5235267],[-90.575437,41.5235321],[-90.575576,41.523533]]}},{"type":"Feature","properties":{"id":"way/1486270347","highway":"tertiary","maxspeed":"25 mph","name":"Iowa Street","ref":"US 6 Hist","sidewalk:both":"separate","surface":"paved","tiger:cfcc":"A41","tiger:county":"Scott, IA","tiger:name_base":"Iowa","tiger:name_type":"St","tiger:reviewed":"no","tiger:zip_left":"52803","tiger:zip_left_1":"52803","tiger:zip_right":"52803","tiger:zip_right_1":"52803"},"geometry":{"type":"LineString","coordinates":[[-90.56971,41.5213029],[-90.569709,41.5214017],[-90.5697042,41.5218697],[-90.5697081,41.5223211],[-90.5697088,41.5224011]]}},{"type":"Feature","properties":{"id":"way/1486270348","highway":"secondary","lanes":"3","maxspeed":"35 mph","name":"East 4th Street","oneway":"yes","ref":"US 6 Hist","sidewalk:both":"separate","tiger:cfcc":"A41","tiger:county":"Scott, IA","tiger:name_base":"4th","tiger:name_direction_prefix":"E","tiger:name_type":"St","tiger:zip_left":"52801","tiger:zip_right":"52801"},"geometry":{"type":"LineString","coordinates":[[-90.56971,41.523494],[-90.5698412,41.5234948],[-90.5701138,41.5234967],[-90.5708026,41.5235014],[-90.5710144,41.5235029]]}},{"type":"Feature","properties":{"id":"way/1486270349","highway":"tertiary","maxspeed":"25 mph","name":"East 3rd Street","oneway":"no","sidewalk:both":"separate","tiger:cfcc":"A41","tiger:county":"Scott, IA","tiger:name_base":"3rd","tiger:name_direction_prefix":"E","tiger:name_type":"St","tiger:zip_left":"52801","tiger:zip_right":"52801"},"geometry":{"type":"LineString","coordinates":[[-90.5697088,41.5224011],[-90.5695884,41.5223986],[-90.5695491,41.522398],[-90.568701,41.522395],[-90.5685224,41.5223944],[-90.568373,41.5223957],[-90.5682567,41.5223964]]}},{"type":"Feature","properties":{"id":"way/1486270350","highway":"tertiary","maxspeed":"25 mph","name":"Iowa Street","ref":"US 6 Hist","sidewalk:both":"separate","surface":"paved","tiger:cfcc":"A41","tiger:county":"Scott, IA","tiger:name_base":"Iowa","tiger:name_type":"St","tiger:reviewed":"no","tiger:zip_left":"52803","tiger:zip_left_1":"52803","tiger:zip_right":"52803","tiger:zip_right_1":"52803"},"geometry":{"type":"LineString","coordinates":[[-90.5697088,41.5224011],[-90.5697119,41.5224987],[-90.569713,41.5229522],[-90.5697106,41.5231735],[-90.5697102,41.5234087],[-90.56971,41.523494]]}},{"type":"Feature","properties":{"id":"way/1486270351","alt_name":"North Main Street","highway":"tertiary","maxspeed":"25 mph","name":"Main Street","ref":"US 6 Hist","tiger:cfcc":"A41","tiger:county":"Scott, IA","tiger:name_base":"Main","tiger:name_base_1":"Main","tiger:name_direction_prefix_1":"N","tiger:name_type":"St","tiger:name_type_1":"St","tiger:reviewed":"no","tiger:zip_left":"52801","tiger:zip_right":"52801"},"geometry":{"type":"LineString","coordinates":[[-90.575576,41.523533],[-90.5755767,41.5234363],[-90.5755802,41.5229728],[-90.5755873,41.5225227],[-90.5755889,41.5224214]]}},{"type":"Feature","properties":{"id":"way/1486270352","highway":"tertiary","maxspeed":"25 mph","maxweight":"7 st","name":"West 3rd Street","oneway":"no","ref":"US 6 Hist","source:maxweight":"https://ecode360.com/39603137#39603137","tiger:cfcc":"A41","tiger:county":"Scott, IA","tiger:name_base":"3rd","tiger:name_direction_prefix":"W","tiger:name_type":"St","tiger:zip_left":"52802","tiger:zip_right":"52802"},"geometry":{"type":"LineString","coordinates":[[-90.5755889,41.5224214],[-90.5754439,41.5224219],[-90.5742282,41.5224264],[-90.574078,41.522427]]}},{"type":"Feature","properties":{"id":"way/1486270353","highway":"tertiary","maxspeed":"25 mph","name":"East 2nd Street","ref":"US 6 Hist","sidewalk:both":"separate","surface":"paved","tiger:cfcc":"A41","tiger:county":"Scott, IA","tiger:name_base":"2nd","tiger:name_direction_prefix":"E","tiger:name_type":"St","tiger:reviewed":"no","tiger:zip_left":"52801","tiger:zip_right":"52801"},"geometry":{"type":"LineString","coordinates":[[-90.56971,41.5213029],[-90.5695953,41.5213025],[-90.5687645,41.5212973]]}},{"type":"Feature","properties":{"id":"way/1486270354","highway":"tertiary","maxspeed":"25 mph","name":"Iowa Street","sidewalk:both":"separate","surface":"paved","tiger:cfcc":"A41","tiger:county":"Scott, IA","tiger:name_base":"Iowa","tiger:name_type":"St","tiger:reviewed":"no","tiger:zip_left":"52803","tiger:zip_left_1":"52803","tiger:zip_right":"52803","tiger:zip_right_1":"52803"},"geometry":{"type":"LineString","coordinates":[[-90.5697057,41.5205771],[-90.569707,41.5206978],[-90.569708,41.520784],[-90.5697097,41.521219],[-90.56971,41.5213029]]}},{"type":"Feature","properties":{"id":"way/1487612371","highway":"service"},"geometry":{"type":"LineString","coordinates":[[-90.5755561,41.5344083],[-90.5748323,41.5344056],[-90.574705,41.5344051]]}},{"type":"Feature","properties":{"id":"way/1487612372","highway":"service","oneway":"yes"},"geometry":{"type":"LineString","coordinates":[[-90.5748462,41.5349011],[-90.5748323,41.5344056]]}},{"type":"Feature","properties":{"id":"way/1488527828","highway":"service"},"geometry":{"type":"LineString","coordinates":[[-90.5674444,41.5382828],[-90.5674415,41.5387723],[-90.5674854,41.5388083],[-90.5678986,41.5388179]]}},{"type":"Feature","properties":{"id":"way/1488563900","highway":"service","oneway":"yes","service":"parking_aisle"},"geometry":{"type":"LineString","coordinates":[[-90.5755676,41.5264817],[-90.5761385,41.5264911],[-90.5761329,41.5263269],[-90.576025,41.5263259]]}},{"type":"Feature","properties":{"id":"way/1488563901","highway":"service","oneway":"yes","service":"parking_aisle"},"geometry":{"type":"LineString","coordinates":[[-90.5761392,41.5266374],[-90.5757676,41.5266395],[-90.575762,41.526808],[-90.5761399,41.5268048],[-90.5761392,41.5266374]]}},{"type":"Feature","properties":{"id":"way/1488563902","highway":"service","oneway":"yes","service":"parking_aisle"},"geometry":{"type":"LineString","coordinates":[[-90.575906,41.5263259],[-90.5755631,41.5263216]]}},{"type":"Feature","properties":{"id":"way/1488563903","covered":"yes","highway":"service","oneway":"yes","service":"parking_aisle"},"geometry":{"type":"LineString","coordinates":[[-90.576025,41.5263259],[-90.575906,41.5263259]]}},{"type":"Feature","properties":{"id":"way/1488563904","highway":"service","service":"parking_aisle"},"geometry":{"type":"LineString","coordinates":[[-90.5761385,41.5264911],[-90.5761392,41.5266374]]}},{"type":"Feature","properties":{"id":"way/1490172343","highway":"service","service":"driveway"},"geometry":{"type":"LineString","coordinates":[[-90.5454146,41.538377],[-90.5454963,41.5385963],[-90.5454948,41.5387835],[-90.5453438,41.5387892]]}},{"type":"Feature","properties":{"id":"way/1491059914","highway":"residential","name":"13th Street","tiger:cfcc":"A41","tiger:county":"Rock Island, IL","tiger:name_base":"13th","tiger:name_type":"St","tiger:reviewed":"no","tiger:zip_left":"61201","tiger:zip_right":"61201"},"geometry":{"type":"LineString","coordinates":[[-90.5822284,41.510225],[-90.5821433,41.5100201],[-90.5820483,41.5097917],[-90.5820131,41.5097069],[-90.5819753,41.5096092],[-90.5818077,41.5091755],[-90.5817982,41.5091513],[-90.5816789,41.5088469],[-90.5816339,41.508732],[-90.5815946,41.5086317]]}},{"type":"Feature","properties":{"id":"way/1491065385","highway":"tertiary","junction":"roundabout","sidewalk:both":"no","surface":"paved"},"geometry":{"type":"LineString","coordinates":[[-90.5685161,41.5213639],[-90.5685438,41.5213334],[-90.5685607,41.5212987],[-90.5685659,41.521262],[-90.568559,41.5212255]]}},{"type":"Feature","properties":{"id":"way/1491065386","highway":"tertiary","junction":"roundabout","sidewalk:left":"no","sidewalk:right":"separate","surface":"paved"},"geometry":{"type":"LineString","coordinates":[[-90.5684357,41.5214057],[-90.5684794,41.5213885],[-90.5685161,41.5213639]]}},{"type":"Feature","properties":{"id":"way/1491065387","highway":"tertiary","junction":"roundabout","sidewalk:both":"no","surface":"paved"},"geometry":{"type":"LineString","coordinates":[[-90.5682435,41.5213854],[-90.5682953,41.5214062],[-90.5683385,41.5214142],[-90.5683878,41.5214144],[-90.5684357,41.5214057]]}},{"type":"Feature","properties":{"id":"way/1491065388","highway":"secondary","lanes":"3","maxspeed":"35 mph","name":"East 4th Street","oneway":"yes","sidewalk:both":"separate","tiger:cfcc":"A41","tiger:county":"Scott, IA","tiger:name_base":"4th","tiger:name_direction_prefix":"E","tiger:name_type":"St","tiger:zip_left":"52801","tiger:zip_right":"52801"},"geometry":{"type":"LineString","coordinates":[[-90.563784,41.5234503],[-90.564009,41.523457],[-90.5657878,41.5234885],[-90.5659935,41.5234922]]}},{"type":"Feature","properties":{"id":"way/1491065389","NHS":"yes","highway":"primary","lanes":"4","maxspeed":"35 mph","name":"East River Drive","ref":"US 67","sidewalk:left":"separate","sidewalk:right":"no","tiger:cfcc":"A21","tiger:county":"Scott, IA","tiger:name_base":"River","tiger:name_base_1":"United States Highway 67","tiger:name_direction_prefix":"E","tiger:name_type":"Dr","tiger:reviewed":"no","tiger:zip_left":"52803","tiger:zip_right":"52803"},"geometry":{"type":"LineString","coordinates":[[-90.564328,41.523101],[-90.5641339,41.5232122],[-90.5639459,41.5233346],[-90.563784,41.5234503]]}},{"type":"Feature","properties":{"id":"way/1491065390","NHS":"yes","highway":"primary","lanes":"4","maxspeed":"35 mph","name":"East River Drive","ref":"US 67","sidewalk:left":"separate","sidewalk:right":"no","tiger:cfcc":"A21","tiger:county":"Scott, IA","tiger:name_base":"River","tiger:name_base_1":"United States Highway 67","tiger:name_direction_prefix":"E","tiger:name_type":"Dr","tiger:reviewed":"no","tiger:zip_left":"52803","tiger:zip_right":"52803"},"geometry":{"type":"LineString","coordinates":[[-90.565844,41.522384],[-90.5657748,41.5224169]]}},{"type":"Feature","properties":{"id":"way/1491065391","highway":"secondary","lanes":"3","maxspeed":"35 mph","name":"East 4th Street","oneway":"yes","sidewalk:both":"separate","tiger:cfcc":"A41","tiger:county":"Scott, IA","tiger:name_base":"4th","tiger:name_direction_prefix":"E","tiger:name_type":"St","tiger:zip_left":"52801","tiger:zip_right":"52801"},"geometry":{"type":"LineString","coordinates":[[-90.5682537,41.5234988],[-90.5683795,41.5234984],[-90.5695832,41.5234944],[-90.56971,41.523494]]}},{"type":"Feature","properties":{"id":"way/1491065392","highway":"tertiary","maxspeed":"25 mph","maxweight":"7 st","name":"East 3rd Street","oneway":"no","ref":"US 6 Hist","sidewalk:both":"separate","source:maxweight":"https://ecode360.com/39603137#39603137","tiger:cfcc":"A41","tiger:county":"Scott, IA","tiger:name_base":"3rd","tiger:name_direction_prefix":"E","tiger:name_type":"St","tiger:zip_left":"52801","tiger:zip_right":"52801"},"geometry":{"type":"LineString","coordinates":[[-90.571177,41.52241],[-90.571045,41.5224092],[-90.5698341,41.5224019],[-90.5697088,41.5224011]]}},{"type":"Feature","properties":{"id":"way/1491065393","highway":"tertiary","maxspeed":"25 mph","name":"Pershing Avenue","sidewalk:both":"separate","surface":"paved","tiger:cfcc":"A41","tiger:county":"Scott, IA","tiger:name_base":"Pershing","tiger:name_type":"Ave","tiger:reviewed":"no","tiger:zip_left":"52801","tiger:zip_right":"52801"},"geometry":{"type":"LineString","coordinates":[[-90.571177,41.52241],[-90.571177,41.5225063],[-90.571177,41.5230033],[-90.571177,41.5234161],[-90.571177,41.523505]]}},{"type":"Feature","properties":{"id":"way/1491065394","highway":"tertiary","maxspeed":"25 mph","name":"Pershing Avenue","sidewalk:both":"separate","surface":"paved","tiger:cfcc":"A41","tiger:county":"Scott, IA","tiger:name_base":"Pershing","tiger:name_type":"Ave","tiger:reviewed":"no","tiger:zip_left":"52801","tiger:zip_right":"52801"},"geometry":{"type":"LineString","coordinates":[[-90.5711747,41.5202294],[-90.5711774,41.5203193],[-90.5711766,41.5203703],[-90.5711727,41.5206116],[-90.571173,41.520755],[-90.571173,41.520799],[-90.5711747,41.521235],[-90.571175,41.5213079]]}},{"type":"Feature","properties":{"id":"way/1491065395","NHS":"yes","highway":"primary","lanes":"4","maxspeed":"35 mph","name":"East River Drive","oneway":"yes","ref":"US 67","sidewalk:both":"no","tiger:cfcc":"A21","tiger:county":"Scott, IA","tiger:name_base":"River","tiger:name_base_1":"United States Highway 67","tiger:name_direction_prefix":"E","tiger:name_type":"Dr","tiger:reviewed":"no","tiger:zip_left":"52803","tiger:zip_right":"52803"},"geometry":{"type":"LineString","coordinates":[[-90.5711747,41.5202294],[-90.5710621,41.5202389],[-90.5709375,41.52026],[-90.570538,41.5203439],[-90.5700348,41.5204495],[-90.5697057,41.5205771]]}},{"type":"Feature","properties":{"id":"way/1491065396","NHS":"yes","highway":"primary","lanes":"4","maxspeed":"35 mph","name":"East River Drive","ref":"US 67","sidewalk:left":"separate","sidewalk:right":"no","tiger:cfcc":"A21","tiger:county":"Scott, IA","tiger:name_base":"River","tiger:name_base_1":"United States Highway 67","tiger:name_direction_prefix":"E","tiger:name_type":"Dr","tiger:reviewed":"no","tiger:zip_left":"52803","tiger:zip_right":"52803"},"geometry":{"type":"LineString","coordinates":[[-90.5697057,41.5205771],[-90.5693447,41.5206861],[-90.568436,41.520968],[-90.568206,41.521046],[-90.568003,41.5211255]]}},{"type":"Feature","properties":{"id":"way/1491065397","NHS":"yes","highway":"primary","lanes":"4","maxspeed":"35 mph","name":"East River Drive","ref":"US 67","sidewalk:both":"separate","tiger:cfcc":"A21","tiger:county":"Scott, IA","tiger:name_base":"River","tiger:name_base_1":"United States Highway 67","tiger:name_direction_prefix":"E","tiger:name_type":"Dr","tiger:reviewed":"no","tiger:zip_left":"52803","tiger:zip_right":"52803"},"geometry":{"type":"LineString","coordinates":[[-90.5657748,41.5224169],[-90.5656698,41.5224668],[-90.564965,41.522802],[-90.564328,41.523101]]}},{"type":"Feature","properties":{"id":"way/1492400716","NHS":"yes","hgv":"designated","highway":"primary","lanes":"4","maxspeed":"30 mph","name":"15th Street","ref":"US 67","source:hgv":"https://gis-idot.opendata.arcgis.com/datasets/IDOT::designated-truck-routes-state-jurisdiction-truck-route/explore?location=40.542466%2C-88.991188%2C14.60;https://www.gettingaroundillinois.com/MapViewer/?config=DTRconfig.json","tiger:cfcc":"A21","tiger:county":"Rock Island, IL","tiger:name_base":"15th","tiger:name_type":"St","tiger:reviewed":"no"},"geometry":{"type":"LineString","coordinates":[[-90.5793792,41.5106943],[-90.5791805,41.51022]]}},{"type":"Feature","properties":{"id":"way/1492400717","highway":"residential","maxspeed":"30 mph","name":"2nd Avenue","oneway":"yes","tiger:cfcc":"A41","tiger:county":"Rock Island, IL","tiger:name_base":"2nd","tiger:name_type":"Ave","tiger:zip_left":"61201","tiger:zip_right":"61201"},"geometry":{"type":"LineString","coordinates":[[-90.5806209,41.5100176],[-90.5804269,41.5100151],[-90.5803574,41.5100281],[-90.5801352,41.510079],[-90.5794365,41.5102368],[-90.5793341,41.5102295],[-90.5791805,41.51022]]}},{"type":"Feature","properties":{"id":"way/1492601294","highway":"service"},"geometry":{"type":"LineString","coordinates":[[-90.5983826,41.5201252],[-90.5981103,41.5203387],[-90.5977857,41.5205775]]}},{"type":"Feature","properties":{"id":"way/1492601295","highway":"service"},"geometry":{"type":"LineString","coordinates":[[-90.5981103,41.5203387],[-90.5982937,41.5206223]]}},{"type":"Feature","properties":{"id":"way/1499323292","highway":"service"},"geometry":{"type":"LineString","coordinates":[[-90.5587643,41.5382874],[-90.5587467,41.5381048],[-90.5587433,41.5378394],[-90.558105,41.5378405],[-90.5579136,41.5378428]]}},{"type":"Feature","properties":{"id":"way/1499323293","highway":"service"},"geometry":{"type":"LineString","coordinates":[[-90.558105,41.5378405],[-90.5581071,41.5381124],[-90.5587467,41.5381048]]}},{"type":"Feature","properties":{"id":"way/1500876397","highway":"tertiary","maxspeed":"35 mph","name":"Marquette Street","oneway":"no","tiger:cfcc":"A41","tiger:county":"Scott, IA","tiger:name_base":"Marquette","tiger:name_direction_prefix":"N","tiger:name_type":"St","tiger:reviewed":"no"},"geometry":{"type":"LineString","coordinates":[[-90.591462,41.534025],[-90.591461,41.534249],[-90.591458,41.534763],[-90.591456,41.535067],[-90.591455,41.535286],[-90.591452,41.535798],[-90.591449,41.536134],[-90.591445,41.536327],[-90.591435,41.536845],[-90.591428,41.537184],[-90.5914152,41.5378122],[-90.5914121,41.5379614],[-90.591406,41.538263]]}},{"type":"Feature","properties":{"id":"way/1500876398","highway":"secondary","lanes":"4","maxspeed":"35 mph","name":"West Locust Street","ref":"US 6 Hist","tiger:cfcc":"A41","tiger:county":"Scott, IA","tiger:name_base":"Locust","tiger:name_direction_prefix":"W","tiger:name_type":"St","tiger:reviewed":"no","tiger:zip_left":"52804","tiger:zip_right":"52804"},"geometry":{"type":"LineString","coordinates":[[-90.5836726,41.5382752],[-90.584302,41.538273],[-90.585736,41.538268],[-90.5872812,41.5382597],[-90.587972,41.538259],[-90.5886897,41.5382505],[-90.5888588,41.5382535],[-90.5900615,41.5382538],[-90.590754,41.5382609],[-90.591406,41.538263]]}},{"type":"Feature","properties":{"id":"way/1501391293","highway":"service"},"geometry":{"type":"LineString","coordinates":[[-90.5962628,41.5371035],[-90.595981,41.5370981],[-90.5959144,41.5370802],[-90.5959002,41.5370092],[-90.5958763,41.5368772]]}},{"type":"Feature","properties":{"id":"way/1501421596","highway":"service"},"geometry":{"type":"LineString","coordinates":[[-90.5966785,41.5209163],[-90.5966267,41.5207692],[-90.5962709,41.5208308],[-90.5963077,41.5209704]]}},{"type":"Feature","properties":{"id":"way/1503027125","highway":"tertiary","maxspeed":"30 mph","name":"Warren Street","surface":"asphalt","tiger:cfcc":"A41","tiger:county":"Scott, IA","tiger:name_base":"Warren","tiger:name_type":"St","tiger:reviewed":"no","tiger:zip_left":"52804","tiger:zip_right":"52804"},"geometry":{"type":"LineString","coordinates":[[-90.5859677,41.5201567],[-90.5859728,41.5202455],[-90.5859744,41.5202898],[-90.5859622,41.5207443],[-90.5859615,41.5208998],[-90.5859507,41.5212116],[-90.5859508,41.5213099],[-90.5859511,41.5214022],[-90.5859458,41.5218423],[-90.5859344,41.5224015],[-90.5859225,41.5229512],[-90.5859181,41.5235092]]}},{"type":"Feature","properties":{"id":"way/1503027126","highway":"secondary","lanes":"3","maxspeed":"35 mph","name":"West 4th Street","oneway":"yes","tiger:cfcc":"A41","tiger:county":"Scott, IA","tiger:name_base":"4th","tiger:name_direction_prefix":"W","tiger:name_type":"St","tiger:zip_left":"52802","tiger:zip_right":"52802"},"geometry":{"type":"LineString","coordinates":[[-90.5859181,41.5235092],[-90.5891781,41.5234818],[-90.5909137,41.523474]]}},{"type":"Feature","properties":{"id":"way/1503248606","alt_name":"North Main Street","highway":"tertiary","lanes":"2","maxspeed":"30 mph","maxweight":"7 st","name":"Main Street","ref":"US 6 Hist","source:maxweight":"https://ecode360.com/39603137#39603137","tiger:cfcc":"A41","tiger:county":"Scott, IA","tiger:name_base":"Main","tiger:name_direction_prefix":"N","tiger:name_type":"St","tiger:reviewed":"no","tiger:zip_left":"52803","tiger:zip_right":"52803"},"geometry":{"type":"LineString","coordinates":[[-90.5755627,41.5246501],[-90.5755606,41.5250551],[-90.5755609,41.5251759],[-90.5755576,41.5252866],[-90.575562,41.525725],[-90.5755618,41.525937],[-90.5755616,41.5262704],[-90.5755631,41.5263216],[-90.5755676,41.5264817],[-90.5755773,41.52682]]}},{"type":"Feature","properties":{"id":"way/1503248607","NHS":"yes","highway":"primary","lanes":"4","maxspeed":"35 mph","name":"East River Drive","oneway":"yes","ref":"US 67","sidewalk:both":"separate","tiger:cfcc":"A21","tiger:county":"Scott, IA","tiger:name_base":"River","tiger:name_base_1":"United States Highway 67","tiger:name_direction_prefix":"E","tiger:name_type":"Dr","tiger:reviewed":"no","tiger:zip_left":"52803","tiger:zip_right":"52803"},"geometry":{"type":"LineString","coordinates":[[-90.5741243,41.5201791],[-90.5740027,41.5201811],[-90.5727834,41.5202012],[-90.5726511,41.5202032]]}},{"type":"Feature","properties":{"id":"way/1503248608","alt_name":"North Perry Street","highway":"tertiary","lanes":"2","maxspeed":"25 mph","name":"Perry Street","sidewalk:both":"separate","surface":"asphalt","tiger:cfcc":"A41","tiger:county":"Scott, IA","tiger:name_base":"Perry","tiger:name_base_1":"Perry","tiger:name_direction_prefix_1":"N","tiger:name_type":"St","tiger:name_type_1":"St","tiger:reviewed":"no","tiger:zip_left":"52801","tiger:zip_right":"52803"},"geometry":{"type":"LineString","coordinates":[[-90.5726511,41.5202032],[-90.5726511,41.520299]]}},{"type":"Feature","properties":{"id":"way/1503249540","highway":"service","oneway":"no","service":"parking_aisle"},"geometry":{"type":"LineString","coordinates":[[-90.5769227,41.510088],[-90.5768593,41.509915],[-90.5767944,41.5097378]]}},{"type":"Feature","properties":{"id":"way/1503249541","highway":"service","oneway":"no","service":"parking_aisle"},"geometry":{"type":"LineString","coordinates":[[-90.5769227,41.510088],[-90.5767068,41.5101375]]}},{"type":"Feature","properties":{"id":"way/1503249542","highway":"service","oneway":"no","service":"parking_aisle"},"geometry":{"type":"LineString","coordinates":[[-90.5768593,41.509915],[-90.5764182,41.5100154]]}},{"type":"Feature","properties":{"id":"way/1503251660","highway":"service"},"geometry":{"type":"LineString","coordinates":[[-90.5772238,41.5217077],[-90.5770498,41.5217096]]}},{"type":"Feature","properties":{"id":"way/1503251661","highway":"service"},"geometry":{"type":"LineString","coordinates":[[-90.577225,41.5216022],[-90.5770504,41.5216022]]}},{"type":"Feature","properties":{"id":"way/1505839552","highway":"residential","maxspeed":"25 mph","name":"West 5th Street","surface":"brick","tiger:cfcc":"A41","tiger:county":"Scott, IA","tiger:name_base":"5th","tiger:name_direction_prefix":"W","tiger:name_type":"St","tiger:reviewed":"no","tiger:zip_left":"52802","tiger:zip_right":"52802"},"geometry":{"type":"LineString","coordinates":[[-90.579972,41.5246456],[-90.5814613,41.5246441]]}},{"type":"Feature","properties":{"id":"way/1505839553","highway":"residential","maxspeed":"25 mph","maxweightrating:hgv":"7 st","name":"West 5th Street","surface":"brick","tiger:cfcc":"A41","tiger:county":"Scott, IA","tiger:name_base":"5th","tiger:name_direction_prefix":"W","tiger:name_type":"St","tiger:reviewed":"no","tiger:zip_left":"52802","tiger:zip_right":"52802"},"geometry":{"type":"LineString","coordinates":[[-90.5814613,41.5246441],[-90.5829601,41.5246426]]}},{"type":"Feature","properties":{"id":"way/1505866192","highway":"secondary","lanes":"4","maxspeed":"30 mph","name":"West Central Park Avenue","surface":"asphalt"},"geometry":{"type":"LineString","coordinates":[[-90.5733203,41.5455185],[-90.575193,41.545516],[-90.575776,41.54552],[-90.576951,41.545529]]}},{"type":"Feature","properties":{"id":"way/1505898121","highway":"service"},"geometry":{"type":"LineString","coordinates":[[-90.547193,41.5307118],[-90.5469681,41.530197],[-90.5478599,41.5298694]]}},{"type":"Feature","properties":{"id":"way/1505898122","highway":"service"},"geometry":{"type":"LineString","coordinates":[[-90.5469681,41.530197],[-90.5469348,41.5300424]]}},{"type":"Feature","properties":{"id":"way/1505898123","highway":"service"},"geometry":{"type":"LineString","coordinates":[[-90.5469681,41.530197],[-90.5466685,41.5302658],[-90.546664,41.5305289],[-90.5464959,41.5305267]]}},{"type":"Feature","properties":{"id":"way/1506897841","highway":"residential","lanes":"2","maxspeed":"25 mph","maxweightrating:hgv":"7 st","name":"Fillmore Street","tiger:cfcc":"A41","tiger:county":"Scott, IA","tiger:name_base":"Fillmore","tiger:name_type":"St","tiger:reviewed":"no","tiger:zip_left":"52802","tiger:zip_right":"52802"},"geometry":{"type":"LineString","coordinates":[[-90.594294,41.527818],[-90.594289,41.528352]]}},{"type":"Feature","properties":{"id":"way/1506909381","highway":"residential","maxspeed":"25 mph","name":"West Pleasant Street","surface":"paved","tiger:cfcc":"A41","tiger:county":"Scott, IA","tiger:name_base":"Pleasant","tiger:name_direction_prefix":"W","tiger:name_type":"St","tiger:reviewed":"no"},"geometry":{"type":"LineString","coordinates":[[-90.585723,41.539474],[-90.5858489,41.5394742],[-90.586551,41.539475],[-90.587238,41.539475],[-90.587942,41.539476],[-90.5886032,41.5394762],[-90.5886587,41.5394762],[-90.5887225,41.5394759],[-90.5893518,41.5394731],[-90.5899717,41.5394713],[-90.5900512,41.5394711],[-90.5901399,41.5394709],[-90.5907438,41.5394693],[-90.5912518,41.5394715],[-90.5912979,41.5394717],[-90.59138,41.539472]]}},{"type":"Feature","properties":{"id":"way/1506909382","highway":"residential","maxspeed":"25 mph","maxweightrating:hgv":"7 st","name":"West Pleasant Street","surface":"paved","tiger:cfcc":"A41","tiger:county":"Scott, IA","tiger:name_base":"Pleasant","tiger:name_direction_prefix":"W","tiger:name_type":"St","tiger:reviewed":"no"},"geometry":{"type":"LineString","coordinates":[[-90.59138,41.539472],[-90.5915339,41.5394724],[-90.592171,41.539474],[-90.592673,41.539469],[-90.593122,41.539469],[-90.5936766,41.5394673],[-90.593763,41.539467]]}},{"type":"Feature","properties":{"id":"way/1507656596","NHS":"yes","bridge":"yes","hgv":"designated","hgv:national_network":"yes","highway":"primary","lanes":"2","layer":"1","maxspeed":"30 mph","name":"15th Street","oneway":"yes","ref":"US 67","source:hgv:national_network":"Title 23: Highways Part 658 http://ecfr.gpoaccess.gov/cgi/t/text/text-idx?c=ecfr&rgn=div5&view=text&node=23:1.0.1.7.33&idno=23","tiger:cfcc":"A21","tiger:county":"Rock Island, IL","tiger:name_base":"Rock Island Centennial","tiger:name_type":"Brg"},"geometry":{"type":"LineString","coordinates":[[-90.5795539,41.5109947],[-90.5794707,41.5107885]]}},{"type":"Feature","properties":{"id":"way/1507656597","NHS":"yes","hgv":"designated","highway":"trunk","lanes":"2","maxspeed":"30 mph","name":"15th Street","oneway":"yes","ref":"US 67","source:hgv":"https://gis-idot.opendata.arcgis.com/datasets/IDOT::designated-truck-routes-state-jurisdiction-truck-route/explore?location=40.542466%2C-88.991188%2C14.60;https://www.gettingaroundillinois.com/MapViewer/?config=DTRconfig.json","tiger:cfcc":"A21","tiger:county":"Rock Island, IL","tiger:name_base":"15th","tiger:name_type":"St","tiger:reviewed":"no"},"geometry":{"type":"LineString","coordinates":[[-90.5793801,41.510753],[-90.5793809,41.5108067]]}},{"type":"Feature","properties":{"id":"way/1507656599","highway":"tertiary","maxspeed":"25 mph","name":"Leclaire Street","sidewalk:both":"separate","surface":"asphalt","tiger:cfcc":"A41","tiger:county":"Scott, IA","tiger:name_base":"Leclaire","tiger:name_type":"St","tiger:reviewed":"no","tiger:zip_left":"52803","tiger:zip_right":"52803"},"geometry":{"type":"LineString","coordinates":[[-90.5682953,41.5215978],[-90.5682704,41.5221127],[-90.5682608,41.522313],[-90.5682567,41.5223964]]}},{"type":"Feature","properties":{"id":"way/1507657127","highway":"tertiary","maxspeed":"25 mph","maxweight":"7 st","name":"West 2nd Street","source:maxweight":"https://ecode360.com/39603137#39603137","surface":"asphalt","tiger:cfcc":"A41","tiger:county":"Scott, IA","tiger:name_base":"2nd","tiger:name_direction_prefix":"W","tiger:name_type":"St","tiger:reviewed":"no","tiger:zip_left":"52802","tiger:zip_right":"52802"},"geometry":{"type":"LineString","coordinates":[[-90.574093,41.521318],[-90.5742279,41.521318],[-90.5754761,41.5213182],[-90.5756,41.5213182],[-90.5757037,41.5213182],[-90.5760455,41.5213183],[-90.576336,41.5213183],[-90.5764683,41.5213183],[-90.5769272,41.5213184],[-90.577052,41.5213184]]}},{"type":"Feature","properties":{"id":"way/1507657128","NHS":"yes","highway":"trunk","lanes":"4","maxspeed":"25 mph","name":"Harrison Street","oneway":"yes","ref":"US 61 Business","surface":"asphalt","tiger:cfcc":"A25","tiger:county":"Scott, IA","tiger:name_base":"Harrison","tiger:name_base_1":"United States Highway 61","tiger:name_direction_prefix":"N","tiger:name_type":"St","tiger:zip_left":"52803","tiger:zip_right":"52803"},"geometry":{"type":"LineString","coordinates":[[-90.577052,41.5213184],[-90.5770517,41.5212336],[-90.5770507,41.521003],[-90.5770506,41.5209727],[-90.5770581,41.5208119],[-90.5770643,41.5203159],[-90.5770647,41.5202813]]}},{"type":"Feature","properties":{"id":"way/1507657129","highway":"secondary","maxspeed":"35 mph","maxweightrating:hgv":"7 st","name":"Marquette Street","tiger:cfcc":"A41","tiger:county":"Scott, IA","tiger:name_base":"Marquette","tiger:name_direction_prefix":"N","tiger:name_type":"St","tiger:reviewed":"no"},"geometry":{"type":"LineString","coordinates":[[-90.591233,41.545512],[-90.591214,41.546316],[-90.591202,41.547078],[-90.591191,41.547853],[-90.5911856,41.5482356],[-90.59118,41.548631],[-90.591161,41.549606],[-90.5911506,41.5501446],[-90.591123,41.5515751],[-90.591116,41.551663],[-90.5911107,41.5517435]]}},{"type":"Feature","properties":{"id":"way/1507657557","highway":"secondary","lanes":"3","maxspeed":"35 mph","name":"West 4th Street","oneway":"yes","tiger:cfcc":"A41","tiger:county":"Scott, IA","tiger:name_base":"4th","tiger:name_direction_prefix":"W","tiger:name_type":"St","tiger:zip_left":"52802","tiger:zip_right":"52802"},"geometry":{"type":"LineString","coordinates":[[-90.584453,41.523508],[-90.5859181,41.5235092]]}},{"type":"Feature","properties":{"id":"way/1507657558","highway":"residential","maxspeed":"25 mph","name":"Brown Street","tiger:cfcc":"A41","tiger:county":"Scott, IA","tiger:name_base":"Brown","tiger:name_type":"St","tiger:reviewed":"no","tiger:zip_left":"52804","tiger:zip_right":"52804"},"geometry":{"type":"LineString","coordinates":[[-90.584453,41.523508],[-90.5844448,41.5245757],[-90.584443,41.5246411]]}},{"type":"Feature","properties":{"id":"way/1507657918","highway":"secondary","lanes":"2","maxspeed":"35 mph","name":"Eastern Avenue","tiger:cfcc":"A41","tiger:county":"Scott, IA","tiger:name_base":"Eastern","tiger:name_type":"Ave","tiger:reviewed":"no","tiger:zip_left":"52807","tiger:zip_right":"52807"},"geometry":{"type":"LineString","coordinates":[[-90.551443,41.549265],[-90.5514488,41.5497556]]}},{"type":"Feature","properties":{"id":"way/1508808153","highway":"tertiary","lanes":"2","maxspeed":"30 mph","name":"West Lombard Street","tiger:cfcc":"A41","tiger:county":"Scott, IA","tiger:name_base":"Lombard","tiger:name_direction_prefix":"W","tiger:name_type":"St","tiger:reviewed":"no","tiger:zip_left":"52804"},"geometry":{"type":"LineString","coordinates":[[-90.573711,41.541911],[-90.5738713,41.541912],[-90.574212,41.541914],[-90.5754796,41.5419137],[-90.5755846,41.5419137],[-90.5764536,41.541926],[-90.5767131,41.5419164],[-90.5770118,41.5418815],[-90.5772707,41.5418647],[-90.5774628,41.5418538],[-90.5778758,41.541846],[-90.5785226,41.5418426],[-90.579187,41.5418471],[-90.5798944,41.5418469],[-90.5800245,41.5418525],[-90.5802593,41.5418615],[-90.5803589,41.5418646],[-90.5804875,41.5418642],[-90.5810845,41.5418648],[-90.5816705,41.5418637],[-90.5818146,41.5418621],[-90.5820571,41.5418642],[-90.5826179,41.5418651],[-90.5827992,41.5418703]]}},{"type":"Feature","properties":{"id":"way/1508811426","highway":"residential","maxspeed":"25 mph","maxweightrating:hgv":"7 st","name":"Iowa Street","tiger:cfcc":"A41","tiger:county":"Scott, IA","tiger:name_base":"Iowa","tiger:name_type":"St","tiger:reviewed":"no","tiger:zip_left":"52803","tiger:zip_left_1":"52803","tiger:zip_right":"52803","tiger:zip_right_1":"52803"},"geometry":{"type":"LineString","coordinates":[[-90.5697137,41.5361153],[-90.5696968,41.5362219],[-90.5696973,41.536302],[-90.5696999,41.536744],[-90.5696979,41.5371601],[-90.5697048,41.5378167],[-90.5697096,41.538281]]}},{"type":"Feature","properties":{"id":"way/1508811427","highway":"residential","maxspeed":"25 mph","name":"Iowa Street","surface":"paved","tiger:cfcc":"A41","tiger:county":"Scott, IA","tiger:name_base":"Iowa","tiger:name_type":"St","tiger:reviewed":"no","tiger:zip_left":"52803","tiger:zip_left_1":"52803","tiger:zip_right":"52803","tiger:zip_right_1":"52803"},"geometry":{"type":"LineString","coordinates":[[-90.56971,41.523494],[-90.5697097,41.5235977],[-90.569708,41.523986],[-90.5697065,41.5240632],[-90.569703,41.524629],[-90.5697028,41.5246533],[-90.569702,41.524738],[-90.5696922,41.5252686],[-90.5696928,41.5253617],[-90.569695,41.525697]]}},{"type":"Feature","properties":{"id":"way/1508813190","highway":"residential","maxspeed":"25 mph","maxweightrating:hgv":"7 st","name":"West Garfield Street","tiger:cfcc":"A41","tiger:county":"Scott, IA","tiger:name_base":"Garfield","tiger:name_direction_prefix":"W","tiger:name_type":"St","tiger:reviewed":"no","tiger:zip_left":"52803","tiger:zip_right":"52803"},"geometry":{"type":"LineString","coordinates":[[-90.573229,41.548617],[-90.573836,41.548621],[-90.574409,41.548625],[-90.57507,41.548629],[-90.575729,41.548634],[-90.576042,41.548636],[-90.576126,41.548637],[-90.576713,41.548635]]}},{"type":"Feature","properties":{"id":"way/1508819850","highway":"residential","maxspeed":"25 mph","name":"East 6th Street","surface":"paved","tiger:cfcc":"A41","tiger:county":"Scott, IA","tiger:name_base":"6th","tiger:name_direction_prefix":"E","tiger:name_type":"St","tiger:reviewed":"no","tiger:zip_left":"52803","tiger:zip_right":"52803"},"geometry":{"type":"LineString","coordinates":[[-90.5667647,41.5256791],[-90.5662725,41.5256827],[-90.566162,41.5257134],[-90.5660032,41.5257756],[-90.5647306,41.526316],[-90.564258,41.526528],[-90.563011,41.527009],[-90.5624665,41.5272484],[-90.562162,41.527368],[-90.562069,41.527401],[-90.561744,41.527477],[-90.5615285,41.5275055],[-90.5614665,41.5275107]]}},{"type":"Feature","properties":{"id":"way/1508899341","highway":"tertiary","lanes":"2","maxspeed":"25 mph","maxweight":"7 st","name":"Washington Street","source:maxweight":"https://ecode360.com/39603137#39603137","tiger:cfcc":"A41","tiger:county":"Scott, IA","tiger:name_base":"Washington","tiger:name_type":"St","tiger:reviewed":"no","tiger:zip_left":"52804","tiger:zip_right":"52804"},"geometry":{"type":"LineString","coordinates":[[-90.5963451,41.5306703],[-90.5963584,41.5307731],[-90.5963286,41.5311464],[-90.596316,41.531652],[-90.5963,41.53218],[-90.596301,41.532701]]}},{"type":"Feature","properties":{"id":"way/1509246539","highway":"service"},"geometry":{"type":"LineString","coordinates":[[-90.5871206,41.5345575],[-90.5871231,41.5348747],[-90.5866508,41.5348768]]}},{"type":"Feature","properties":{"id":"way/1509246540","highway":"service"},"geometry":{"type":"LineString","coordinates":[[-90.5860787,41.534561],[-90.5860777,41.5346763]]}},{"type":"Feature","properties":{"id":"way/1509814434","highway":"tertiary","lanes":"2","maxspeed":"30 mph","name":"East 29th Street","oneway":"no","tiger:cfcc":"A41","tiger:county":"Scott, IA","tiger:name_base":"29th","tiger:name_direction_prefix":"E","tiger:name_type":"St","tiger:reviewed":"no","tiger:zip_left":"52803","tiger:zip_right":"52803"},"geometry":{"type":"LineString","coordinates":[[-90.5709113,41.5491791],[-90.570501,41.5491725],[-90.5700289,41.5491648]]}},{"type":"Feature","properties":{"id":"way/1509814435","highway":"service","oneway":"no"},"geometry":{"type":"LineString","coordinates":[[-90.5706918,41.5496948],[-90.5700517,41.5496968],[-90.5700656,41.5499445]]}},{"type":"Feature","properties":{"id":"way/1509814436","highway":"service","oneway":"no"},"geometry":{"type":"LineString","coordinates":[[-90.5700656,41.5499445],[-90.5705998,41.5499331]]}},{"type":"Feature","properties":{"id":"way/1509814437","highway":"service"},"geometry":{"type":"LineString","coordinates":[[-90.5700656,41.5499445],[-90.5700763,41.5501354]]}},{"type":"Feature","properties":{"id":"way/1510192324","golf":"cartpath","golf_cart":"designated","highway":"service"},"geometry":{"type":"LineString","coordinates":[[-90.541963,41.5208871],[-90.5418235,41.5209875],[-90.5416761,41.5210414],[-90.5414091,41.5211401]]}},{"type":"Feature","properties":{"id":"way/1510282326","NHS":"yes","highway":"trunk","lanes":"4","maxspeed":"35 mph","name":"Brady Street","oneway":"yes","ref":"US 61 Business","surface":"asphalt","tiger:cfcc":"A25","tiger:county":"Scott, IA","tiger:name_base":"Brady","tiger:name_base_1":"United States Highway 61","tiger:name_type":"St","tiger:zip_left":"52803","tiger:zip_right":"52803"},"geometry":{"type":"LineString","coordinates":[[-90.5740781,41.5246516],[-90.574078,41.5251739],[-90.574078,41.5252542],[-90.574078,41.5252886],[-90.574078,41.525345],[-90.5740775,41.5253787],[-90.5740749,41.5255394],[-90.574072,41.525716],[-90.5740627,41.5262786],[-90.574054,41.526805],[-90.574053,41.5268836],[-90.5740418,41.5277207],[-90.574036,41.528157],[-90.574034,41.529275],[-90.574032,41.530053],[-90.5740311,41.5305267],[-90.574031,41.530576],[-90.5740303,41.5308935],[-90.5740298,41.5316006],[-90.5740282,41.5318281],[-90.574028,41.53193],[-90.574029,41.532002],[-90.5740398,41.5323686],[-90.5740436,41.5324999],[-90.5740463,41.5325914],[-90.5740475,41.5326328],[-90.574056,41.532921],[-90.5740594,41.5330605],[-90.574053,41.533913],[-90.574055,41.534069],[-90.574057,41.534907]]}},{"type":"Feature","properties":{"id":"way/1510282327","NHS":"yes","highway":"trunk","lanes":"4","maxspeed":"35 mph","name":"Brady Street","oneway":"no","ref":"US 61 Business","surface":"asphalt","tiger:cfcc":"A25","tiger:county":"Scott, IA","tiger:name_base":"Brady","tiger:name_base_1":"United States Highway 61","tiger:name_type":"St","tiger:zip_left":"52803","tiger:zip_right":"52803"},"geometry":{"type":"LineString","coordinates":[[-90.574057,41.534907],[-90.574055,41.535125]]}},{"type":"Feature","properties":{"id":"way/1510774373","highway":"service"},"geometry":{"type":"LineString","coordinates":[[-90.5865266,41.5480422],[-90.5860524,41.5480168],[-90.5859137,41.5480164],[-90.5853577,41.5480146],[-90.5852019,41.5480368],[-90.5850285,41.5481655],[-90.5848162,41.5482953],[-90.5847914,41.5484278],[-90.5847949,41.5486662]]}}]}